-- MySQL dump 10.13  Distrib 5.7.26, for Linux (x86_64)
--
-- Host: localhost    Database: omnee
-- ------------------------------------------------------
-- Server version	5.7.26-0ubuntu0.16.04.1

/*!40101 SET @OLD_CHARACTER_SET_CLIENT=@@CHARACTER_SET_CLIENT */;
/*!40101 SET @OLD_CHARACTER_SET_RESULTS=@@CHARACTER_SET_RESULTS */;
/*!40101 SET @OLD_COLLATION_CONNECTION=@@COLLATION_CONNECTION */;
/*!40101 SET NAMES utf8 */;
/*!40103 SET @OLD_TIME_ZONE=@@TIME_ZONE */;
/*!40103 SET TIME_ZONE='+00:00' */;
/*!40014 SET @OLD_UNIQUE_CHECKS=@@UNIQUE_CHECKS, UNIQUE_CHECKS=0 */;
/*!40014 SET @OLD_FOREIGN_KEY_CHECKS=@@FOREIGN_KEY_CHECKS, FOREIGN_KEY_CHECKS=0 */;
/*!40101 SET @OLD_SQL_MODE=@@SQL_MODE, SQL_MODE='NO_AUTO_VALUE_ON_ZERO' */;
/*!40111 SET @OLD_SQL_NOTES=@@SQL_NOTES, SQL_NOTES=0 */;

--
-- Table structure for table `api_services`
--

DROP TABLE IF EXISTS `api_services`;
/*!40101 SET @saved_cs_client     = @@character_set_client */;
/*!40101 SET character_set_client = utf8 */;
CREATE TABLE `api_services` (
  `id` int(10) unsigned NOT NULL AUTO_INCREMENT,
  `name` varchar(255) COLLATE utf8mb4_unicode_ci DEFAULT NULL,
  `url` varchar(255) COLLATE utf8mb4_unicode_ci DEFAULT NULL,
  `method` varchar(255) COLLATE utf8mb4_unicode_ci NOT NULL DEFAULT 'GET',
  `headers` varchar(255) COLLATE utf8mb4_unicode_ci DEFAULT NULL,
  `parameter` text COLLATE utf8mb4_unicode_ci,
  `description` text COLLATE utf8mb4_unicode_ci,
  `created_at` timestamp NULL DEFAULT NULL,
  `updated_at` timestamp NULL DEFAULT NULL,
  PRIMARY KEY (`id`)
) ENGINE=InnoDB AUTO_INCREMENT=50 DEFAULT CHARSET=utf8mb4 COLLATE=utf8mb4_unicode_ci;
/*!40101 SET character_set_client = @saved_cs_client */;

--
-- Dumping data for table `api_services`
--

LOCK TABLES `api_services` WRITE;
/*!40000 ALTER TABLE `api_services` DISABLE KEYS */;
INSERT INTO `api_services` VALUES (1,'Login','api/login','POST','','email | password | device_id | logged_in_ip','role: customer or provider\r\nif role is not send we will consider customer role','2019-03-14 01:12:37',NULL),(2,'Register','api/register','POST','','name | email | password | mobile | gender | age | is_terms | platform | device_id','platform -> 1 = Android , 2 = IOS','2019-03-14 01:12:37',NULL),(3,'Edit Profile','api/user/editprofile','POST','Accept | Authorization','name | mobile | gender | age',NULL,'2019-03-14 01:12:37',NULL),(4,'Change Password','api/user/changepassword','POST','Accept | Authorization','passsword',NULL,'2019-03-14 01:12:37',NULL),(5,'Reset Password','api/forgot/password','POST','','email',NULL,'2019-03-14 01:12:37',NULL),(6,'Add Property','api/user/add_property','POST','Accept | Authorization','name | address | apt_no',NULL,'2019-03-14 01:12:37',NULL),(7,'Get Property','api/user/properties','GET','Accept | Authorization','',NULL,'2019-03-14 01:12:37',NULL),(8,'Get Subscription','api/user/subscription','GET','Accept | Authorization','',NULL,'2019-03-14 01:12:37',NULL),(9,'Get Cities','api/get/city','GET','','',NULL,'2019-03-14 01:12:37',NULL),(10,'Add User Card','api/user/add/card','POST','Accept | Authorization','holder_name | card_number | expiry_month | expiry_year','Month Format -> 11 & Year Format -> 2019','2019-03-14 01:12:37',NULL),(11,'User Get Card','api/user/cardlist','POST','Accept | Authorization','',NULL,'2019-03-14 01:12:37',NULL),(12,'Delete User Card','api/user/deletecard','POST','Accept | Authorization','card_id',NULL,'2019-03-14 01:12:37',NULL),(13,'Get all active category with sub-category','api/user/get/category','GET','Accept | Authorization','','send search text in url api/get/category/{search_text}','2019-03-14 01:12:37',NULL),(14,'Update User Property','api/user/update_property','POST','Accept | Authorization','property_id | name | address | apt_no | status',NULL,'2019-03-14 01:12:37',NULL),(15,'Rating List','api/user/ratinglist','GET','Accept | Authorization','',NULL,'2019-03-14 01:12:37',NULL),(16,'Add Tenants','api/user/addtenants','POST','Accept | Authorization','property_id | name | email | mobile | gender | age | status | platform',NULL,'2019-03-14 01:12:37',NULL),(17,'Tenants List','api/user/tenants','POST','Accept | Authorization','',NULL,'2019-03-14 01:12:37',NULL),(18,'Contact Us','api/user/contactus','POST','Accept | Authorization','name | email | mobile | reason | comment',NULL,'2019-03-14 01:12:37',NULL),(19,'Sub category detail with top rated service provider','api/get/subcategorydetail/{subcategory_id}','GET','Accept | Authorization','subcategory_id',NULL,'2019-03-14 01:12:37',NULL),(20,'Static Pages Detail (About, Terms & Conditions, FAQs)','api/pages','GET','','',NULL,'2019-03-14 01:12:37',NULL),(21,'Add Job','api/user/addjob','POST','Accept | Authorization','property_id | category_id | sub_category_id | vendor_id | mobile_number | prefered_method | description\r\n','if(One time booking form) requested_date | requested_time OR if(On Going Booking Form) frequency | start_date | end_date | repeat_on\r\n','2019-03-14 01:12:37',NULL),(22,'Add Job Image','api/user/addjobimages','POST','Accept | Authorization','job_id | image',NULL,'2019-03-14 01:12:37',NULL),(23,'Delete Property','api/user/delete/property','POST','Accept | Authorization ','property_id',NULL,NULL,NULL),(24,'User Job Status','api/user/jobstatus','GET','Accept | Authorization',NULL,NULL,NULL,NULL),(25,'Job Timeline','api/user/jobdetailtracklist','POST','Accept | Authorization','job_id',NULL,NULL,NULL),(26,'Open Job','api/provider/openjob','GET','Accept | Authorization',NULL,NULL,NULL,NULL),(27,'Accept Job','api/provider/acceptjob','POST','Accept | Authorization','job_id',NULL,NULL,NULL),(28,'Reject Job','api/provider/rejectjob','POST','Accept | Authorization','job_id',NULL,NULL,NULL),(29,'Add Job Quotation','api/provider/addjobquotation','POST','Accept | Authorization','job_id | quotation_item | agreed_on | agreed_at | deposite_amount | tax_rate','Quotation item format : [{\"name\":\"abc\",\"cost\":100},{\"name\":\"abc\",\"cost\":100}]',NULL,NULL),(30,'Quotation Detail','api/user/quotationapproval','POST','Accept | Authorization','vendor_id | job_id',NULL,NULL,NULL),(31,'Quotation Approval','api/provider/quotationapproval','POST','Accept | Authorization','vendor_id | job_id | status',NULL,NULL,NULL),(32,'In Progress Job','api/provider/inprogressjob','POST','Accept | Authorization','job_id',NULL,NULL,NULL),(33,'Check in/Check Out','api/provider/checkin_out','POST','Accept | Authorization','job_id | type','type => checkin | checkout',NULL,NULL),(36,'Provider Detail Page','api/user/providerraringlist/{provider_id}','GET','Accept | Authorization','provider_id',NULL,NULL,NULL),(37,'Add Rating','api/user/addrating','POST','Accept | Authorization','job_id | rating_to | rating | review_text',NULL,NULL,NULL),(38,'Provider Listing (Get Quote Screen Dropdown)','api/user/get/providerlisting/{sub_category_id}','GET','Accept | Authorization','sub_category_id',NULL,NULL,NULL),(39,'Get user current subscription plan','api/user/usersubscription','GET','Accept | Authorization',NULL,NULL,NULL,NULL),(40,'Edit Tenant','api/user/edittenants','POST','Accept | Authorization','tenant_id | property_id | name | mobile | gender | age | platform',NULL,NULL,NULL),(41,'Job Detail','api/get/jobdetail','POST','Accept | Authorization','job_id',NULL,NULL,NULL),(42,'Completed Job','api/provider/completedjob','GET','Accept | Authorization',NULL,NULL,NULL,NULL),(43,'Add Employee','api/provider/addemployee','POST','Accept | Authorization ','first_name | last_name | email | mobile | employee_code | platform','platform -> 1 = Android , 2 = IOS',NULL,NULL),(44,'Get Employee List','api/provider/getemployee','GET','Accept | Authorization',NULL,NULL,NULL,NULL),(45,'Edit Employee','api/provider/editemployee','POST','Accept | Authorization','user_id | first_name | last_name | email | platform','platform -> 1 = Android , 2 = IOS',NULL,NULL),(46,'Save user subscription plan','api/user/savesubscription','POST','Accept | Authorization','subscription_id',NULL,NULL,NULL),(47,'Assign Employee ','api/provider/assignemployee','POST','Accept | Authorization','job_id | employee_id',NULL,NULL,NULL),(48,'checkin_out_details','api/provider/get/checkin_out_details','POST','Accept | Authorization','job_id ','checkin out details\r\nuse same for user side as well\r\napi/user/checkin_out','2019-03-25 12:11:56',NULL),(49,'Select User Card','api/user/selectcard','POST','Accept | Authorization','card_id',NULL,'2019-05-06 06:42:37',NULL);
/*!40000 ALTER TABLE `api_services` ENABLE KEYS */;
UNLOCK TABLES;

--
-- Table structure for table `authentication_log`
--

DROP TABLE IF EXISTS `authentication_log`;
/*!40101 SET @saved_cs_client     = @@character_set_client */;
/*!40101 SET character_set_client = utf8 */;
CREATE TABLE `authentication_log` (
  `id` bigint(20) unsigned NOT NULL AUTO_INCREMENT,
  `authenticatable_type` varchar(191) COLLATE utf8mb4_unicode_ci NOT NULL,
  `authenticatable_id` bigint(20) unsigned NOT NULL,
  `ip_address` varchar(45) COLLATE utf8mb4_unicode_ci DEFAULT NULL,
  `user_agent` text COLLATE utf8mb4_unicode_ci,
  `login_at` timestamp NULL DEFAULT NULL,
  `logout_at` timestamp NULL DEFAULT NULL,
  PRIMARY KEY (`id`),
  KEY `authentication_log_authenticatable_type_authenticatable_id_index` (`authenticatable_type`,`authenticatable_id`)
) ENGINE=InnoDB AUTO_INCREMENT=191 DEFAULT CHARSET=utf8mb4 COLLATE=utf8mb4_unicode_ci;
/*!40101 SET character_set_client = @saved_cs_client */;

--
-- Dumping data for table `authentication_log`
--

LOCK TABLES `authentication_log` WRITE;
/*!40000 ALTER TABLE `authentication_log` DISABLE KEYS */;
INSERT INTO `authentication_log` VALUES (7,'App\\User',429,'124.123.214.159','Linux ip-172-31-17-1 4.4.0-1079-aws #89-Ubuntu SMP Tue Mar 26 15:25:52 UTC 2019 x86_64<br>Google Chrome','2019-04-30 02:00:52',NULL),(8,'App\\User',429,'124.123.214.159','Linux ip-172-31-17-1 4.4.0-1079-aws #89-Ubuntu SMP Tue Mar 26 15:25:52 UTC 2019 x86_64<br>Google Chrome','2019-04-30 02:01:04',NULL),(9,'App\\User',450,'124.123.214.159','Linux ip-172-31-17-1 4.4.0-1079-aws #89-Ubuntu SMP Tue Mar 26 15:25:52 UTC 2019 x86_64<br>Google Chrome','2019-04-30 02:03:00',NULL),(10,'App\\User',450,'124.123.214.159','Linux ip-172-31-17-1 4.4.0-1079-aws #89-Ubuntu SMP Tue Mar 26 15:25:52 UTC 2019 x86_64<br>Google Chrome','2019-04-30 02:03:09',NULL),(11,'App\\User',584,'103.81.93.247','Linux ip-172-31-17-1 4.4.0-1079-aws #89-Ubuntu SMP Tue Mar 26 15:25:52 UTC 2019 x86_64<br>Google Chrome','2019-04-30 02:03:16',NULL),(12,'App\\User',421,'103.81.93.247','Linux ip-172-31-17-1 4.4.0-1079-aws #89-Ubuntu SMP Tue Mar 26 15:25:52 UTC 2019 x86_64<br>Google Chrome','2019-04-30 02:03:38',NULL),(14,'App\\User',425,'103.81.93.247','<br>Unknown','2019-04-30 02:05:23',NULL),(15,'App\\User',450,'124.123.214.159','<br>Unknown','2019-04-30 02:05:28',NULL),(16,'App\\User',1,'103.81.93.247','Windows 7<br>Google Chrome',NULL,'2019-04-30 02:06:21'),(18,'App\\User',596,'157.32.8.106','<br>Unknown','2019-04-30 02:07:04',NULL),(19,'App\\User',421,'103.81.93.247','<br>Unknown','2019-04-30 02:07:20',NULL),(20,'App\\User',594,'157.32.148.250','<br>Unknown','2019-04-30 02:10:16',NULL),(21,'App\\User',593,'157.32.92.234','<br>Unknown','2019-04-30 02:10:46',NULL),(22,'App\\User',1,'103.94.194.141','Mac OS X<br>Google Chrome','2019-04-30 03:02:23',NULL),(23,'App\\User',1,'103.94.194.141','Mac OS X<br>Google Chrome','2019-04-30 03:02:24',NULL),(24,'App\\User',1,'103.81.93.247','Windows 7<br>Google Chrome','2019-04-30 03:15:12',NULL),(25,'App\\User',1,'124.123.214.159','Windows 10<br>Google Chrome','2019-04-30 03:48:40','2019-04-30 03:51:52'),(26,'App\\User',1,'124.123.214.159','Windows 7<br>Google Chrome','2019-04-30 03:51:19',NULL),(27,'App\\User',1,'124.123.214.159','Windows 7<br>Google Chrome','2019-04-30 03:51:20',NULL),(28,'App\\User',1,'124.123.214.159','Windows 10<br>Google Chrome','2019-04-30 03:52:16',NULL),(29,'App\\User',421,'103.81.93.247','<br>Unknown','2019-04-30 04:52:30',NULL),(30,'App\\User',425,'103.81.93.247','<br>Unknown','2019-04-30 04:53:19',NULL),(31,'App\\User',429,'124.123.214.159','Mac OS X<br>Google Chrome','2019-04-30 04:55:39',NULL),(32,'App\\User',1,'180.211.99.99','Windows 7<br>Google Chrome','2019-04-30 04:59:52',NULL),(33,'App\\User',1,'103.81.93.247','Windows 7<br>Google Chrome','2019-04-30 05:17:57','2019-04-30 08:39:19'),(35,'App\\User',596,'42.106.32.252','<br>Unknown','2019-04-30 05:44:37',NULL),(36,'App\\User',597,'42.106.32.252','<br>Unknown','2019-04-30 05:45:35',NULL),(37,'App\\User',593,'157.32.164.186','<br>Unknown','2019-04-30 06:36:09',NULL),(38,'App\\User',571,'124.123.214.159','<br>Unknown','2019-04-30 06:39:35',NULL),(39,'App\\User',1,'103.81.93.247','Windows 10<br>Google Chrome','2019-04-30 06:39:43',NULL),(40,'App\\User',581,'124.123.214.159','<br>Unknown','2019-04-30 06:40:11',NULL),(41,'App\\User',591,'157.32.164.186','<br>Unknown','2019-04-30 06:40:52',NULL),(42,'App\\User',591,'157.32.76.106','<br>Unknown','2019-04-30 06:41:02',NULL),(43,'App\\User',594,'157.32.164.186','<br>Unknown','2019-04-30 06:41:23',NULL),(44,'App\\User',421,'103.81.93.247','<br>Unknown','2019-04-30 08:03:37',NULL),(45,'App\\User',450,'106.77.79.37','<br>Unknown','2019-04-30 08:09:13',NULL),(46,'App\\User',421,'103.81.93.247','Windows 7<br>Google Chrome','2019-04-30 08:37:34',NULL),(47,'App\\User',596,'42.106.32.252','<br>Unknown','2019-04-30 08:39:25',NULL),(48,'App\\User',1,'103.81.93.247','Windows 7<br>Google Chrome','2019-04-30 08:39:45',NULL),(49,'App\\User',597,'42.106.32.252','<br>Unknown','2019-04-30 08:40:09',NULL),(50,'App\\User',1,'103.85.11.63','Windows 7<br>Google Chrome','2019-05-01 01:30:26',NULL),(51,'App\\User',1,'180.211.99.99','Windows 7<br>Google Chrome','2019-05-01 02:16:22',NULL),(52,'App\\User',1,'180.211.99.99','Windows 7<br>Google Chrome','2019-05-01 02:16:23',NULL),(53,'App\\User',599,'42.106.35.252','<br>Unknown','2019-05-01 03:51:33',NULL),(54,'App\\User',596,'42.106.35.252','<br>Unknown','2019-05-01 04:14:56',NULL),(55,'App\\User',450,'124.123.214.159','<br>Unknown','2019-05-01 04:31:57',NULL),(56,'App\\User',594,'157.32.86.52','<br>Unknown','2019-05-01 04:50:17',NULL),(57,'App\\User',589,'157.32.186.28','<br>Unknown','2019-05-01 04:50:51',NULL),(58,'App\\User',429,'124.123.214.159','<br>Unknown','2019-05-01 05:14:13',NULL),(59,'App\\User',597,'157.32.186.28','<br>Unknown','2019-05-01 05:17:49',NULL),(60,'App\\User',1,'103.85.11.63','Windows 7<br>Google Chrome','2019-05-01 05:21:05',NULL),(61,'App\\User',594,'157.32.186.28','<br>Unknown','2019-05-01 05:21:10',NULL),(62,'App\\User',597,'157.32.186.28','<br>Unknown','2019-05-01 05:38:31',NULL),(63,'App\\User',591,'157.32.86.52','<br>Unknown','2019-05-01 05:43:43',NULL),(64,'App\\User',594,'157.32.54.12','<br>Unknown','2019-05-01 05:43:56',NULL),(65,'App\\User',597,'157.32.86.52','<br>Unknown','2019-05-01 05:45:14',NULL),(66,'App\\User',425,'103.85.11.63','<br>Unknown','2019-05-01 05:57:40',NULL),(67,'App\\User',421,'103.85.11.63','<br>Unknown','2019-05-01 05:59:07',NULL),(68,'App\\User',594,'157.32.86.52','<br>Unknown','2019-05-01 06:03:14',NULL),(69,'App\\User',597,'157.32.54.12','<br>Unknown','2019-05-01 06:04:19',NULL),(70,'App\\User',421,'103.85.11.63','<br>Unknown','2019-05-01 06:04:28',NULL),(71,'App\\User',594,'157.32.186.28','<br>Unknown','2019-05-01 06:08:10',NULL),(72,'App\\User',597,'157.32.86.52','<br>Unknown','2019-05-01 06:11:49',NULL),(73,'App\\User',594,'157.32.186.28','<br>Unknown','2019-05-01 06:15:21',NULL),(74,'App\\User',421,'103.85.11.63','<br>Unknown','2019-05-01 06:40:13',NULL),(75,'App\\User',421,'103.85.11.63','<br>Unknown','2019-05-01 06:52:29',NULL),(76,'App\\User',421,'103.85.11.63','<br>Unknown','2019-05-01 07:03:33',NULL),(77,'App\\User',1,'180.211.99.99','Windows 7<br>Google Chrome','2019-05-01 07:17:03',NULL),(78,'App\\User',600,'42.106.35.252','<br>Unknown','2019-05-01 07:20:12',NULL),(79,'App\\User',599,'42.106.35.252','<br>Unknown','2019-05-01 07:20:51',NULL),(80,'App\\User',596,'157.32.42.196','<br>Unknown','2019-05-01 08:12:00',NULL),(81,'App\\User',596,'42.106.35.252','<br>Unknown','2019-05-01 08:13:45',NULL),(82,'App\\User',589,'157.32.186.28','<br>Unknown','2019-05-01 08:27:11',NULL),(83,'App\\User',599,'42.106.35.252','<br>Unknown','2019-05-01 08:29:01',NULL),(84,'App\\User',421,'103.85.8.123','Windows 7<br>Google Chrome','2019-05-02 00:36:58',NULL),(85,'App\\User',421,'103.85.8.123','Windows 7<br>Google Chrome','2019-05-02 00:37:18',NULL),(86,'App\\User',425,'103.85.8.123','Windows 7<br>Google Chrome','2019-05-02 00:39:22',NULL),(87,'App\\User',425,'103.85.8.123','Windows 7<br>Google Chrome','2019-05-02 00:40:23',NULL),(88,'App\\User',1,'180.211.99.99','Windows 7<br>Google Chrome','2019-05-02 02:50:11',NULL),(89,'App\\User',429,'103.85.8.123','<br>Unknown','2019-05-02 03:11:47',NULL),(90,'App\\User',594,'42.106.32.228','<br>Unknown','2019-05-02 03:21:19',NULL),(91,'App\\User',429,'27.61.139.148','<br>Unknown','2019-05-02 03:53:55',NULL),(92,'App\\User',1,'180.211.99.99','Windows 7<br>Google Chrome','2019-05-02 07:17:24',NULL),(93,'App\\User',1,'103.85.8.123','Windows 7<br>Google Chrome','2019-05-02 08:17:50',NULL),(94,'App\\User',1,'103.85.8.123','Mac OS X<br>Google Chrome','2019-05-02 08:18:05',NULL),(95,'App\\User',450,'103.81.93.130','Mac OS X<br>Google Chrome','2019-05-03 02:07:39',NULL),(96,'App\\User',450,'103.81.93.130','Mac OS X<br>Google Chrome','2019-05-03 02:18:03',NULL),(97,'App\\User',450,'103.81.93.130','Mac OS X<br>Google Chrome','2019-05-03 02:36:00',NULL),(98,'App\\User',1,'103.81.93.130','Windows 10<br>Google Chrome','2019-05-03 06:42:39',NULL),(99,'App\\User',1,'103.238.104.119','Windows 7<br>Google Chrome','2019-05-06 00:23:37',NULL),(100,'App\\User',1,'180.211.99.99','Windows 7<br>Google Chrome','2019-05-06 01:49:39','2019-05-06 01:59:45'),(101,'App\\User',1,'180.211.99.99','Windows 7<br>Google Chrome','2019-05-06 02:11:53','2019-05-06 02:12:05'),(102,'App\\User',599,'180.211.99.99','Windows 7<br>Google Chrome','2019-05-06 02:12:24','2019-05-06 02:12:31'),(103,'App\\User',1,'180.211.99.99','Windows 7<br>Google Chrome','2019-05-06 02:15:37','2019-05-06 02:40:34'),(104,'App\\User',429,'103.238.104.119','<br>Unknown','2019-05-06 02:34:54',NULL),(105,'App\\User',1,'180.211.99.99','Windows 7<br>Google Chrome','2019-05-06 02:40:37',NULL),(106,'App\\User',450,'157.32.51.153','<br>Unknown','2019-05-06 06:27:24',NULL),(107,'App\\User',421,'103.238.104.119','Windows 7<br>Google Chrome','2019-05-06 06:27:56','2019-05-06 06:27:57'),(108,'App\\User',425,'157.32.147.149','<br>Unknown','2019-05-06 06:31:04',NULL),(109,'App\\User',1,'103.238.104.119','Windows 7<br>Google Chrome','2019-05-06 07:36:50',NULL),(110,'App\\User',421,'103.238.104.119','Windows 7<br>Google Chrome','2019-05-06 07:55:42',NULL),(111,'App\\User',421,'103.238.104.119','<br>Unknown','2019-05-06 08:18:22',NULL),(112,'App\\User',421,'103.238.104.119','<br>Unknown','2019-05-07 00:26:23',NULL),(113,'App\\User',421,'103.238.104.119','Windows 7<br>Google Chrome','2019-05-07 00:39:41',NULL),(114,'App\\User',421,'103.238.104.119','<br>Unknown','2019-05-07 00:40:15',NULL),(115,'App\\User',421,'103.238.104.119','<br>Unknown','2019-05-07 01:01:57',NULL),(116,'App\\User',421,'103.238.104.119','Windows 7<br>Google Chrome','2019-05-07 01:03:42',NULL),(117,'App\\User',450,'103.238.104.119','<br>Unknown','2019-05-07 01:05:34',NULL),(118,'App\\User',450,'103.238.104.119','<br>Unknown','2019-05-07 01:10:55',NULL),(119,'App\\User',450,'103.238.104.119','Windows 7<br>Google Chrome','2019-05-07 01:14:55',NULL),(120,'App\\User',450,'103.238.104.119','<br>Unknown','2019-05-07 01:29:22',NULL),(121,'App\\User',1,'180.211.99.99','Windows 7<br>Google Chrome','2019-05-07 01:31:41',NULL),(122,'App\\User',421,'103.238.104.119','Windows 7<br>Google Chrome','2019-05-07 01:36:11',NULL),(123,'App\\User',425,'103.238.104.119','Windows 7<br>Google Chrome','2019-05-07 01:36:53',NULL),(124,'App\\User',421,'103.238.104.119','<br>Unknown','2019-05-07 01:37:19',NULL),(125,'App\\User',421,'103.238.104.119','<br>Unknown','2019-05-07 01:41:09',NULL),(126,'App\\User',421,'103.238.104.119','Windows 7<br>Google Chrome','2019-05-07 01:41:12',NULL),(127,'App\\User',421,'103.238.104.119','<br>Unknown','2019-05-07 01:43:51',NULL),(128,'App\\User',421,'103.238.104.119','<br>Unknown','2019-05-07 01:51:13',NULL),(129,'App\\User',421,'103.238.104.119','<br>Unknown','2019-05-07 01:55:14',NULL),(130,'App\\User',421,'103.238.104.119','<br>Unknown','2019-05-07 01:58:03',NULL),(131,'App\\User',421,'103.238.104.119','<br>Unknown','2019-05-07 02:00:50',NULL),(132,'App\\User',421,'103.238.104.119','Windows 7<br>Google Chrome','2019-05-07 02:01:22',NULL),(133,'App\\User',1,'103.238.104.119','Windows 7<br>Google Chrome','2019-05-07 02:01:34','2019-05-07 03:20:18'),(134,'App\\User',1,'103.238.104.119','Windows 10<br>Google Chrome','2019-05-07 02:26:17',NULL),(135,'App\\User',1,'103.238.104.119','Windows 10<br>Google Chrome','2019-05-07 02:26:18','2019-05-07 03:42:59'),(136,'App\\User',421,'103.238.104.119','<br>Unknown','2019-05-07 02:34:52',NULL),(137,'App\\User',421,'103.238.104.119','<br>Unknown','2019-05-07 02:36:41',NULL),(138,'App\\User',421,'103.238.104.119','<br>Unknown','2019-05-07 02:40:05',NULL),(139,'App\\User',1,'124.123.215.11','Mac OS X<br>Google Chrome','2019-05-07 02:49:47',NULL),(140,'App\\User',421,'103.238.104.119','<br>Unknown','2019-05-07 02:54:56',NULL),(141,'App\\User',421,'103.238.104.119','<br>Unknown','2019-05-07 02:57:45',NULL),(142,'App\\User',421,'103.238.104.119','<br>Unknown','2019-05-07 03:01:15',NULL),(143,'App\\User',421,'103.238.104.119','<br>Unknown','2019-05-07 03:10:47',NULL),(144,'App\\User',421,'103.238.104.119','<br>Unknown','2019-05-07 03:14:04',NULL),(145,'App\\User',421,'103.238.104.119','<br>Unknown','2019-05-07 03:18:21',NULL),(146,'App\\User',421,'103.238.104.119','<br>Unknown','2019-05-07 03:21:43',NULL),(147,'App\\User',421,'103.238.104.119','<br>Unknown','2019-05-07 03:30:50',NULL),(148,'App\\User',421,'103.238.104.119','<br>Unknown','2019-05-07 03:33:56',NULL),(149,'App\\User',421,'103.238.104.119','<br>Unknown','2019-05-07 03:36:47',NULL),(150,'App\\User',421,'103.238.104.119','<br>Unknown','2019-05-07 03:42:02',NULL),(151,'App\\User',1,'103.238.104.119','Windows 10<br>Google Chrome','2019-05-07 03:50:53','2019-05-07 04:41:58'),(152,'App\\User',421,'103.238.104.119','<br>Unknown','2019-05-07 04:41:04',NULL),(153,'App\\User',421,'103.238.104.119','<br>Unknown','2019-05-07 04:51:21',NULL),(154,'App\\User',421,'103.238.104.119','<br>Unknown','2019-05-07 04:54:38',NULL),(155,'App\\User',1,'103.238.104.119','Windows 10<br>Google Chrome','2019-05-07 05:00:37','2019-05-07 05:07:38'),(156,'App\\User',1,'103.238.104.119','Windows 7<br>Google Chrome','2019-05-07 05:09:35','2019-05-07 05:09:41'),(157,'App\\User',421,'103.238.104.119','<br>Unknown','2019-05-07 05:17:33',NULL),(158,'App\\User',1,'103.238.104.119','Windows 10<br>Google Chrome','2019-05-07 05:23:58',NULL),(159,'App\\User',421,'103.238.104.119','<br>Unknown','2019-05-07 05:25:31',NULL),(160,'App\\User',1,'103.238.105.252','Windows 7<br>Google Chrome','2019-05-07 05:40:57','2019-05-07 05:53:25'),(161,'App\\User',421,'103.238.105.252','Windows 7<br>Google Chrome','2019-05-07 05:53:33','2019-05-07 05:53:33'),(162,'App\\User',421,'103.238.105.252','Windows 7<br>Google Chrome','2019-05-07 05:54:01','2019-05-07 05:54:01'),(163,'App\\User',1,'103.238.105.252','Windows 7<br>Google Chrome','2019-05-07 05:56:32',NULL),(164,'App\\User',1,'103.238.105.252','Windows 7<br>Google Chrome','2019-05-07 05:56:33','2019-05-07 07:00:27'),(165,'App\\User',421,'103.238.105.252','<br>Unknown','2019-05-07 06:31:31',NULL),(166,'App\\User',421,'103.238.105.252','<br>Unknown','2019-05-07 06:43:47',NULL),(167,'App\\User',421,'103.238.105.252','<br>Unknown','2019-05-07 06:50:57',NULL),(168,'App\\User',1,'103.238.105.252','Windows 7<br>Google Chrome','2019-05-07 07:00:40','2019-05-07 07:00:43'),(169,'App\\User',421,'103.238.105.252','<br>Unknown','2019-05-07 07:03:01',NULL),(170,'App\\User',1,'103.238.105.252','Windows 7<br>Google Chrome','2019-05-07 07:13:50',NULL),(171,'App\\User',1,'180.211.99.99','Windows 7<br>Google Chrome','2019-05-07 07:23:12','2019-05-07 07:24:38'),(172,'App\\User',1,'180.211.99.99','Windows 7<br>Google Chrome','2019-05-07 07:25:02','2019-05-07 08:04:26'),(173,'App\\User',421,'103.238.105.252','<br>Unknown','2019-05-07 07:42:05',NULL),(174,'App\\User',421,'103.238.105.252','<br>Unknown','2019-05-07 07:54:10',NULL),(175,'App\\User',1,'180.211.99.99','Windows 7<br>Google Chrome','2019-05-07 08:04:41','2019-05-07 08:04:50'),(176,'App\\User',1,'103.238.105.252','Windows 7<br>Google Chrome','2019-05-07 08:04:59',NULL),(177,'App\\User',599,'180.211.99.99','Windows 7<br>Google Chrome','2019-05-07 08:05:08','2019-05-07 08:05:08'),(178,'App\\User',599,'180.211.99.99','Windows 7<br>Google Chrome','2019-05-07 08:05:19','2019-05-07 08:05:19'),(179,'App\\User',1,'180.211.99.99','Windows 7<br>Google Chrome','2019-05-07 08:05:29','2019-05-07 08:06:00'),(180,'App\\User',599,'180.211.99.99','Windows 7<br>Google Chrome','2019-05-07 08:06:23',NULL),(181,'App\\User',599,'180.211.99.99','Windows 7<br>Google Chrome','2019-05-07 08:06:24','2019-05-07 08:06:24'),(182,'App\\User',1,'180.211.99.99','Windows 7<br>Google Chrome','2019-05-07 08:07:57','2019-05-07 08:08:14'),(183,'App\\User',603,'103.238.105.252','<br>Unknown','2019-05-07 08:08:02',NULL),(184,'App\\User',603,'103.238.105.252','<br>Unknown','2019-05-07 08:08:09',NULL),(185,'App\\User',604,'103.238.105.252','<br>Unknown','2019-05-07 08:10:19',NULL),(186,'App\\User',1,'180.211.99.99','Windows 7<br>Google Chrome','2019-05-07 08:10:57','2019-05-07 08:11:02'),(187,'App\\User',1,'180.211.99.99','Windows 7<br>Google Chrome','2019-05-07 08:27:05','2019-05-07 08:41:00'),(188,'App\\User',421,'103.238.105.252','<br>Unknown','2019-05-07 08:29:58',NULL),(189,'App\\User',1,'103.238.105.252','Windows 10<br>Google Chrome','2019-05-07 08:37:43',NULL),(190,'App\\User',1,'180.211.99.99','Windows 7<br>Google Chrome','2019-05-07 08:43:50',NULL);
/*!40000 ALTER TABLE `authentication_log` ENABLE KEYS */;
UNLOCK TABLES;

--
-- Table structure for table `broadcast_messages`
--

DROP TABLE IF EXISTS `broadcast_messages`;
/*!40101 SET @saved_cs_client     = @@character_set_client */;
/*!40101 SET character_set_client = utf8 */;
CREATE TABLE `broadcast_messages` (
  `id` int(10) unsigned NOT NULL AUTO_INCREMENT,
  `notification_type` varchar(64) COLLATE utf8mb4_unicode_ci NOT NULL,
  `send_to_all` int(11) NOT NULL DEFAULT '1',
  `role_id` int(10) unsigned NOT NULL,
  `sent_users` varchar(255) COLLATE utf8mb4_unicode_ci DEFAULT NULL,
  `message` text COLLATE utf8mb4_unicode_ci,
  `status` tinyint(1) NOT NULL DEFAULT '1',
  `created_by` int(10) unsigned DEFAULT NULL,
  `updated_by` int(10) unsigned DEFAULT NULL,
  `created_at` timestamp NULL DEFAULT NULL,
  `updated_at` timestamp NULL DEFAULT NULL,
  PRIMARY KEY (`id`),
  KEY `broadcast_messages_role_id_foreign` (`role_id`),
  CONSTRAINT `broadcast_messages_role_id_foreign` FOREIGN KEY (`role_id`) REFERENCES `roles` (`id`) ON DELETE CASCADE ON UPDATE CASCADE
) ENGINE=InnoDB AUTO_INCREMENT=33 DEFAULT CHARSET=utf8mb4 COLLATE=utf8mb4_unicode_ci;
/*!40101 SET character_set_client = @saved_cs_client */;

--
-- Dumping data for table `broadcast_messages`
--

LOCK TABLES `broadcast_messages` WRITE;
/*!40000 ALTER TABLE `broadcast_messages` DISABLE KEYS */;
INSERT INTO `broadcast_messages` VALUES (1,'Email',0,4,NULL,'test',1,1,NULL,'2019-04-08 03:20:44','2019-04-23 01:30:46'),(2,'Email',0,4,NULL,'Happy to help',0,1,NULL,'2019-04-08 05:35:02','2019-04-23 01:31:27'),(3,'Email',1,4,NULL,'Tes',1,1,NULL,'2019-04-08 05:45:03','2019-04-08 08:14:06'),(4,'Email',0,5,NULL,'test',1,1,NULL,'2019-04-08 05:52:32','2019-04-08 08:14:06'),(5,'Push Notification',1,4,NULL,'Test Notification Message',1,1,NULL,'2019-04-08 07:44:18','2019-04-08 08:19:34'),(6,'Push Notification',1,4,NULL,'Test Notification Message',1,1,NULL,'2019-04-08 07:44:37','2019-04-08 08:17:15'),(7,'Push Notification',1,5,NULL,'Completed Date',1,1,NULL,'2019-04-08 08:19:50','2019-04-08 08:51:48'),(8,'Push Notification',1,4,NULL,'test message',0,1,NULL,'2019-04-10 06:21:32','2019-04-16 02:47:27'),(9,'Email',0,4,'424','test',1,1,NULL,'2019-04-11 08:49:03','2019-04-16 02:47:04'),(10,'Push Notification',0,4,'474','test message.',1,1,NULL,'2019-04-16 04:47:03','2019-04-16 04:47:32'),(11,'Email',0,4,'474','test email.',1,1,NULL,'2019-04-16 04:48:22','2019-04-16 04:48:59'),(12,'Push Notification',0,4,'474','test push notification',1,1,NULL,'2019-04-16 05:01:38',NULL),(13,'Push Notification',0,5,'486','test notification',1,1,NULL,'2019-04-16 07:46:32',NULL),(14,'Push Notification',0,4,'421','test from admin',1,1,NULL,'2019-04-16 08:43:16',NULL),(15,'Push Notification',0,4,'421','test admin',1,1,NULL,'2019-04-16 08:45:10',NULL),(16,'Push Notification',0,4,'421','Lorem ipsum dolor sit amet.',1,1,NULL,'2019-04-16 08:52:43',NULL),(17,'Push Notification',0,5,'429','Lorem ipsum dolor sit amet, consectetur adipisicing elit, sed do eiusmod tempor incididunt ut labore et dolore magna aliqua.',1,1,NULL,'2019-04-16 08:54:56',NULL),(18,'Push Notification',0,5,'429','Lorem ipsum dolor sit amet, consectetur adipisicing elit.',1,1,NULL,'2019-04-16 09:01:39',NULL),(19,'Push Notification',0,4,'479','test broadcast message',1,1,NULL,'2019-04-16 09:54:59',NULL),(20,'Email',0,5,'489','ytest',1,1,NULL,'2019-04-16 09:55:41',NULL),(21,'Push Notification',0,4,'431','push note to chinjal',1,1,NULL,'2019-04-16 09:59:01',NULL),(22,'Email',0,5,'481,482,485,486,489,496','test',1,1,NULL,'2019-04-16 10:09:55',NULL),(23,'Push Notification',0,5,'482,485,486,489,496','test push',1,1,NULL,'2019-04-16 10:10:35',NULL),(24,'Push Notification',0,4,'502','test push notification',1,1,NULL,'2019-04-17 02:13:56',NULL),(25,'Email',0,4,'502','tesst',1,1,NULL,'2019-04-17 07:57:28',NULL),(26,'Push Notification',0,5,'586','notification to ven 6',1,1,NULL,'2019-04-29 08:32:41',NULL),(27,'Push Notification',0,5,'594','message for vendor',1,1,NULL,'2019-04-30 01:50:06',NULL),(28,'Push Notification',0,5,'594','Message for vendor',1,1,NULL,'2019-04-30 01:50:36',NULL),(29,'Push Notification',0,5,'594','sage for vendor',1,1,NULL,'2019-04-30 02:22:47',NULL),(30,'Push Notification',0,5,'594','message for vendor',1,1,NULL,'2019-04-30 02:23:12',NULL),(31,'Push Notification',0,5,'594','sage for vendor',1,1,NULL,'2019-04-30 02:23:39',NULL),(32,'Push Notification',0,4,'596','message',1,1,NULL,'2019-04-30 02:24:15',NULL);
/*!40000 ALTER TABLE `broadcast_messages` ENABLE KEYS */;
UNLOCK TABLES;

--
-- Table structure for table `categories`
--

DROP TABLE IF EXISTS `categories`;
/*!40101 SET @saved_cs_client     = @@character_set_client */;
/*!40101 SET character_set_client = utf8 */;
CREATE TABLE `categories` (
  `id` int(10) unsigned NOT NULL AUTO_INCREMENT,
  `name` varchar(255) COLLATE utf8mb4_unicode_ci NOT NULL,
  `image` varchar(255) COLLATE utf8mb4_unicode_ci DEFAULT NULL,
  `hover_image` varchar(255) COLLATE utf8mb4_unicode_ci DEFAULT NULL,
  `sequence_number` varchar(64) COLLATE utf8mb4_unicode_ci DEFAULT NULL,
  `status` tinyint(1) NOT NULL DEFAULT '1',
  `created_at` timestamp NULL DEFAULT NULL,
  `updated_at` timestamp NULL DEFAULT NULL,
  PRIMARY KEY (`id`)
) ENGINE=InnoDB AUTO_INCREMENT=6 DEFAULT CHARSET=utf8mb4 COLLATE=utf8mb4_unicode_ci;
/*!40101 SET character_set_client = @saved_cs_client */;

--
-- Dumping data for table `categories`
--

LOCK TABLES `categories` WRITE;
/*!40000 ALTER TABLE `categories` DISABLE KEYS */;
INSERT INTO `categories` VALUES (1,'Appliances','categories/omnee-category-image-1553607513.png','categories/omnee-category-hover-image-1553607513.png','1',1,'2019-03-26 09:19:46','2019-04-01 02:26:31'),(2,'Building Materials','categories/omnee-category-image-1553607488.png','categories/omnee-category-hover-image-1553607488.png','2',1,'2019-03-26 09:19:46','2019-04-01 02:26:31'),(3,'Carpentry','categories/omnee-category-image-1553607459.png','categories/omnee-category-hover-image-1553607459.png','3',1,'2019-03-26 09:19:46','2019-04-10 12:24:13'),(5,'test',NULL,NULL,'3',1,'2019-04-22 06:33:53','2019-04-23 01:13:35');
/*!40000 ALTER TABLE `categories` ENABLE KEYS */;
UNLOCK TABLES;

--
-- Table structure for table `city`
--

DROP TABLE IF EXISTS `city`;
/*!40101 SET @saved_cs_client     = @@character_set_client */;
/*!40101 SET character_set_client = utf8 */;
CREATE TABLE `city` (
  `id` int(10) unsigned NOT NULL AUTO_INCREMENT,
  `name` varchar(255) COLLATE utf8mb4_unicode_ci DEFAULT NULL,
  `state_id` int(10) unsigned NOT NULL,
  `service_available` tinyint(1) NOT NULL DEFAULT '0',
  `status` tinyint(1) NOT NULL DEFAULT '1',
  `created_at` timestamp NULL DEFAULT NULL,
  `updated_at` timestamp NULL DEFAULT NULL,
  PRIMARY KEY (`id`),
  KEY `city_state_id_foreign` (`state_id`),
  CONSTRAINT `city_state_id_foreign` FOREIGN KEY (`state_id`) REFERENCES `state` (`id`) ON DELETE CASCADE ON UPDATE CASCADE
) ENGINE=InnoDB AUTO_INCREMENT=23 DEFAULT CHARSET=utf8mb4 COLLATE=utf8mb4_unicode_ci;
/*!40101 SET character_set_client = @saved_cs_client */;

--
-- Dumping data for table `city`
--

LOCK TABLES `city` WRITE;
/*!40000 ALTER TABLE `city` DISABLE KEYS */;
INSERT INTO `city` VALUES (15,'Ahmedabad',16,1,1,NULL,'2019-04-24 09:09:33'),(16,'Vadodara',16,0,1,NULL,NULL),(17,'Mumbai',17,1,1,NULL,NULL),(18,'Pune',17,1,1,NULL,NULL),(19,'Nasik',17,1,1,NULL,'2019-04-05 08:24:53'),(22,'Rajkot',16,0,1,'2019-04-02 02:23:49','2019-04-05 08:24:49');
/*!40000 ALTER TABLE `city` ENABLE KEYS */;
UNLOCK TABLES;

--
-- Table structure for table `company`
--

DROP TABLE IF EXISTS `company`;
/*!40101 SET @saved_cs_client     = @@character_set_client */;
/*!40101 SET character_set_client = utf8 */;
CREATE TABLE `company` (
  `id` int(10) unsigned NOT NULL AUTO_INCREMENT,
  `name` varchar(255) COLLATE utf8mb4_unicode_ci NOT NULL,
  `address` text COLLATE utf8mb4_unicode_ci,
  `city_id` int(10) unsigned DEFAULT NULL,
  `state_id` int(10) unsigned DEFAULT NULL,
  `country_id` int(10) unsigned DEFAULT NULL,
  `zipcode` varchar(20) COLLATE utf8mb4_unicode_ci DEFAULT NULL,
  `phone1` varchar(255) COLLATE utf8mb4_unicode_ci DEFAULT NULL,
  `phone2` varchar(255) COLLATE utf8mb4_unicode_ci DEFAULT NULL,
  `email` varchar(255) COLLATE utf8mb4_unicode_ci DEFAULT NULL,
  `website` varchar(255) COLLATE utf8mb4_unicode_ci DEFAULT NULL,
  `bio` text COLLATE utf8mb4_unicode_ci,
  `logo` varchar(255) COLLATE utf8mb4_unicode_ci DEFAULT NULL,
  `fav_icon` varchar(255) COLLATE utf8mb4_unicode_ci DEFAULT NULL,
  `need_only_local_quote_request` tinyint(1) NOT NULL DEFAULT '0',
  `kms` int(11) DEFAULT NULL,
  `need_multi_states_quote_request` tinyint(1) NOT NULL DEFAULT '0',
  `states` varchar(255) COLLATE utf8mb4_unicode_ci DEFAULT NULL,
  `need_multi_cities_quote_request` tinyint(1) NOT NULL DEFAULT '0',
  `cities` varchar(255) COLLATE utf8mb4_unicode_ci DEFAULT NULL,
  `status` tinyint(1) NOT NULL DEFAULT '0',
  `created_by` int(10) unsigned DEFAULT NULL,
  `updated_by` int(10) unsigned DEFAULT NULL,
  `created_at` timestamp NULL DEFAULT NULL,
  `updated_at` timestamp NULL DEFAULT NULL,
  PRIMARY KEY (`id`),
  KEY `company_city_id_foreign` (`city_id`),
  KEY `company_state_id_foreign` (`state_id`),
  KEY `company_country_id_foreign` (`country_id`),
  CONSTRAINT `company_city_id_foreign` FOREIGN KEY (`city_id`) REFERENCES `city` (`id`) ON DELETE CASCADE ON UPDATE CASCADE,
  CONSTRAINT `company_state_id_foreign` FOREIGN KEY (`state_id`) REFERENCES `state` (`id`) ON DELETE CASCADE ON UPDATE CASCADE
) ENGINE=InnoDB AUTO_INCREMENT=86 DEFAULT CHARSET=utf8mb4 COLLATE=utf8mb4_unicode_ci;
/*!40101 SET character_set_client = @saved_cs_client */;

--
-- Dumping data for table `company`
--

LOCK TABLES `company` WRITE;
/*!40000 ALTER TABLE `company` DISABLE KEYS */;
INSERT INTO `company` VALUES (49,'Test Company','Canada',15,16,1,'564654','974-567-8965',NULL,'companyv@gmail.com',NULL,'test',NULL,NULL,0,NULL,0,'',1,'15,16,17,18,19,22',1,NULL,NULL,'2019-04-10 01:28:56','2019-04-10 01:30:28'),(50,'Test12','Maldives',NULL,NULL,1,'110029',NULL,NULL,'muzammil.modan786@gmail.com',NULL,'Happy to help','company/omnee-company-logo-1554957781.png',NULL,0,NULL,0,'',1,'17,18,19',1,NULL,NULL,'2019-04-10 01:31:26','2019-04-11 12:43:01'),(51,'test13','Canada',NULL,NULL,1,'114455',NULL,NULL,'tuser1@gmail.com',NULL,'happy to help','company/omnee-company-logo-1554875643.png',NULL,0,NULL,1,'16,17',0,'',1,NULL,NULL,'2019-04-10 01:34:29','2019-04-10 01:54:03'),(52,'Test vendor','Ahmedabad, Gujarat, India',15,16,1,'234234','234-234-2342',NULL,'testacp83@gmail.com',NULL,'test342',NULL,NULL,1,4,0,'',0,'',0,NULL,NULL,'2019-04-10 01:35:29','2019-04-24 05:30:17'),(54,'AppleCompany','Saskatoon, SK, Canada',NULL,20,1,'234234','156-456-5645',NULL,'bhavsarjay39@gmail.com','http://18.191.158.197/admin','0\r\n\r\n\r\n2\r\nI need to get IP address of iPhone/iPad using cellular network (not WiFi). Does Apple allows this? If no, is there any alternative way to get IP address?',NULL,NULL,0,NULL,1,'20,16,17,18',0,'',1,NULL,NULL,'2019-04-10 02:33:55','2019-04-10 02:34:53'),(55,'demodemo','Ahmedabad, Gujarat, India',NULL,NULL,1,'342342','234-234-2342',NULL,'demodemo1384+1@gmail.com',NULL,'tset',NULL,NULL,1,4,0,'',0,'',1,NULL,NULL,'2019-04-12 08:01:05','2019-04-12 08:01:10'),(56,'test','test',16,16,1,'342342','456-665-4656',NULL,'test@test.com',NULL,'test bio',NULL,NULL,0,NULL,0,NULL,0,NULL,1,NULL,NULL,'2019-04-16 03:20:52',NULL),(57,'tes','Testaccio, Rome, Metropolitan City of Rome, Italy',NULL,NULL,1,'345345','345-345-3543',NULL,'testacp81+3@gmail.com',NULL,'tyest',NULL,NULL,0,NULL,0,NULL,0,NULL,1,NULL,NULL,'2019-04-16 05:21:36',NULL),(58,'test','576 5th Avenue, New York, NY, USA',NULL,NULL,1,'342353','345-345-3534',NULL,'testacp81+4@gmail.com',NULL,'test bio',NULL,NULL,1,4,0,'',0,'',1,NULL,NULL,'2019-04-16 05:22:21','2019-04-16 06:30:12'),(59,'test813','Testaccio, Rome, Metropolitan City of Rome, Italy',NULL,NULL,1,'343534','234-534-5334',NULL,'testacp81+5@gmail.com',NULL,'test',NULL,NULL,1,3,0,'',0,'',1,NULL,NULL,'2019-04-16 05:25:02','2019-04-16 05:25:06'),(61,'acp6','Testaccio, Rome, Metropolitan City of Rome, Italy',NULL,NULL,1,'342342','232-424-2423',NULL,'testacp81+6@gmail.com',NULL,'test',NULL,NULL,1,3,0,'',0,'',1,NULL,NULL,'2019-04-16 06:31:48','2019-04-16 06:31:52'),(62,'test','Ahmedabad, Gujarat, India',NULL,NULL,1,'345345','345-345-3534',NULL,'set@tes.com',NULL,'test',NULL,NULL,0,NULL,0,NULL,0,NULL,1,NULL,NULL,'2019-04-16 08:40:38',NULL),(63,'iNNSS','Canada\'s Wonderland, Canada\'s Wonderland Drive, Vaughan, ON, Canada',15,16,1,'954546','797-987-9879',NULL,'jinal.innovius+10@gmail.com',NULL,'Lorem ipsum dolor sit amet, consectetur adipisicing elit',NULL,NULL,1,10,0,'',0,'',1,NULL,NULL,'2019-04-16 09:09:36','2019-04-16 09:09:42'),(64,'testq','Trento, Province of Trento, Italy',NULL,NULL,1,'564565','646-545-6465',NULL,'testacp81+9@gmail.com',NULL,'bio',NULL,NULL,1,65,0,'',0,'',1,NULL,NULL,'2019-04-16 10:01:57','2019-04-16 10:02:02'),(67,'r','Canada\'s Wonderland, Canada\'s Wonderland Drive, Vaughan, ON, Canada',NULL,NULL,1,'328110','908-574-1200',NULL,'asaa@gmail.com',NULL,'testonly',NULL,NULL,0,NULL,1,'16',0,'',1,NULL,NULL,'2019-04-23 01:57:33','2019-04-23 02:01:33'),(71,'Sunny','Naranpura, Ahmedabad, Gujarat, India',15,16,1,'415465','464-564-6464',NULL,'testacp10+1@gmail.com','www.test123.com','test bio description',NULL,NULL,1,6,0,'',0,'',1,NULL,NULL,'2019-04-24 01:43:48','2019-04-24 04:44:13'),(72,'Sunny 2','Testelt, Scherpenheuvel-Zichem, Belgium',22,16,1,'435353','545-645-6464',NULL,'testacp10+2@gmail.com',NULL,'Test bio description',NULL,NULL,1,5,0,'',0,'',1,NULL,NULL,'2019-04-24 05:12:57','2019-04-24 05:13:01'),(74,'Sunny4','Canada',NULL,NULL,1,'454646','546-556-6554',NULL,'testacp10+4@gmail.com',NULL,'test Bio Description',NULL,NULL,1,4,0,'',0,'',1,NULL,NULL,'2019-04-25 05:25:23','2019-04-29 02:30:19'),(75,'tset66666','Twitter HQ, Market Street, San Francisco, CA, USA',NULL,NULL,1,'435345','554-654-4646',NULL,'test34242@gmail.com',NULL,'45646',NULL,NULL,1,2,0,'',0,'',1,NULL,NULL,'2019-04-26 11:03:43','2019-04-26 11:03:49'),(78,'Sunny6','Test Centre Road, Broadlands, IKapa, South Africa',NULL,NULL,1,'343453','546-546-4646',NULL,'testacp10+6@gmail.com',NULL,'testbio descritpion',NULL,NULL,1,5,0,'',0,'',1,NULL,NULL,'2019-04-29 04:25:14','2019-04-29 04:25:17'),(79,'Sunny 9','German Gymnasium, King\'s Boulevard, London, UK',NULL,NULL,1,'345345','466-654-6546',NULL,'testacp10+9@gmail.com',NULL,'test bio description',NULL,NULL,1,7,0,'',0,'',1,NULL,NULL,'2019-04-29 05:39:33','2019-04-29 05:39:38'),(81,'Sunny10','Liverpool John Lennon Airport, Speke Hall Avenue, Speke, Liverpool, UK',NULL,NULL,1,'345354','234-345-3453',NULL,'testacp10+11@gmail.com',NULL,'tset bio discription',NULL,NULL,1,4,0,'',0,'',1,NULL,NULL,'2019-04-29 09:19:24','2019-04-29 09:19:30'),(82,'Sunny 12','Liverpool, UK',NULL,NULL,1,'453453','342-342-3424',NULL,'testacp10+12@gmail.com',NULL,'test bio',NULL,NULL,1,6,0,'',0,'',1,NULL,NULL,'2019-04-29 10:32:42','2019-04-29 10:36:27'),(83,'Sunny13','Tesla HQ, Deer Creek Road, Palo Alto, CA, USA',15,16,1,'534534','234-534-5353',NULL,'testacp10+13@gmail.com',NULL,'test bio description',NULL,NULL,1,5,0,'',0,'',1,NULL,NULL,'2019-05-01 07:17:55','2019-05-07 07:21:36'),(84,'Aafrin','Qatar',16,16,1,'232000','985-621-0000',NULL,'aafrin.innovius@gmail.com',NULL,'Its all about Omnee',NULL,NULL,0,NULL,0,'',1,'16',1,NULL,NULL,'2019-05-07 08:07:13','2019-05-07 08:07:24'),(85,'test','Aguascalientes, Mexico',17,16,1,'343453','324-234-2342',NULL,'test332@gmail.com',NULL,'test3',NULL,NULL,1,4,0,'',0,'',1,NULL,NULL,'2019-05-07 08:33:25','2019-05-07 08:33:31');
/*!40000 ALTER TABLE `company` ENABLE KEYS */;
UNLOCK TABLES;

--
-- Table structure for table `company_services`
--

DROP TABLE IF EXISTS `company_services`;
/*!40101 SET @saved_cs_client     = @@character_set_client */;
/*!40101 SET character_set_client = utf8 */;
CREATE TABLE `company_services` (
  `id` int(10) unsigned NOT NULL AUTO_INCREMENT,
  `company_id` int(10) unsigned NOT NULL,
  `sub_category_id` int(10) unsigned NOT NULL,
  `created_at` timestamp NULL DEFAULT NULL,
  `updated_at` timestamp NULL DEFAULT NULL,
  PRIMARY KEY (`id`),
  KEY `company_services_company_id_foreign` (`company_id`),
  KEY `company_services_sub_category_id_foreign` (`sub_category_id`),
  CONSTRAINT `company_services_company_id_foreign` FOREIGN KEY (`company_id`) REFERENCES `company` (`id`) ON DELETE CASCADE ON UPDATE CASCADE,
  CONSTRAINT `company_services_sub_category_id_foreign` FOREIGN KEY (`sub_category_id`) REFERENCES `sub_categories` (`id`) ON DELETE CASCADE ON UPDATE CASCADE
) ENGINE=InnoDB AUTO_INCREMENT=1274 DEFAULT CHARSET=utf8mb4 COLLATE=utf8mb4_unicode_ci;
/*!40101 SET character_set_client = @saved_cs_client */;

--
-- Dumping data for table `company_services`
--

LOCK TABLES `company_services` WRITE;
/*!40000 ALTER TABLE `company_services` DISABLE KEYS */;
INSERT INTO `company_services` VALUES (875,50,101,'2019-04-10 01:32:00','2019-04-10 01:32:00'),(876,50,102,'2019-04-10 01:32:00','2019-04-10 01:32:00'),(877,50,196,'2019-04-10 01:32:00','2019-04-10 01:32:00'),(878,50,293,'2019-04-10 01:32:00','2019-04-10 01:32:00'),(879,50,294,'2019-04-10 01:32:00','2019-04-10 01:32:00'),(880,50,295,'2019-04-10 01:32:00','2019-04-10 01:32:00'),(881,50,103,'2019-04-10 01:32:00','2019-04-10 01:32:00'),(882,50,200,'2019-04-10 01:32:00','2019-04-10 01:32:00'),(883,50,105,'2019-04-10 01:32:00','2019-04-10 01:32:00'),(884,50,107,'2019-04-10 01:32:00','2019-04-10 01:32:00'),(885,50,108,'2019-04-10 01:32:00','2019-04-10 01:32:00'),(886,50,202,'2019-04-10 01:32:00','2019-04-10 01:32:00'),(887,50,205,'2019-04-10 01:32:00','2019-04-10 01:32:00'),(889,51,101,'2019-04-10 01:34:54','2019-04-10 01:34:54'),(890,51,102,'2019-04-10 01:34:54','2019-04-10 01:34:54'),(891,51,196,'2019-04-10 01:34:54','2019-04-10 01:34:54'),(892,51,294,'2019-04-10 01:34:54','2019-04-10 01:34:54'),(926,49,101,'2019-04-10 04:00:51','2019-04-10 04:00:51'),(927,49,102,'2019-04-10 04:00:51','2019-04-10 04:00:51'),(928,49,196,'2019-04-10 04:00:51','2019-04-10 04:00:51'),(929,49,294,'2019-04-10 04:00:51','2019-04-10 04:00:51'),(930,49,295,'2019-04-10 04:00:51','2019-04-10 04:00:51'),(931,49,103,'2019-04-10 04:00:51','2019-04-10 04:00:51'),(932,49,200,'2019-04-10 04:00:51','2019-04-10 04:00:51'),(933,49,105,'2019-04-10 04:00:51','2019-04-10 04:00:51'),(934,49,107,'2019-04-10 04:00:51','2019-04-10 04:00:51'),(935,49,108,'2019-04-10 04:00:51','2019-04-10 04:00:51'),(936,49,202,'2019-04-10 04:00:51','2019-04-10 04:00:51'),(937,49,205,'2019-04-10 04:00:51','2019-04-10 04:00:51'),(952,54,101,'2019-04-10 04:01:44','2019-04-10 04:01:44'),(953,54,102,'2019-04-10 04:01:44','2019-04-10 04:01:44'),(954,54,196,'2019-04-10 04:01:44','2019-04-10 04:01:44'),(955,54,294,'2019-04-10 04:01:44','2019-04-10 04:01:44'),(956,54,295,'2019-04-10 04:01:44','2019-04-10 04:01:44'),(957,54,103,'2019-04-10 04:01:44','2019-04-10 04:01:44'),(958,54,200,'2019-04-10 04:01:44','2019-04-10 04:01:44'),(959,54,105,'2019-04-10 04:01:44','2019-04-10 04:01:44'),(960,54,107,'2019-04-10 04:01:44','2019-04-10 04:01:44'),(961,54,108,'2019-04-10 04:01:44','2019-04-10 04:01:44'),(962,54,202,'2019-04-10 04:01:44','2019-04-10 04:01:44'),(963,54,205,'2019-04-10 04:01:44','2019-04-10 04:01:44'),(965,52,102,'2019-04-10 04:16:04','2019-04-10 04:16:04'),(966,52,196,'2019-04-10 04:16:04','2019-04-10 04:16:04'),(967,52,293,'2019-04-10 04:16:04','2019-04-10 04:16:04'),(968,52,295,'2019-04-10 04:16:04','2019-04-10 04:16:04'),(969,52,103,'2019-04-10 04:16:04','2019-04-10 04:16:04'),(970,52,202,'2019-04-10 04:16:04','2019-04-10 04:16:04'),(971,55,101,'2019-04-12 08:01:18','2019-04-12 08:01:18'),(972,55,102,'2019-04-12 08:01:18','2019-04-12 08:01:18'),(973,55,196,'2019-04-12 08:01:18','2019-04-12 08:01:18'),(974,55,295,'2019-04-12 08:01:18','2019-04-12 08:01:18'),(975,55,103,'2019-04-12 08:01:18','2019-04-12 08:01:18'),(976,55,200,'2019-04-12 08:01:18','2019-04-12 08:01:18'),(977,58,101,'2019-04-16 05:22:31','2019-04-16 05:22:31'),(978,58,196,'2019-04-16 05:22:31','2019-04-16 05:22:31'),(979,59,102,'2019-04-16 05:25:12','2019-04-16 05:25:12'),(980,59,293,'2019-04-16 05:25:12','2019-04-16 05:25:12'),(994,61,101,'2019-04-16 06:31:57','2019-04-16 06:31:57'),(995,61,102,'2019-04-16 06:31:57','2019-04-16 06:31:57'),(996,61,196,'2019-04-16 06:31:57','2019-04-16 06:31:57'),(997,63,101,'2019-04-16 09:09:58','2019-04-16 09:09:58'),(998,63,102,'2019-04-16 09:09:58','2019-04-16 09:09:58'),(999,63,196,'2019-04-16 09:09:58','2019-04-16 09:09:58'),(1000,63,293,'2019-04-16 09:09:58','2019-04-16 09:09:58'),(1001,63,294,'2019-04-16 09:09:58','2019-04-16 09:09:58'),(1002,63,295,'2019-04-16 09:09:58','2019-04-16 09:09:58'),(1003,63,103,'2019-04-16 09:09:58','2019-04-16 09:09:58'),(1004,63,200,'2019-04-16 09:09:58','2019-04-16 09:09:58'),(1005,63,105,'2019-04-16 09:09:58','2019-04-16 09:09:58'),(1006,63,107,'2019-04-16 09:09:58','2019-04-16 09:09:58'),(1007,63,108,'2019-04-16 09:09:58','2019-04-16 09:09:58'),(1008,63,202,'2019-04-16 09:09:58','2019-04-16 09:09:58'),(1009,63,205,'2019-04-16 09:09:58','2019-04-16 09:09:58'),(1010,64,102,'2019-04-16 10:02:13','2019-04-16 10:02:13'),(1011,64,196,'2019-04-16 10:02:13','2019-04-16 10:02:13'),(1012,64,107,'2019-04-16 10:02:13','2019-04-16 10:02:13'),(1013,64,108,'2019-04-16 10:02:13','2019-04-16 10:02:13'),(1014,64,202,'2019-04-16 10:02:13','2019-04-16 10:02:13'),(1075,71,101,'2019-04-24 04:45:20','2019-04-24 04:45:20'),(1076,71,102,'2019-04-24 04:45:20','2019-04-24 04:45:20'),(1077,71,196,'2019-04-24 04:45:20','2019-04-24 04:45:20'),(1078,71,293,'2019-04-24 04:45:20','2019-04-24 04:45:20'),(1079,71,103,'2019-04-24 04:45:20','2019-04-24 04:45:20'),(1080,71,200,'2019-04-24 04:45:20','2019-04-24 04:45:20'),(1081,71,298,'2019-04-24 04:45:20','2019-04-24 04:45:20'),(1082,71,105,'2019-04-24 04:45:20','2019-04-24 04:45:20'),(1083,72,101,'2019-04-24 05:13:09','2019-04-24 05:13:09'),(1084,72,102,'2019-04-24 05:13:09','2019-04-24 05:13:09'),(1085,72,196,'2019-04-24 05:13:09','2019-04-24 05:13:09'),(1086,72,293,'2019-04-24 05:13:09','2019-04-24 05:13:09'),(1087,72,294,'2019-04-24 05:13:09','2019-04-24 05:13:09'),(1088,72,295,'2019-04-24 05:13:09','2019-04-24 05:13:09'),(1089,72,103,'2019-04-24 05:13:09','2019-04-24 05:13:09'),(1090,72,200,'2019-04-24 05:13:09','2019-04-24 05:13:09'),(1091,72,298,'2019-04-24 05:13:09','2019-04-24 05:13:09'),(1092,72,299,'2019-04-24 05:13:09','2019-04-24 05:13:09'),(1093,72,105,'2019-04-24 05:13:09','2019-04-24 05:13:09'),(1094,72,107,'2019-04-24 05:13:09','2019-04-24 05:13:09'),(1095,72,108,'2019-04-24 05:13:09','2019-04-24 05:13:09'),(1096,72,202,'2019-04-24 05:13:09','2019-04-24 05:13:09'),(1097,72,205,'2019-04-24 05:13:09','2019-04-24 05:13:09'),(1098,72,296,'2019-04-24 05:13:09','2019-04-24 05:13:09'),(1099,74,101,'2019-04-25 05:25:34','2019-04-25 05:25:34'),(1100,74,102,'2019-04-25 05:25:34','2019-04-25 05:25:34'),(1101,74,196,'2019-04-25 05:25:34','2019-04-25 05:25:34'),(1102,74,293,'2019-04-25 05:25:34','2019-04-25 05:25:34'),(1103,74,294,'2019-04-25 05:25:34','2019-04-25 05:25:34'),(1104,74,295,'2019-04-25 05:25:34','2019-04-25 05:25:34'),(1105,74,103,'2019-04-25 05:25:34','2019-04-25 05:25:34'),(1106,74,200,'2019-04-25 05:25:34','2019-04-25 05:25:34'),(1107,74,298,'2019-04-25 05:25:34','2019-04-25 05:25:34'),(1108,74,299,'2019-04-25 05:25:34','2019-04-25 05:25:34'),(1109,74,105,'2019-04-25 05:25:34','2019-04-25 05:25:34'),(1110,74,107,'2019-04-25 05:25:34','2019-04-25 05:25:34'),(1111,74,108,'2019-04-25 05:25:34','2019-04-25 05:25:34'),(1112,74,202,'2019-04-25 05:25:34','2019-04-25 05:25:34'),(1113,74,205,'2019-04-25 05:25:34','2019-04-25 05:25:34'),(1114,74,296,'2019-04-25 05:25:34','2019-04-25 05:25:34'),(1115,75,196,'2019-04-26 11:03:55','2019-04-26 11:03:55'),(1161,78,101,'2019-04-29 04:25:23','2019-04-29 04:25:23'),(1162,78,102,'2019-04-29 04:25:23','2019-04-29 04:25:23'),(1163,78,196,'2019-04-29 04:25:23','2019-04-29 04:25:23'),(1164,78,293,'2019-04-29 04:25:23','2019-04-29 04:25:23'),(1165,78,294,'2019-04-29 04:25:23','2019-04-29 04:25:23'),(1166,78,295,'2019-04-29 04:25:23','2019-04-29 04:25:23'),(1167,78,103,'2019-04-29 04:25:23','2019-04-29 04:25:23'),(1168,78,200,'2019-04-29 04:25:23','2019-04-29 04:25:23'),(1169,78,298,'2019-04-29 04:25:23','2019-04-29 04:25:23'),(1170,78,299,'2019-04-29 04:25:23','2019-04-29 04:25:23'),(1171,78,105,'2019-04-29 04:25:23','2019-04-29 04:25:23'),(1172,78,107,'2019-04-29 04:25:23','2019-04-29 04:25:23'),(1173,78,108,'2019-04-29 04:25:23','2019-04-29 04:25:23'),(1174,78,202,'2019-04-29 04:25:23','2019-04-29 04:25:23'),(1175,78,205,'2019-04-29 04:25:23','2019-04-29 04:25:23'),(1176,78,296,'2019-04-29 04:25:23','2019-04-29 04:25:23'),(1177,79,101,'2019-04-29 05:39:43','2019-04-29 05:39:43'),(1178,79,102,'2019-04-29 05:39:43','2019-04-29 05:39:43'),(1179,79,196,'2019-04-29 05:39:43','2019-04-29 05:39:43'),(1180,79,293,'2019-04-29 05:39:43','2019-04-29 05:39:43'),(1181,79,294,'2019-04-29 05:39:43','2019-04-29 05:39:43'),(1182,79,295,'2019-04-29 05:39:43','2019-04-29 05:39:43'),(1183,79,103,'2019-04-29 05:39:43','2019-04-29 05:39:43'),(1184,79,200,'2019-04-29 05:39:43','2019-04-29 05:39:43'),(1185,79,298,'2019-04-29 05:39:43','2019-04-29 05:39:43'),(1186,79,299,'2019-04-29 05:39:43','2019-04-29 05:39:43'),(1187,79,105,'2019-04-29 05:39:43','2019-04-29 05:39:43'),(1188,79,107,'2019-04-29 05:39:43','2019-04-29 05:39:43'),(1189,79,108,'2019-04-29 05:39:43','2019-04-29 05:39:43'),(1190,79,202,'2019-04-29 05:39:43','2019-04-29 05:39:43'),(1191,79,205,'2019-04-29 05:39:43','2019-04-29 05:39:43'),(1192,79,296,'2019-04-29 05:39:43','2019-04-29 05:39:43'),(1209,81,101,'2019-04-29 09:19:34','2019-04-29 09:19:34'),(1210,81,102,'2019-04-29 09:19:34','2019-04-29 09:19:34'),(1211,81,196,'2019-04-29 09:19:34','2019-04-29 09:19:34'),(1212,81,293,'2019-04-29 09:19:34','2019-04-29 09:19:34'),(1213,81,294,'2019-04-29 09:19:34','2019-04-29 09:19:34'),(1214,81,295,'2019-04-29 09:19:34','2019-04-29 09:19:34'),(1215,81,103,'2019-04-29 09:19:34','2019-04-29 09:19:34'),(1216,81,200,'2019-04-29 09:19:34','2019-04-29 09:19:34'),(1217,81,298,'2019-04-29 09:19:34','2019-04-29 09:19:34'),(1218,81,299,'2019-04-29 09:19:34','2019-04-29 09:19:34'),(1219,81,105,'2019-04-29 09:19:34','2019-04-29 09:19:34'),(1220,81,107,'2019-04-29 09:19:34','2019-04-29 09:19:34'),(1221,81,108,'2019-04-29 09:19:34','2019-04-29 09:19:34'),(1222,81,202,'2019-04-29 09:19:34','2019-04-29 09:19:34'),(1223,81,205,'2019-04-29 09:19:34','2019-04-29 09:19:34'),(1224,81,296,'2019-04-29 09:19:34','2019-04-29 09:19:34'),(1225,82,101,'2019-04-29 10:32:51','2019-04-29 10:32:51'),(1226,82,102,'2019-04-29 10:32:51','2019-04-29 10:32:51'),(1227,82,196,'2019-04-29 10:32:51','2019-04-29 10:32:51'),(1228,82,293,'2019-04-29 10:32:51','2019-04-29 10:32:51'),(1229,82,294,'2019-04-29 10:32:51','2019-04-29 10:32:51'),(1230,82,295,'2019-04-29 10:32:51','2019-04-29 10:32:51'),(1231,82,103,'2019-04-29 10:32:51','2019-04-29 10:32:51'),(1232,82,200,'2019-04-29 10:32:51','2019-04-29 10:32:51'),(1233,82,298,'2019-04-29 10:32:51','2019-04-29 10:32:51'),(1234,82,299,'2019-04-29 10:32:51','2019-04-29 10:32:51'),(1235,82,105,'2019-04-29 10:32:51','2019-04-29 10:32:51'),(1236,82,107,'2019-04-29 10:32:51','2019-04-29 10:32:51'),(1237,82,108,'2019-04-29 10:32:51','2019-04-29 10:32:51'),(1238,82,202,'2019-04-29 10:32:51','2019-04-29 10:32:51'),(1239,82,205,'2019-04-29 10:32:51','2019-04-29 10:32:51'),(1240,82,296,'2019-04-29 10:32:51','2019-04-29 10:32:51'),(1241,83,101,'2019-05-01 07:18:05','2019-05-01 07:18:05'),(1242,83,102,'2019-05-01 07:18:05','2019-05-01 07:18:05'),(1243,83,196,'2019-05-01 07:18:05','2019-05-01 07:18:05'),(1244,83,293,'2019-05-01 07:18:05','2019-05-01 07:18:05'),(1245,83,294,'2019-05-01 07:18:05','2019-05-01 07:18:05'),(1246,83,295,'2019-05-01 07:18:05','2019-05-01 07:18:05'),(1247,83,103,'2019-05-01 07:18:05','2019-05-01 07:18:05'),(1248,83,200,'2019-05-01 07:18:05','2019-05-01 07:18:05'),(1249,83,298,'2019-05-01 07:18:05','2019-05-01 07:18:05'),(1250,83,299,'2019-05-01 07:18:05','2019-05-01 07:18:05'),(1251,83,105,'2019-05-01 07:18:05','2019-05-01 07:18:05'),(1252,83,107,'2019-05-01 07:18:05','2019-05-01 07:18:05'),(1253,83,108,'2019-05-01 07:18:05','2019-05-01 07:18:05'),(1254,83,202,'2019-05-01 07:18:05','2019-05-01 07:18:05'),(1255,83,205,'2019-05-01 07:18:05','2019-05-01 07:18:05'),(1256,83,296,'2019-05-01 07:18:05','2019-05-01 07:18:05'),(1257,84,101,'2019-05-07 08:07:36','2019-05-07 08:07:36'),(1258,84,102,'2019-05-07 08:07:36','2019-05-07 08:07:36'),(1259,84,196,'2019-05-07 08:07:36','2019-05-07 08:07:36'),(1260,84,293,'2019-05-07 08:07:36','2019-05-07 08:07:36'),(1261,84,294,'2019-05-07 08:07:36','2019-05-07 08:07:36'),(1262,84,295,'2019-05-07 08:07:36','2019-05-07 08:07:36'),(1263,84,103,'2019-05-07 08:07:36','2019-05-07 08:07:36'),(1264,84,200,'2019-05-07 08:07:36','2019-05-07 08:07:36'),(1265,84,298,'2019-05-07 08:07:36','2019-05-07 08:07:36'),(1266,84,299,'2019-05-07 08:07:36','2019-05-07 08:07:36'),(1267,84,105,'2019-05-07 08:07:36','2019-05-07 08:07:36'),(1268,84,107,'2019-05-07 08:07:36','2019-05-07 08:07:36'),(1269,84,108,'2019-05-07 08:07:36','2019-05-07 08:07:36'),(1270,84,202,'2019-05-07 08:07:36','2019-05-07 08:07:36'),(1271,84,205,'2019-05-07 08:07:36','2019-05-07 08:07:36'),(1272,84,296,'2019-05-07 08:07:36','2019-05-07 08:07:36'),(1273,85,101,'2019-05-07 08:33:37','2019-05-07 08:33:37');
/*!40000 ALTER TABLE `company_services` ENABLE KEYS */;
UNLOCK TABLES;

--
-- Table structure for table `company_users`
--

DROP TABLE IF EXISTS `company_users`;
/*!40101 SET @saved_cs_client     = @@character_set_client */;
/*!40101 SET character_set_client = utf8 */;
CREATE TABLE `company_users` (
  `id` int(10) unsigned NOT NULL AUTO_INCREMENT,
  `user_id` int(10) unsigned DEFAULT NULL,
  `company_id` int(10) unsigned DEFAULT NULL,
  `employee_code` varchar(255) COLLATE utf8mb4_unicode_ci DEFAULT NULL,
  `is_primary` int(11) NOT NULL DEFAULT '0',
  `created_at` timestamp NULL DEFAULT NULL,
  `updated_at` timestamp NULL DEFAULT NULL,
  PRIMARY KEY (`id`),
  KEY `company_users_user_id_foreign` (`user_id`),
  KEY `company_users_company_id_foreign` (`company_id`),
  CONSTRAINT `company_users_company_id_foreign` FOREIGN KEY (`company_id`) REFERENCES `company` (`id`) ON DELETE CASCADE ON UPDATE CASCADE,
  CONSTRAINT `company_users_user_id_foreign` FOREIGN KEY (`user_id`) REFERENCES `users` (`id`) ON DELETE CASCADE ON UPDATE CASCADE
) ENGINE=InnoDB AUTO_INCREMENT=148 DEFAULT CHARSET=utf8mb4 COLLATE=utf8mb4_unicode_ci;
/*!40101 SET character_set_client = @saved_cs_client */;

--
-- Dumping data for table `company_users`
--

LOCK TABLES `company_users` WRITE;
/*!40000 ALTER TABLE `company_users` DISABLE KEYS */;
INSERT INTO `company_users` VALUES (69,423,49,NULL,1,NULL,NULL),(70,425,50,NULL,1,NULL,NULL),(71,426,51,NULL,1,NULL,NULL),(72,427,52,NULL,1,NULL,NULL),(74,429,54,NULL,1,NULL,NULL),(75,446,52,'EMP3',0,NULL,NULL),(76,459,54,'JKayyyy',0,NULL,NULL),(77,460,54,'45333',0,NULL,NULL),(78,461,55,NULL,1,NULL,NULL),(79,462,50,'fd333333',0,NULL,NULL),(80,463,50,'fd',0,NULL,NULL),(81,464,50,'abc123',0,NULL,NULL),(82,465,50,'ret21',0,NULL,NULL),(83,472,56,NULL,1,NULL,NULL),(84,480,57,NULL,1,NULL,NULL),(85,481,58,NULL,1,NULL,NULL),(86,482,59,NULL,1,NULL,NULL),(88,485,61,NULL,1,NULL,NULL),(89,486,61,'emp',0,NULL,NULL),(90,489,62,NULL,1,NULL,NULL),(91,490,63,NULL,1,NULL,NULL),(92,496,64,NULL,1,NULL,NULL),(93,498,50,'\"fdd\"',0,NULL,NULL),(94,499,50,'\"fd\"',0,NULL,NULL),(95,500,50,'jhon123',0,NULL,NULL),(96,506,54,'tedd',0,NULL,NULL),(102,538,67,NULL,1,NULL,NULL),(110,551,71,NULL,1,NULL,NULL),(111,552,71,'EMP100',0,NULL,NULL),(112,557,72,NULL,1,NULL,NULL),(113,558,72,'EMP55',0,NULL,NULL),(115,560,74,NULL,1,NULL,NULL),(116,563,72,'EMP23',0,NULL,NULL),(117,564,72,'TEST34',0,NULL,NULL),(118,565,72,'EMP345',0,NULL,NULL),(119,566,72,'EMP567',0,NULL,NULL),(120,567,72,'EMP553',0,NULL,NULL),(121,568,72,'EMP5673Q',0,NULL,NULL),(122,569,74,'EMP10+5',0,NULL,NULL),(123,570,75,NULL,1,NULL,NULL),(128,577,50,'rest',0,NULL,NULL),(130,579,50,'Te set',0,NULL,NULL),(135,586,78,NULL,1,NULL,NULL),(136,587,78,'EMP8',0,NULL,NULL),(137,590,79,NULL,1,NULL,NULL),(138,591,79,'EMP10',0,NULL,NULL),(140,594,81,NULL,1,NULL,NULL),(141,595,81,'EMP TEST',0,NULL,NULL),(142,597,82,NULL,1,NULL,NULL),(143,598,82,'TSET EMP',0,NULL,NULL),(144,600,83,NULL,1,NULL,NULL),(145,601,83,'EMP14',0,NULL,NULL),(146,603,84,NULL,1,NULL,NULL),(147,605,85,NULL,1,NULL,NULL);
/*!40000 ALTER TABLE `company_users` ENABLE KEYS */;
UNLOCK TABLES;

--
-- Table structure for table `contact_us`
--

DROP TABLE IF EXISTS `contact_us`;
/*!40101 SET @saved_cs_client     = @@character_set_client */;
/*!40101 SET character_set_client = utf8 */;
CREATE TABLE `contact_us` (
  `id` int(10) unsigned NOT NULL AUTO_INCREMENT,
  `user_id` int(11) NOT NULL,
  `name` varchar(64) COLLATE utf8mb4_unicode_ci NOT NULL,
  `email` varchar(255) COLLATE utf8mb4_unicode_ci NOT NULL,
  `phone_number` varchar(255) COLLATE utf8mb4_unicode_ci DEFAULT NULL,
  `comment` text COLLATE utf8mb4_unicode_ci,
  `reason` varchar(255) COLLATE utf8mb4_unicode_ci NOT NULL,
  `created_at` timestamp NULL DEFAULT NULL,
  `updated_at` timestamp NULL DEFAULT NULL,
  PRIMARY KEY (`id`)
) ENGINE=InnoDB AUTO_INCREMENT=13 DEFAULT CHARSET=utf8mb4 COLLATE=utf8mb4_unicode_ci;
/*!40101 SET character_set_client = @saved_cs_client */;

--
-- Dumping data for table `contact_us`
--

LOCK TABLES `contact_us` WRITE;
/*!40000 ALTER TABLE `contact_us` DISABLE KEYS */;
INSERT INTO `contact_us` VALUES (2,0,'userf','usef@gmail.com','9874621583','Test Enquiry','contact_us','2019-04-08 09:32:53','2019-04-08 09:32:53'),(3,0,'testsd','testt@gmail.com','9874621583','tes','contact_us','2019-04-08 09:33:04','2019-04-08 09:33:04'),(4,0,'jinal','jinalce36@gmail.com','1212454579','contact j','contact_us','2019-04-10 06:04:49','2019-04-10 06:04:49'),(5,0,'jinal','jinalce36@gmail.com','1212454579','contact j','contact_us','2019-04-10 06:06:08','2019-04-10 06:06:08'),(6,0,'jinal','jinalce36@gmail.com','1212454579','contact j','contact_us','2019-04-10 06:07:11','2019-04-10 06:07:11'),(7,0,'jinal','jinalce36@gmail.com','1212454579','contact j','contact_us','2019-04-10 06:45:29','2019-04-10 06:45:29'),(8,0,'jinal','jinalce36@gmail.com','1212454579','contact j','contact_us','2019-04-10 06:46:11','2019-04-10 06:46:11'),(10,430,'jinal','jinalce36@gmail.com','1212454579','Lorem Ipsum is simply dummy text of the printing and typesetting industry. Lorem Ipsum has been the industry\'s standard dummy text ever since the 1500s, when an unknown printer took a galley of type and scrambled it to make a type specimen book. It has survived not only five centuries, but also the leap into electronic typesetting, remaining essentially unchanged. It was popularised in the 1960s with the release of Letraset sheets containing Lorem Ipsum passages, and more recently with desktop publishing software like Aldus PageMaker including versions of Lorem Ipsum.','contact us','2019-04-10 09:24:56','2019-04-10 09:24:56'),(11,425,'jinal','jinalce36@gmail.com','1212454579','Lorem Ipsum is simply dummy text of the printing and typesetting industry. Lorem Ipsum has been the industry\'s standard dummy text ever since the 1500s, when an unknown printer took a galley of type and scrambled it to make a type specimen book. It has survived not only five centuries, but also the leap into electronic typesetting, remaining essentially unchanged. It was popularised in the 1960s with the release of Letraset sheets containing Lorem Ipsum passages, and more recently with desktop publishing software like Aldus PageMaker including versions of Lorem Ipsum.','contact us','2019-04-17 08:37:43','2019-04-17 08:37:43'),(12,425,'jinal','jinalce36@gmail.com','1212454579','Lorem Ipsum is simply dummy text of the printing and typesetting industry. Lorem Ipsum has been the industry\'s standard dummy text ever since the 1500s, when an unknown printer took a galley of type and scrambled it to make a type specimen book. It has survived not only five centuries, but also the leap into electronic typesetting, remaining essentially unchanged. It was popularised in the 1960s with the release of Letraset sheets containing Lorem Ipsum passages, and more recently with desktop publishing software like Aldus PageMaker including versions of Lorem Ipsum.','contact us','2019-05-02 01:01:21','2019-05-02 01:01:21');
/*!40000 ALTER TABLE `contact_us` ENABLE KEYS */;
UNLOCK TABLES;

--
-- Table structure for table `country`
--

DROP TABLE IF EXISTS `country`;
/*!40101 SET @saved_cs_client     = @@character_set_client */;
/*!40101 SET character_set_client = utf8 */;
CREATE TABLE `country` (
  `id` int(11) NOT NULL AUTO_INCREMENT,
  `country_code` varchar(2) NOT NULL DEFAULT '',
  `name` varchar(100) NOT NULL DEFAULT '',
  `status` int(11) NOT NULL DEFAULT '1',
  `created_at` datetime DEFAULT NULL,
  `updated_at` datetime DEFAULT NULL,
  PRIMARY KEY (`id`)
) ENGINE=MyISAM AUTO_INCREMENT=247 DEFAULT CHARSET=utf8;
/*!40101 SET character_set_client = @saved_cs_client */;

--
-- Dumping data for table `country`
--

LOCK TABLES `country` WRITE;
/*!40000 ALTER TABLE `country` DISABLE KEYS */;
INSERT INTO `country` VALUES (1,'CA','Canada',1,NULL,NULL),(2,'AL','Albania',1,NULL,NULL),(3,'DZ','Algeria',1,NULL,NULL),(4,'DS','American Samoa',1,NULL,NULL),(5,'AD','Andorra',1,NULL,NULL),(6,'AO','Angola',1,NULL,NULL),(7,'AI','Anguilla',1,NULL,NULL),(8,'AQ','Antarctica',1,NULL,NULL),(9,'AG','Antigua and Barbuda',1,NULL,NULL),(10,'AR','Argentina',1,NULL,NULL),(11,'AM','Armenia',1,NULL,NULL),(12,'AW','Aruba',1,NULL,NULL),(13,'AU','Australia',1,NULL,NULL),(14,'AT','Austria',1,NULL,NULL),(15,'AZ','Azerbaijan',1,NULL,NULL),(16,'BS','Bahamas',1,NULL,NULL),(17,'BH','Bahrain',1,NULL,NULL),(18,'BD','Bangladesh',1,NULL,NULL),(19,'BB','Barbados',1,NULL,NULL),(20,'BY','Belarus',1,NULL,NULL),(21,'BE','Belgium',1,NULL,NULL),(22,'BZ','Belize',1,NULL,NULL),(23,'BJ','Benin',1,NULL,NULL),(24,'BM','Bermuda',1,NULL,NULL),(25,'BT','Bhutan',1,NULL,NULL),(26,'BO','Bolivia',1,NULL,NULL),(27,'BA','Bosnia and Herzegovina',1,NULL,NULL),(28,'BW','Botswana',1,NULL,NULL),(29,'BV','Bouvet Island',1,NULL,NULL),(30,'BR','Brazil',1,NULL,NULL),(31,'IO','British Indian Ocean Territory',1,NULL,NULL),(32,'BN','Brunei Darussalam',1,NULL,NULL),(33,'BG','Bulgaria',1,NULL,NULL),(34,'BF','Burkina Faso',1,NULL,NULL),(35,'BI','Burundi',1,NULL,NULL),(36,'KH','Cambodia',1,NULL,NULL),(37,'CM','Cameroon',1,NULL,NULL),(38,'AF','Afghanistan',1,NULL,NULL),(39,'CV','Cape Verde',1,NULL,NULL),(40,'KY','Cayman Islands',1,NULL,NULL),(41,'CF','Central African Republic',1,NULL,NULL),(42,'TD','Chad',1,NULL,NULL),(43,'CL','Chile',1,NULL,NULL),(44,'CN','China',1,NULL,NULL),(45,'CX','Christmas Island',1,NULL,NULL),(46,'CC','Cocos (Keeling) Islands',1,NULL,NULL),(47,'CO','Colombia',1,NULL,NULL),(48,'KM','Comoros',1,NULL,NULL),(49,'CG','Congo',1,NULL,NULL),(50,'CK','Cook Islands',1,NULL,NULL),(51,'CR','Costa Rica',1,NULL,NULL),(52,'HR','Croatia (Hrvatska)',1,NULL,NULL),(53,'CU','Cuba',1,NULL,NULL),(54,'CY','Cyprus',1,NULL,NULL),(55,'CZ','Czech Republic',1,NULL,NULL),(56,'DK','Denmark',1,NULL,NULL),(57,'DJ','Djibouti',1,NULL,NULL),(58,'DM','Dominica',1,NULL,NULL),(59,'DO','Dominican Republic',1,NULL,NULL),(60,'TP','East Timor',1,NULL,NULL),(61,'EC','Ecuador',1,NULL,NULL),(62,'EG','Egypt',1,NULL,NULL),(63,'SV','El Salvador',1,NULL,NULL),(64,'GQ','Equatorial Guinea',1,NULL,NULL),(65,'ER','Eritrea',1,NULL,NULL),(66,'EE','Estonia',1,NULL,NULL),(67,'ET','Ethiopia',1,NULL,NULL),(68,'FK','Falkland Islands (Malvinas)',1,NULL,NULL),(69,'FO','Faroe Islands',1,NULL,NULL),(70,'FJ','Fiji',1,NULL,NULL),(71,'FI','Finland',1,NULL,NULL),(72,'FR','France',1,NULL,NULL),(73,'FX','France, Metropolitan',1,NULL,NULL),(74,'GF','French Guiana',1,NULL,NULL),(75,'PF','French Polynesia',1,NULL,NULL),(76,'TF','French Southern Territories',1,NULL,NULL),(77,'GA','Gabon',1,NULL,NULL),(78,'GM','Gambia',1,NULL,NULL),(79,'GE','Georgia',1,NULL,NULL),(80,'DE','Germany',1,NULL,NULL),(81,'GH','Ghana',1,NULL,NULL),(82,'GI','Gibraltar',1,NULL,NULL),(83,'GK','Guernsey',1,NULL,NULL),(84,'GR','Greece',1,NULL,NULL),(85,'GL','Greenland',1,NULL,NULL),(86,'GD','Grenada',1,NULL,NULL),(87,'GP','Guadeloupe',1,NULL,NULL),(88,'GU','Guam',1,NULL,NULL),(89,'GT','Guatemala',1,NULL,NULL),(90,'GN','Guinea',1,NULL,NULL),(91,'GW','Guinea-Bissau',1,NULL,NULL),(92,'GY','Guyana',1,NULL,NULL),(93,'HT','Haiti',1,NULL,NULL),(94,'HM','Heard and Mc Donald Islands',1,NULL,NULL),(95,'HN','Honduras',1,NULL,NULL),(96,'HK','Hong Kong',1,NULL,NULL),(97,'HU','Hungary',1,NULL,NULL),(98,'IS','Iceland',1,NULL,NULL),(99,'IN','India',1,NULL,NULL),(100,'IM','Isle of Man',1,NULL,NULL),(101,'ID','Indonesia',1,NULL,NULL),(102,'IR','Iran (Islamic Republic of)',1,NULL,NULL),(103,'IQ','Iraq',1,NULL,NULL),(104,'IE','Ireland',1,NULL,NULL),(105,'IL','Israel',1,NULL,NULL),(106,'IT','Italy',1,NULL,NULL),(107,'CI','Ivory Coast',1,NULL,NULL),(108,'JE','Jersey',1,NULL,NULL),(109,'JM','Jamaica',1,NULL,NULL),(110,'JP','Japan',1,NULL,NULL),(111,'JO','Jordan',1,NULL,NULL),(112,'KZ','Kazakhstan',1,NULL,NULL),(113,'KE','Kenya',1,NULL,NULL),(114,'KI','Kiribati',1,NULL,NULL),(115,'KP','Korea, Democratic People\'s Republic of',1,NULL,NULL),(116,'KR','Korea, Republic of',1,NULL,NULL),(117,'XK','Kosovo',1,NULL,NULL),(118,'KW','Kuwait',1,NULL,NULL),(119,'KG','Kyrgyzstan',1,NULL,NULL),(120,'LA','Lao People\'s Democratic Republic',1,NULL,NULL),(121,'LV','Latvia',1,NULL,NULL),(122,'LB','Lebanon',1,NULL,NULL),(123,'LS','Lesotho',1,NULL,NULL),(124,'LR','Liberia',1,NULL,NULL),(125,'LY','Libyan Arab Jamahiriya',1,NULL,NULL),(126,'LI','Liechtenstein',1,NULL,NULL),(127,'LT','Lithuania',1,NULL,NULL),(128,'LU','Luxembourg',1,NULL,NULL),(129,'MO','Macau',1,NULL,NULL),(130,'MK','Macedonia',1,NULL,NULL),(131,'MG','Madagascar',1,NULL,NULL),(132,'MW','Malawi',1,NULL,NULL),(133,'MY','Malaysia',1,NULL,NULL),(134,'MV','Maldives',1,NULL,NULL),(135,'ML','Mali',1,NULL,NULL),(136,'MT','Malta',1,NULL,NULL),(137,'MH','Marshall Islands',1,NULL,NULL),(138,'MQ','Martinique',1,NULL,NULL),(139,'MR','Mauritania',1,NULL,NULL),(140,'MU','Mauritius',1,NULL,NULL),(141,'TY','Mayotte',1,NULL,NULL),(142,'MX','Mexico',1,NULL,NULL),(143,'FM','Micronesia, Federated States of',1,NULL,NULL),(144,'MD','Moldova, Republic of',1,NULL,NULL),(145,'MC','Monaco',1,NULL,NULL),(146,'MN','Mongolia',1,NULL,NULL),(147,'ME','Montenegro',1,NULL,NULL),(148,'MS','Montserrat',1,NULL,NULL),(149,'MA','Morocco',1,NULL,NULL),(150,'MZ','Mozambique',1,NULL,NULL),(151,'MM','Myanmar',1,NULL,NULL),(152,'NA','Namibia',1,NULL,NULL),(153,'NR','Nauru',1,NULL,NULL),(154,'NP','Nepal',1,NULL,NULL),(155,'NL','Netherlands',1,NULL,NULL),(156,'AN','Netherlands Antilles',1,NULL,NULL),(157,'NC','New Caledonia',1,NULL,NULL),(158,'NZ','New Zealand',1,NULL,NULL),(159,'NI','Nicaragua',1,NULL,NULL),(160,'NE','Niger',1,NULL,NULL),(161,'NG','Nigeria',1,NULL,NULL),(162,'NU','Niue',1,NULL,NULL),(163,'NF','Norfolk Island',1,NULL,NULL),(164,'MP','Northern Mariana Islands',1,NULL,NULL),(165,'NO','Norway',1,NULL,NULL),(166,'OM','Oman',1,NULL,NULL),(167,'PK','Pakistan',1,NULL,NULL),(168,'PW','Palau',1,NULL,NULL),(169,'PS','Palestine',1,NULL,NULL),(170,'PA','Panama',1,NULL,NULL),(171,'PG','Papua New Guinea',1,NULL,NULL),(172,'PY','Paraguay',1,NULL,NULL),(173,'PE','Peru',1,NULL,NULL),(174,'PH','Philippines',1,NULL,NULL),(175,'PN','Pitcairn',1,NULL,NULL),(176,'PL','Poland',1,NULL,NULL),(177,'PT','Portugal',1,NULL,NULL),(178,'PR','Puerto Rico',1,NULL,NULL),(179,'QA','Qatar',1,NULL,NULL),(180,'RE','Reunion',1,NULL,NULL),(181,'RO','Romania',1,NULL,NULL),(182,'RU','Russian Federation',1,NULL,NULL),(183,'RW','Rwanda',1,NULL,NULL),(184,'KN','Saint Kitts and Nevis',1,NULL,NULL),(185,'LC','Saint Lucia',1,NULL,NULL),(186,'VC','Saint Vincent and the Grenadines',1,NULL,NULL),(187,'WS','Samoa',1,NULL,NULL),(188,'SM','San Marino',1,NULL,NULL),(189,'ST','Sao Tome and Principe',1,NULL,NULL),(190,'SA','Saudi Arabia',1,NULL,NULL),(191,'SN','Senegal',1,NULL,NULL),(192,'RS','Serbia',1,NULL,NULL),(193,'SC','Seychelles',1,NULL,NULL),(194,'SL','Sierra Leone',1,NULL,NULL),(195,'SG','Singapore',1,NULL,NULL),(196,'SK','Slovakia',1,NULL,NULL),(197,'SI','Slovenia',1,NULL,NULL),(198,'SB','Solomon Islands',1,NULL,NULL),(199,'SO','Somalia',1,NULL,NULL),(200,'ZA','South Africa',1,NULL,NULL),(201,'GS','South Georgia South Sandwich Islands',1,NULL,NULL),(202,'SS','South Sudan',1,NULL,NULL),(203,'ES','Spain',1,NULL,NULL),(204,'LK','Sri Lanka',1,NULL,NULL),(205,'SH','St. Helena',1,NULL,NULL),(206,'PM','St. Pierre and Miquelon',1,NULL,NULL),(207,'SD','Sudan',1,NULL,NULL),(208,'SR','Suriname',1,NULL,NULL),(209,'SJ','Svalbard and Jan Mayen Islands',1,NULL,NULL),(210,'SZ','Swaziland',1,NULL,NULL),(211,'SE','Sweden',1,NULL,NULL),(212,'CH','Switzerland',1,NULL,NULL),(213,'SY','Syrian Arab Republic',1,NULL,NULL),(214,'TW','Taiwan',1,NULL,NULL),(215,'TJ','Tajikistan',1,NULL,NULL),(216,'TZ','Tanzania, United Republic of',1,NULL,NULL),(217,'TH','Thailand',1,NULL,NULL),(218,'TG','Togo',1,NULL,NULL),(219,'TK','Tokelau',1,NULL,NULL),(220,'TO','Tonga',1,NULL,NULL),(221,'TT','Trinidad and Tobago',1,NULL,NULL),(222,'TN','Tunisia',1,NULL,NULL),(223,'TR','Turkey',1,NULL,NULL),(224,'TM','Turkmenistan',1,NULL,NULL),(225,'TC','Turks and Caicos Islands',1,NULL,NULL),(226,'TV','Tuvalu',1,NULL,NULL),(227,'UG','Uganda',1,NULL,NULL),(228,'UA','Ukraine',1,NULL,NULL),(229,'AE','United Arab Emirates',1,NULL,NULL),(230,'GB','United Kingdom',1,NULL,NULL),(231,'US','United States',1,NULL,NULL),(232,'UM','United States minor outlying islands',1,NULL,NULL),(233,'UY','Uruguay',1,NULL,NULL),(234,'UZ','Uzbekistan',1,NULL,NULL),(235,'VU','Vanuatu',1,NULL,NULL),(236,'VA','Vatican City State',1,NULL,NULL),(237,'VE','Venezuela',1,NULL,NULL),(238,'VN','Vietnam',1,NULL,NULL),(239,'VG','Virgin Islands (British)',1,NULL,NULL),(240,'VI','Virgin Islands (U.S.)',1,NULL,NULL),(241,'WF','Wallis and Futuna Islands',1,NULL,NULL),(242,'EH','Western Sahara',1,NULL,NULL),(243,'YE','Yemen',1,NULL,NULL),(244,'ZR','Zaire',1,NULL,NULL),(245,'ZM','Zambia',1,NULL,NULL),(246,'ZW','Zimbabwe',1,NULL,NULL);
/*!40000 ALTER TABLE `country` ENABLE KEYS */;
UNLOCK TABLES;

--
-- Table structure for table `email_templete_type`
--

DROP TABLE IF EXISTS `email_templete_type`;
/*!40101 SET @saved_cs_client     = @@character_set_client */;
/*!40101 SET character_set_client = utf8 */;
CREATE TABLE `email_templete_type` (
  `id` int(10) unsigned NOT NULL AUTO_INCREMENT,
  `type` varchar(255) COLLATE utf8mb4_unicode_ci DEFAULT NULL,
  `created_at` timestamp NULL DEFAULT NULL,
  `updated_at` timestamp NULL DEFAULT NULL,
  PRIMARY KEY (`id`)
) ENGINE=InnoDB AUTO_INCREMENT=22 DEFAULT CHARSET=utf8mb4 COLLATE=utf8mb4_unicode_ci;
/*!40101 SET character_set_client = @saved_cs_client */;

--
-- Dumping data for table `email_templete_type`
--

LOCK TABLES `email_templete_type` WRITE;
/*!40000 ALTER TABLE `email_templete_type` DISABLE KEYS */;
INSERT INTO `email_templete_type` VALUES (1,'CUSTOMER_REGISTRATION_ACKOWLADGEMENT_EMAIL',NULL,NULL),(2,'CUSTOMER_REGISTRATION_EMAIL_TO_ADMIN',NULL,NULL),(3,'WELCOME_EMAIL_TO_USER',NULL,NULL),(4,'FORGOT_PASSWORD_FOR_ADMIN',NULL,NULL),(5,'FORGOT_PASSWORD_FOR_CUSTOMER',NULL,NULL),(6,'FORGOT_PASSWORD_FOR_PROVIDER',NULL,NULL),(7,'QUOTE_REQUEST_TO_VENDOR',NULL,NULL),(8,'QUOTE_REQUEST_ACCEPTED_NOTIFICATION_TO_CUSTOMER',NULL,NULL),(9,'QUOTE_REQUEST_REJECTED_BY_VENDOR_NOTIFICATION_TO_CUSTOMER',NULL,NULL),(10,'QUOTE_RECEIVED_NOTIFICATION_TO_CUSTOMER',NULL,NULL),(11,'QUOTE_ACCEPTED_NOTIFICATION_TO_VENDOR',NULL,NULL),(12,'QUOTE_REJECTED_BY_CUSTOMER_NOTIFICATION_TO_PROVIDER',NULL,NULL),(13,'CONTACT_US_ACKNOWLEDGEMENT_TO_USER',NULL,NULL),(14,'CONTACT_US_TO_ADMIN',NULL,NULL),(15,'SUBSCRIPTION_PURCHASE_TO_CUSTOMER',NULL,NULL),(16,'SUBSCRIPTION_PURCHASE_TO_ADMIN',NULL,NULL),(17,'QUOTE_COMPLETED_NOTIFICATION_TO_CUSTOMER_TO_RATE',NULL,NULL),(18,'QUOTE_CLOSED_NOTIFICATION_TO_PROVIDER_TO_RATE',NULL,NULL),(19,'JOB_STATUS_CHANGE_NOTIFICATION_TO_CUSTOMER',NULL,NULL),(20,'JOB_STATUS_CHANGE_NOTIFICATION_TO_VENDOR',NULL,NULL),(21,'EMAIL_TO_ADMIN_FOR_NO_PROVIDER_ACCEPTANCE_FOR_QUOTE',NULL,NULL);
/*!40000 ALTER TABLE `email_templete_type` ENABLE KEYS */;
UNLOCK TABLES;

--
-- Table structure for table `job_checkin_checkout`
--

DROP TABLE IF EXISTS `job_checkin_checkout`;
/*!40101 SET @saved_cs_client     = @@character_set_client */;
/*!40101 SET character_set_client = utf8 */;
CREATE TABLE `job_checkin_checkout` (
  `id` int(11) NOT NULL AUTO_INCREMENT,
  `job_id` int(11) NOT NULL,
  `type` tinyint(1) DEFAULT NULL,
  `created_at` datetime NOT NULL DEFAULT CURRENT_TIMESTAMP,
  `updated_at` datetime NOT NULL DEFAULT CURRENT_TIMESTAMP,
  PRIMARY KEY (`id`),
  KEY `job_id` (`job_id`)
) ENGINE=InnoDB AUTO_INCREMENT=13 DEFAULT CHARSET=latin1;
/*!40101 SET character_set_client = @saved_cs_client */;

--
-- Dumping data for table `job_checkin_checkout`
--

LOCK TABLES `job_checkin_checkout` WRITE;
/*!40000 ALTER TABLE `job_checkin_checkout` DISABLE KEYS */;
INSERT INTO `job_checkin_checkout` VALUES (1,1,0,'2019-05-07 05:52:19','2019-05-07 09:52:19'),(2,1,1,'2019-05-07 05:52:22','2019-05-07 09:52:22'),(3,2,0,'2019-05-07 06:01:49','2019-05-07 10:01:49'),(4,2,1,'2019-05-07 06:01:50','2019-05-07 10:01:50'),(5,5,0,'2019-05-07 08:16:08','2019-05-07 12:16:08'),(6,5,1,'2019-05-07 08:16:10','2019-05-07 12:16:10'),(7,5,0,'2019-05-07 08:16:14','2019-05-07 12:16:14'),(8,5,1,'2019-05-07 08:16:18','2019-05-07 12:16:18'),(9,5,0,'2019-05-07 08:16:20','2019-05-07 12:16:20'),(10,5,1,'2019-05-07 08:16:42','2019-05-07 12:16:42'),(11,5,0,'2019-05-07 08:16:51','2019-05-07 12:16:51'),(12,5,1,'2019-05-07 08:16:58','2019-05-07 12:16:58');
/*!40000 ALTER TABLE `job_checkin_checkout` ENABLE KEYS */;
UNLOCK TABLES;

--
-- Table structure for table `job_details_track`
--

DROP TABLE IF EXISTS `job_details_track`;
/*!40101 SET @saved_cs_client     = @@character_set_client */;
/*!40101 SET character_set_client = utf8 */;
CREATE TABLE `job_details_track` (
  `id` int(10) unsigned NOT NULL AUTO_INCREMENT,
  `user_id` int(10) unsigned DEFAULT NULL,
  `vendor_id` int(10) DEFAULT NULL,
  `job_id` int(10) unsigned NOT NULL,
  `process_status` varchar(255) COLLATE utf8mb4_unicode_ci DEFAULT NULL,
  `description` text COLLATE utf8mb4_unicode_ci,
  `created_at` timestamp NULL DEFAULT NULL,
  `updated_at` timestamp NULL DEFAULT NULL,
  PRIMARY KEY (`id`),
  KEY `job_details_track_job_id_foreign` (`job_id`),
  KEY `job_details_track_user_id_foreign` (`user_id`),
  CONSTRAINT `job_details_track_job_id_foreign` FOREIGN KEY (`job_id`) REFERENCES `jobs` (`id`) ON DELETE CASCADE ON UPDATE CASCADE,
  CONSTRAINT `job_details_track_user_id_foreign` FOREIGN KEY (`user_id`) REFERENCES `users` (`id`) ON DELETE CASCADE ON UPDATE CASCADE
) ENGINE=InnoDB AUTO_INCREMENT=135 DEFAULT CHARSET=utf8mb4 COLLATE=utf8mb4_unicode_ci;
/*!40101 SET character_set_client = @saved_cs_client */;

--
-- Dumping data for table `job_details_track`
--

LOCK TABLES `job_details_track` WRITE;
/*!40000 ALTER TABLE `job_details_track` DISABLE KEYS */;
INSERT INTO `job_details_track` VALUES (1,421,NULL,1,'1','Your request has been sent to our Service Provider and is under review.','2019-05-07 05:51:34','2019-05-07 05:51:34'),(2,NULL,NULL,1,'1','Your request has been sent to our Vendor and is under review.','2019-05-07 05:51:34','2019-05-07 05:51:34'),(3,425,NULL,1,'1','You\'ve got a new quote request.','2019-05-07 05:51:34','2019-05-07 05:51:34'),(4,429,NULL,1,'1','You\'ve got a new quote request.','2019-05-07 05:51:35','2019-05-07 05:51:35'),(5,429,NULL,1,'2','You have accepted the quote request. Customer is awaiting for quotation.','2019-05-07 05:51:45','2019-05-07 05:51:45'),(6,421,429,1,'2','Our Service Provider has accepted your request and will contact you shortly.','2019-05-07 05:51:45','2019-05-07 05:51:45'),(7,NULL,429,1,'2','Our Vendor has accepted your request and will contact you shortly.','2019-05-07 05:51:45','2019-05-07 05:51:45'),(8,429,NULL,1,'3','You have sent quotation for service. Awaiting for customer approval.','2019-05-07 05:52:02','2019-05-07 05:52:02'),(9,NULL,429,1,'3','Our vendor added quotation and waiting for customer approval.','2019-05-07 05:52:02','2019-05-07 05:52:02'),(10,421,429,1,'3','You have received a quote. Our Service Provider is awaiting your approval to proceed.','2019-05-07 05:52:02','2019-05-07 05:52:02'),(11,421,429,1,'4','You have approved our quote. We will proceed with the job according to the specified timeline.','2019-05-07 05:52:10','2019-05-07 05:52:10'),(12,NULL,429,1,'4','Quotation has been approved by customer.','2019-05-07 05:52:10','2019-05-07 05:52:10'),(13,429,NULL,1,'4','Your quotation has been approved by customer.','2019-05-07 05:52:10','2019-05-07 05:52:10'),(14,425,NULL,1,'0','Customer approved another service provider\'s quotation.','2019-05-07 05:52:12','2019-05-07 05:52:12'),(15,429,NULL,1,'5','You have marked service as inprogress.','2019-05-07 05:52:17','2019-05-07 05:52:17'),(16,421,NULL,1,'5','Our Service Provider has marked service as inprogress.','2019-05-07 05:52:17','2019-05-07 05:52:17'),(17,NULL,NULL,1,'5','Our Service Provider has marked service as inprogress.','2019-05-07 05:52:17','2019-05-07 05:52:17'),(18,429,NULL,1,'5','You have Checked in','2019-05-07 05:52:19','2019-05-07 05:52:19'),(19,421,NULL,1,'5','Our Service Provider has Checked in.','2019-05-07 05:52:19','2019-05-07 05:52:19'),(20,NULL,NULL,1,'5','Our Service Provider has Checked in.','2019-05-07 05:52:19','2019-05-07 05:52:19'),(21,429,NULL,1,'5','You have Checked out','2019-05-07 05:52:22','2019-05-07 05:52:22'),(22,421,NULL,1,'5','Our Service Provider has Checked out.','2019-05-07 05:52:22','2019-05-07 05:52:22'),(23,NULL,NULL,1,'5','Our Service Provider has Checked out.','2019-05-07 05:52:22','2019-05-07 05:52:22'),(24,421,NULL,1,'6','Our Service Provider has marked the job complete and is waiting for your approval.','2019-05-07 05:52:47','2019-05-07 05:52:47'),(25,429,NULL,1,'6','You have completed the service . Soon, customer will approve and rate it.','2019-05-07 05:52:47','2019-05-07 05:52:47'),(26,NULL,NULL,1,'6','Our Vendor has marked the job complete and is waiting for your approval.','2019-05-07 05:52:47','2019-05-07 05:52:47'),(27,NULL,NULL,1,'8','Customer marked this job complete. An invoice will be available shortly.','2019-05-07 05:54:49','2019-05-07 05:54:49'),(28,421,NULL,1,'8','You have marked this job as completed. An invoice will be available shortly.','2019-05-07 05:54:49','2019-05-07 05:54:49'),(29,NULL,NULL,1,'8','Customer marked this job complete. An invoice will be available shortly.','2019-05-07 05:56:51','2019-05-07 05:56:51'),(30,421,NULL,1,'8','You have marked this job as completed. An invoice will be available shortly.','2019-05-07 05:56:51','2019-05-07 05:56:51'),(31,NULL,NULL,1,'8','Customer marked this job complete. An invoice will be available shortly.','2019-05-07 05:58:03','2019-05-07 05:58:03'),(32,421,NULL,1,'8','You have marked this job as completed. An invoice will be available shortly.','2019-05-07 05:58:03','2019-05-07 05:58:03'),(33,NULL,NULL,1,'8','Customer marked this job complete. An invoice will be available shortly.','2019-05-07 05:58:56','2019-05-07 05:58:56'),(34,421,NULL,1,'8','You have marked this job as completed. An invoice will be available shortly.','2019-05-07 05:58:56','2019-05-07 05:58:56'),(35,NULL,NULL,1,'8','Customer marked this job complete. An invoice will be available shortly.','2019-05-07 06:00:08','2019-05-07 06:00:08'),(36,421,NULL,1,'8','You have marked this job as completed. An invoice will be available shortly.','2019-05-07 06:00:08','2019-05-07 06:00:08'),(37,421,NULL,2,'1','Your request has been sent to our Service Provider and is under review.','2019-05-07 06:00:48','2019-05-07 06:00:48'),(38,NULL,NULL,2,'1','Your request has been sent to our Vendor and is under review.','2019-05-07 06:00:48','2019-05-07 06:00:48'),(39,425,NULL,2,'1','You\'ve got a new quote request.','2019-05-07 06:00:48','2019-05-07 06:00:48'),(40,429,NULL,2,'1','You\'ve got a new quote request.','2019-05-07 06:00:50','2019-05-07 06:00:50'),(41,429,NULL,2,'2','You have accepted the quote request. Customer is awaiting for quotation.','2019-05-07 06:01:01','2019-05-07 06:01:01'),(42,421,429,2,'2','Our Service Provider has accepted your request and will contact you shortly.','2019-05-07 06:01:01','2019-05-07 06:01:01'),(43,NULL,429,2,'2','Our Vendor has accepted your request and will contact you shortly.','2019-05-07 06:01:01','2019-05-07 06:01:01'),(44,429,NULL,2,'3','You have sent quotation for service. Awaiting for customer approval.','2019-05-07 06:01:20','2019-05-07 06:01:20'),(45,NULL,429,2,'3','Our vendor added quotation and waiting for customer approval.','2019-05-07 06:01:20','2019-05-07 06:01:20'),(46,421,429,2,'3','You have received a quote. Our Service Provider is awaiting your approval to proceed.','2019-05-07 06:01:20','2019-05-07 06:01:20'),(47,421,429,2,'4','You have approved our quote. We will proceed with the job according to the specified timeline.','2019-05-07 06:01:36','2019-05-07 06:01:36'),(48,NULL,429,2,'4','Quotation has been approved by customer.','2019-05-07 06:01:36','2019-05-07 06:01:36'),(49,429,NULL,2,'4','Your quotation has been approved by customer.','2019-05-07 06:01:36','2019-05-07 06:01:36'),(50,425,NULL,2,'0','Customer approved another service provider\'s quotation.','2019-05-07 06:01:39','2019-05-07 06:01:39'),(51,429,NULL,2,'5','You have marked service as inprogress.','2019-05-07 06:01:46','2019-05-07 06:01:46'),(52,421,NULL,2,'5','Our Service Provider has marked service as inprogress.','2019-05-07 06:01:46','2019-05-07 06:01:46'),(53,NULL,NULL,2,'5','Our Service Provider has marked service as inprogress.','2019-05-07 06:01:46','2019-05-07 06:01:46'),(54,429,NULL,2,'5','You have Checked in','2019-05-07 06:01:49','2019-05-07 06:01:49'),(55,421,NULL,2,'5','Our Service Provider has Checked in.','2019-05-07 06:01:49','2019-05-07 06:01:49'),(56,NULL,NULL,2,'5','Our Service Provider has Checked in.','2019-05-07 06:01:49','2019-05-07 06:01:49'),(57,429,NULL,2,'5','You have Checked out','2019-05-07 06:01:50','2019-05-07 06:01:50'),(58,421,NULL,2,'5','Our Service Provider has Checked out.','2019-05-07 06:01:50','2019-05-07 06:01:50'),(59,NULL,NULL,2,'5','Our Service Provider has Checked out.','2019-05-07 06:01:50','2019-05-07 06:01:50'),(60,421,NULL,2,'6','Our Service Provider has marked the job complete and is waiting for your approval.','2019-05-07 06:01:52','2019-05-07 06:01:52'),(61,429,NULL,2,'6','You have completed the service . Soon, customer will approve and rate it.','2019-05-07 06:01:52','2019-05-07 06:01:52'),(62,NULL,NULL,2,'6','Our Vendor has marked the job complete and is waiting for your approval.','2019-05-07 06:01:52','2019-05-07 06:01:52'),(63,421,NULL,2,'7','You have marked this job as disputed.','2019-05-07 06:02:20','2019-05-07 06:02:20'),(64,421,NULL,3,'1','Your request has been sent to our Service Provider and is under review.','2019-05-07 07:19:06','2019-05-07 07:19:06'),(65,NULL,NULL,3,'1','Your request has been sent to our Vendor and is under review.','2019-05-07 07:19:06','2019-05-07 07:19:06'),(66,425,NULL,3,'1','You\'ve got a new quote request.','2019-05-07 07:19:06','2019-05-07 07:19:06'),(67,429,NULL,3,'1','You\'ve got a new quote request.','2019-05-07 07:19:07','2019-05-07 07:19:07'),(68,429,NULL,3,'2','You have accepted the quote request. Customer is awaiting for quotation.','2019-05-07 07:24:20','2019-05-07 07:24:20'),(69,421,429,3,'2','Our Service Provider has accepted your request and will contact you shortly.','2019-05-07 07:24:20','2019-05-07 07:24:20'),(70,NULL,429,3,'2','Our Vendor has accepted your request and will contact you shortly.','2019-05-07 07:24:20','2019-05-07 07:24:20'),(71,429,NULL,3,'3','You have sent quotation for service. Awaiting for customer approval.','2019-05-07 07:24:37','2019-05-07 07:24:37'),(72,NULL,429,3,'3','Our vendor added quotation and waiting for customer approval.','2019-05-07 07:24:37','2019-05-07 07:24:37'),(73,421,429,3,'3','You have received a quote. Our Service Provider is awaiting your approval to proceed.','2019-05-07 07:24:37','2019-05-07 07:24:37'),(74,421,429,3,'4','You have approved our quote. We will proceed with the job according to the specified timeline.','2019-05-07 07:54:15','2019-05-07 07:54:15'),(75,NULL,429,3,'4','Quotation has been approved by customer.','2019-05-07 07:54:15','2019-05-07 07:54:15'),(76,429,NULL,3,'4','Your quotation has been approved by customer.','2019-05-07 07:54:15','2019-05-07 07:54:15'),(77,421,NULL,4,'1','Your request has been sent to our Service Provider and is under review.','2019-05-07 07:55:06','2019-05-07 07:55:06'),(78,NULL,NULL,4,'1','Your request has been sent to our Vendor and is under review.','2019-05-07 07:55:06','2019-05-07 07:55:06'),(79,425,NULL,4,'1','You\'ve got a new quote request.','2019-05-07 07:55:06','2019-05-07 07:55:06'),(80,429,NULL,4,'1','You\'ve got a new quote request.','2019-05-07 07:55:08','2019-05-07 07:55:08'),(81,429,NULL,4,'2','You have accepted the quote request. Customer is awaiting for quotation.','2019-05-07 07:55:26','2019-05-07 07:55:26'),(82,421,429,4,'2','Our Service Provider has accepted your request and will contact you shortly.','2019-05-07 07:55:26','2019-05-07 07:55:26'),(83,NULL,429,4,'2','Our Vendor has accepted your request and will contact you shortly.','2019-05-07 07:55:26','2019-05-07 07:55:26'),(84,429,NULL,4,'3','You have sent quotation for service. Awaiting for customer approval.','2019-05-07 07:55:40','2019-05-07 07:55:40'),(85,NULL,429,4,'3','Our vendor added quotation and waiting for customer approval.','2019-05-07 07:55:40','2019-05-07 07:55:40'),(86,421,429,4,'3','You have received a quote. Our Service Provider is awaiting your approval to proceed.','2019-05-07 07:55:40','2019-05-07 07:55:40'),(87,421,429,4,'4','You have approved our quote. We will proceed with the job according to the specified timeline.','2019-05-07 07:56:44','2019-05-07 07:56:44'),(88,NULL,429,4,'4','Quotation has been approved by customer.','2019-05-07 07:56:44','2019-05-07 07:56:44'),(89,429,NULL,4,'4','Your quotation has been approved by customer.','2019-05-07 07:56:44','2019-05-07 07:56:44'),(90,425,NULL,4,'0','Customer approved another service provider\'s quotation.','2019-05-07 07:56:46','2019-05-07 07:56:46'),(91,604,NULL,5,'1','Your request has been sent to our Service Provider and is under review.','2019-05-07 08:12:46','2019-05-07 08:12:46'),(92,NULL,NULL,5,'1','Your request has been sent to our Vendor and is under review.','2019-05-07 08:12:46','2019-05-07 08:12:46'),(93,603,NULL,5,'1','You\'ve got a new quote request.','2019-05-07 08:12:46','2019-05-07 08:12:46'),(94,603,NULL,5,'2','You have accepted the quote request. Customer is awaiting for quotation.','2019-05-07 08:14:10','2019-05-07 08:14:10'),(95,604,603,5,'2','Our Service Provider has accepted your request and will contact you shortly.','2019-05-07 08:14:10','2019-05-07 08:14:10'),(96,NULL,603,5,'2','Our Vendor has accepted your request and will contact you shortly.','2019-05-07 08:14:10','2019-05-07 08:14:10'),(97,603,NULL,5,'3','You have sent quotation for service. Awaiting for customer approval.','2019-05-07 08:14:57','2019-05-07 08:14:57'),(98,NULL,603,5,'3','Our vendor added quotation and waiting for customer approval.','2019-05-07 08:14:57','2019-05-07 08:14:57'),(99,604,603,5,'3','You have received a quote. Our Service Provider is awaiting your approval to proceed.','2019-05-07 08:14:57','2019-05-07 08:14:57'),(100,604,603,5,'4','You have approved our quote. We will proceed with the job according to the specified timeline.','2019-05-07 08:15:32','2019-05-07 08:15:32'),(101,NULL,603,5,'4','Quotation has been approved by customer.','2019-05-07 08:15:32','2019-05-07 08:15:32'),(102,603,NULL,5,'4','Your quotation has been approved by customer.','2019-05-07 08:15:32','2019-05-07 08:15:32'),(103,603,NULL,5,'5','You have marked service as inprogress.','2019-05-07 08:16:06','2019-05-07 08:16:06'),(104,604,NULL,5,'5','Our Service Provider has marked service as inprogress.','2019-05-07 08:16:06','2019-05-07 08:16:06'),(105,NULL,NULL,5,'5','Our Service Provider has marked service as inprogress.','2019-05-07 08:16:06','2019-05-07 08:16:06'),(106,603,NULL,5,'5','You have Checked in','2019-05-07 08:16:08','2019-05-07 08:16:08'),(107,604,NULL,5,'5','Our Service Provider has Checked in.','2019-05-07 08:16:08','2019-05-07 08:16:08'),(108,NULL,NULL,5,'5','Our Service Provider has Checked in.','2019-05-07 08:16:08','2019-05-07 08:16:08'),(109,603,NULL,5,'5','You have Checked out','2019-05-07 08:16:10','2019-05-07 08:16:10'),(110,604,NULL,5,'5','Our Service Provider has Checked out.','2019-05-07 08:16:10','2019-05-07 08:16:10'),(111,NULL,NULL,5,'5','Our Service Provider has Checked out.','2019-05-07 08:16:10','2019-05-07 08:16:10'),(112,603,NULL,5,'5','You have Checked in','2019-05-07 08:16:14','2019-05-07 08:16:14'),(113,604,NULL,5,'5','Our Service Provider has Checked in.','2019-05-07 08:16:14','2019-05-07 08:16:14'),(114,NULL,NULL,5,'5','Our Service Provider has Checked in.','2019-05-07 08:16:14','2019-05-07 08:16:14'),(115,603,NULL,5,'5','You have Checked out','2019-05-07 08:16:18','2019-05-07 08:16:18'),(116,604,NULL,5,'5','Our Service Provider has Checked out.','2019-05-07 08:16:18','2019-05-07 08:16:18'),(117,NULL,NULL,5,'5','Our Service Provider has Checked out.','2019-05-07 08:16:18','2019-05-07 08:16:18'),(118,603,NULL,5,'5','You have Checked in','2019-05-07 08:16:20','2019-05-07 08:16:20'),(119,604,NULL,5,'5','Our Service Provider has Checked in.','2019-05-07 08:16:20','2019-05-07 08:16:20'),(120,NULL,NULL,5,'5','Our Service Provider has Checked in.','2019-05-07 08:16:20','2019-05-07 08:16:20'),(121,603,NULL,5,'5','You have Checked out','2019-05-07 08:16:42','2019-05-07 08:16:42'),(122,604,NULL,5,'5','Our Service Provider has Checked out.','2019-05-07 08:16:42','2019-05-07 08:16:42'),(123,NULL,NULL,5,'5','Our Service Provider has Checked out.','2019-05-07 08:16:42','2019-05-07 08:16:42'),(124,603,NULL,5,'5','You have Checked in','2019-05-07 08:16:51','2019-05-07 08:16:51'),(125,604,NULL,5,'5','Our Service Provider has Checked in.','2019-05-07 08:16:51','2019-05-07 08:16:51'),(126,NULL,NULL,5,'5','Our Service Provider has Checked in.','2019-05-07 08:16:51','2019-05-07 08:16:51'),(127,603,NULL,5,'5','You have Checked out','2019-05-07 08:16:58','2019-05-07 08:16:58'),(128,604,NULL,5,'5','Our Service Provider has Checked out.','2019-05-07 08:16:58','2019-05-07 08:16:58'),(129,NULL,NULL,5,'5','Our Service Provider has Checked out.','2019-05-07 08:16:58','2019-05-07 08:16:58'),(130,604,NULL,5,'6','Our Service Provider has marked the job complete and is waiting for your approval.','2019-05-07 08:17:00','2019-05-07 08:17:00'),(131,603,NULL,5,'6','You have completed the service . Soon, customer will approve and rate it.','2019-05-07 08:17:00','2019-05-07 08:17:00'),(132,NULL,NULL,5,'6','Our Vendor has marked the job complete and is waiting for your approval.','2019-05-07 08:17:00','2019-05-07 08:17:00'),(133,NULL,NULL,5,'8','Customer marked this job complete. An invoice will be available shortly.','2019-05-07 08:17:07','2019-05-07 08:17:07'),(134,604,NULL,5,'8','You have marked this job as completed. An invoice will be available shortly.','2019-05-07 08:17:07','2019-05-07 08:17:07');
/*!40000 ALTER TABLE `job_details_track` ENABLE KEYS */;
UNLOCK TABLES;

--
-- Table structure for table `job_disputes`
--

DROP TABLE IF EXISTS `job_disputes`;
/*!40101 SET @saved_cs_client     = @@character_set_client */;
/*!40101 SET character_set_client = utf8 */;
CREATE TABLE `job_disputes` (
  `id` int(10) unsigned NOT NULL AUTO_INCREMENT,
  `job_id` int(10) unsigned DEFAULT NULL,
  `user_id` int(10) unsigned DEFAULT NULL,
  `job_quotation_id` int(10) unsigned DEFAULT NULL,
  `reason` varchar(255) COLLATE utf8mb4_unicode_ci DEFAULT NULL,
  `comment` text COLLATE utf8mb4_unicode_ci NOT NULL,
  `resolve_comment` text COLLATE utf8mb4_unicode_ci,
  `status` int(11) NOT NULL DEFAULT '0' COMMENT '0 - disputed 1 - resolved',
  `created_by` int(10) unsigned DEFAULT NULL,
  `updated_by` int(10) unsigned DEFAULT NULL,
  `created_at` timestamp NULL DEFAULT NULL,
  `updated_at` timestamp NULL DEFAULT NULL,
  PRIMARY KEY (`id`),
  KEY `job_disputes_job_id_foreign` (`job_id`),
  KEY `job_disputes_user_id_foreign` (`user_id`),
  KEY `job_disputes_job_quotation_id_foreign` (`job_quotation_id`),
  CONSTRAINT `job_disputes_job_id_foreign` FOREIGN KEY (`job_id`) REFERENCES `jobs` (`id`) ON DELETE CASCADE ON UPDATE CASCADE,
  CONSTRAINT `job_disputes_job_quotation_id_foreign` FOREIGN KEY (`job_quotation_id`) REFERENCES `job_quotations` (`id`) ON DELETE CASCADE ON UPDATE CASCADE,
  CONSTRAINT `job_disputes_user_id_foreign` FOREIGN KEY (`user_id`) REFERENCES `users` (`id`) ON DELETE CASCADE ON UPDATE CASCADE
) ENGINE=InnoDB AUTO_INCREMENT=2 DEFAULT CHARSET=utf8mb4 COLLATE=utf8mb4_unicode_ci;
/*!40101 SET character_set_client = @saved_cs_client */;

--
-- Dumping data for table `job_disputes`
--

LOCK TABLES `job_disputes` WRITE;
/*!40000 ALTER TABLE `job_disputes` DISABLE KEYS */;
INSERT INTO `job_disputes` VALUES (1,2,421,2,'Feedback','ttttt',NULL,0,NULL,NULL,'2019-05-07 06:02:20','2019-05-07 06:02:20');
/*!40000 ALTER TABLE `job_disputes` ENABLE KEYS */;
UNLOCK TABLES;

--
-- Table structure for table `job_images`
--

DROP TABLE IF EXISTS `job_images`;
/*!40101 SET @saved_cs_client     = @@character_set_client */;
/*!40101 SET character_set_client = utf8 */;
CREATE TABLE `job_images` (
  `id` int(10) unsigned NOT NULL AUTO_INCREMENT,
  `job_id` int(10) unsigned NOT NULL,
  `user_id` int(10) unsigned NOT NULL,
  `path` varchar(255) COLLATE utf8mb4_unicode_ci DEFAULT NULL,
  `created_at` timestamp NULL DEFAULT NULL,
  `updated_at` timestamp NULL DEFAULT NULL,
  PRIMARY KEY (`id`),
  KEY `job_images_job_id_foreign` (`job_id`),
  KEY `job_images_user_id_foreign` (`user_id`),
  CONSTRAINT `job_images_job_id_foreign` FOREIGN KEY (`job_id`) REFERENCES `jobs` (`id`) ON DELETE CASCADE ON UPDATE CASCADE,
  CONSTRAINT `job_images_user_id_foreign` FOREIGN KEY (`user_id`) REFERENCES `users` (`id`) ON DELETE CASCADE ON UPDATE CASCADE
) ENGINE=InnoDB AUTO_INCREMENT=2 DEFAULT CHARSET=utf8mb4 COLLATE=utf8mb4_unicode_ci;
/*!40101 SET character_set_client = @saved_cs_client */;

--
-- Dumping data for table `job_images`
--

LOCK TABLES `job_images` WRITE;
/*!40000 ALTER TABLE `job_images` DISABLE KEYS */;
INSERT INTO `job_images` VALUES (1,5,604,'jobs/omnee-job-image-01557231169.jpg','2019-05-07 08:12:49','2019-05-07 08:12:49');
/*!40000 ALTER TABLE `job_images` ENABLE KEYS */;
UNLOCK TABLES;

--
-- Table structure for table `job_invoices`
--

DROP TABLE IF EXISTS `job_invoices`;
/*!40101 SET @saved_cs_client     = @@character_set_client */;
/*!40101 SET character_set_client = utf8 */;
CREATE TABLE `job_invoices` (
  `id` int(10) unsigned NOT NULL AUTO_INCREMENT,
  `job_id` int(10) unsigned DEFAULT NULL,
  `path` varchar(255) COLLATE utf8mb4_unicode_ci DEFAULT NULL,
  `comment` text COLLATE utf8mb4_unicode_ci,
  `amount` double DEFAULT NULL,
  `created_by` int(10) unsigned DEFAULT NULL,
  `updated_by` int(10) unsigned DEFAULT NULL,
  `created_at` timestamp NULL DEFAULT NULL,
  `updated_at` timestamp NULL DEFAULT NULL,
  PRIMARY KEY (`id`),
  KEY `job_invoices_job_id_foreign` (`job_id`),
  CONSTRAINT `job_invoices_job_id_foreign` FOREIGN KEY (`job_id`) REFERENCES `jobs` (`id`) ON DELETE CASCADE ON UPDATE CASCADE
) ENGINE=InnoDB AUTO_INCREMENT=2 DEFAULT CHARSET=utf8mb4 COLLATE=utf8mb4_unicode_ci;
/*!40101 SET character_set_client = @saved_cs_client */;

--
-- Dumping data for table `job_invoices`
--

LOCK TABLES `job_invoices` WRITE;
/*!40000 ALTER TABLE `job_invoices` DISABLE KEYS */;
INSERT INTO `job_invoices` VALUES (1,5,'job_invoice/omnee-job-inovice-1557231545.png','500',500,1,NULL,'2019-05-07 08:19:05','2019-05-07 08:19:05');
/*!40000 ALTER TABLE `job_invoices` ENABLE KEYS */;
UNLOCK TABLES;

--
-- Table structure for table `job_quotation_items`
--

DROP TABLE IF EXISTS `job_quotation_items`;
/*!40101 SET @saved_cs_client     = @@character_set_client */;
/*!40101 SET character_set_client = utf8 */;
CREATE TABLE `job_quotation_items` (
  `id` int(10) unsigned NOT NULL AUTO_INCREMENT,
  `quotation_id` int(10) unsigned NOT NULL,
  `particulars` varchar(255) COLLATE utf8mb4_unicode_ci DEFAULT NULL,
  `cost` varchar(255) COLLATE utf8mb4_unicode_ci DEFAULT NULL,
  `created_at` timestamp NULL DEFAULT NULL,
  `updated_at` timestamp NULL DEFAULT NULL,
  PRIMARY KEY (`id`),
  KEY `job_quotation_items_quotation_id_foreign` (`quotation_id`),
  CONSTRAINT `job_quotation_items_quotation_id_foreign` FOREIGN KEY (`quotation_id`) REFERENCES `job_quotations` (`id`) ON DELETE CASCADE ON UPDATE CASCADE
) ENGINE=InnoDB AUTO_INCREMENT=7 DEFAULT CHARSET=utf8mb4 COLLATE=utf8mb4_unicode_ci;
/*!40101 SET character_set_client = @saved_cs_client */;

--
-- Dumping data for table `job_quotation_items`
--

LOCK TABLES `job_quotation_items` WRITE;
/*!40000 ALTER TABLE `job_quotation_items` DISABLE KEYS */;
INSERT INTO `job_quotation_items` VALUES (1,1,'a vV','520','2019-05-07 05:52:02','2019-05-07 05:52:02'),(2,2,'ggg','2500','2019-05-07 06:01:20','2019-05-07 06:01:20'),(3,3,'ff','2500','2019-05-07 07:24:37','2019-05-07 07:24:37'),(4,4,'vzzv','250','2019-05-07 07:55:40','2019-05-07 07:55:40'),(5,5,'1st','1500','2019-05-07 08:14:57','2019-05-07 08:14:57'),(6,5,'2nd','2000','2019-05-07 08:14:57','2019-05-07 08:14:57');
/*!40000 ALTER TABLE `job_quotation_items` ENABLE KEYS */;
UNLOCK TABLES;

--
-- Table structure for table `job_quotations`
--

DROP TABLE IF EXISTS `job_quotations`;
/*!40101 SET @saved_cs_client     = @@character_set_client */;
/*!40101 SET character_set_client = utf8 */;
CREATE TABLE `job_quotations` (
  `id` int(10) unsigned NOT NULL AUTO_INCREMENT,
  `job_id` int(10) unsigned NOT NULL,
  `vendor_id` int(10) unsigned NOT NULL,
  `user_id` int(10) unsigned NOT NULL,
  `agreed_on` date NOT NULL,
  `agreed_at` time NOT NULL,
  `amount` varchar(255) COLLATE utf8mb4_unicode_ci DEFAULT NULL,
  `discount_amount` varchar(255) COLLATE utf8mb4_unicode_ci DEFAULT NULL,
  `final_amount` varchar(255) COLLATE utf8mb4_unicode_ci DEFAULT NULL,
  `tax_rate` float DEFAULT NULL,
  `status` int(11) NOT NULL DEFAULT '0',
  `approved_at` datetime DEFAULT NULL,
  `created_at` timestamp NULL DEFAULT NULL,
  `updated_at` timestamp NULL DEFAULT NULL,
  PRIMARY KEY (`id`),
  KEY `job_quotations_job_id_foreign` (`job_id`),
  KEY `job_quotations_vendor_id_foreign` (`vendor_id`),
  KEY `job_quotations_user_id_foreign` (`user_id`),
  CONSTRAINT `job_quotations_job_id_foreign` FOREIGN KEY (`job_id`) REFERENCES `jobs` (`id`) ON DELETE CASCADE ON UPDATE CASCADE,
  CONSTRAINT `job_quotations_user_id_foreign` FOREIGN KEY (`user_id`) REFERENCES `users` (`id`) ON DELETE CASCADE ON UPDATE CASCADE,
  CONSTRAINT `job_quotations_vendor_id_foreign` FOREIGN KEY (`vendor_id`) REFERENCES `users` (`id`) ON DELETE CASCADE ON UPDATE CASCADE
) ENGINE=InnoDB AUTO_INCREMENT=6 DEFAULT CHARSET=utf8mb4 COLLATE=utf8mb4_unicode_ci;
/*!40101 SET character_set_client = @saved_cs_client */;

--
-- Dumping data for table `job_quotations`
--

LOCK TABLES `job_quotations` WRITE;
/*!40000 ALTER TABLE `job_quotations` DISABLE KEYS */;
INSERT INTO `job_quotations` VALUES (1,1,429,421,'2019-05-08','09:00:00','100',NULL,'546.0',5,1,'2019-05-07 05:52:10','2019-05-07 05:52:02','2019-05-07 05:52:10'),(2,2,429,421,'2019-05-07','09:00:00','500',NULL,'3800.0',52,1,'2019-05-07 06:01:36','2019-05-07 06:01:20','2019-05-07 06:01:36'),(3,3,429,421,'2019-05-08','09:00:00','200',NULL,'3050.0',22,1,'2019-05-07 07:54:15','2019-05-07 07:24:37','2019-05-07 07:54:15'),(4,4,429,421,'2019-05-07','07:00:00','52',NULL,'262.5',5,1,'2019-05-07 07:56:44','2019-05-07 07:55:40','2019-05-07 07:56:44'),(5,5,603,604,'2019-05-07','08:30:00','1500',NULL,'4025.0',15,1,'2019-05-07 08:15:32','2019-05-07 08:14:57','2019-05-07 08:15:32');
/*!40000 ALTER TABLE `job_quotations` ENABLE KEYS */;
UNLOCK TABLES;

--
-- Table structure for table `job_status`
--

DROP TABLE IF EXISTS `job_status`;
/*!40101 SET @saved_cs_client     = @@character_set_client */;
/*!40101 SET character_set_client = utf8 */;
CREATE TABLE `job_status` (
  `id` int(10) unsigned NOT NULL AUTO_INCREMENT,
  `name` varchar(255) COLLATE utf8mb4_unicode_ci DEFAULT NULL,
  `created_at` timestamp NULL DEFAULT NULL,
  `updated_at` timestamp NULL DEFAULT NULL,
  PRIMARY KEY (`id`)
) ENGINE=InnoDB AUTO_INCREMENT=10 DEFAULT CHARSET=utf8mb4 COLLATE=utf8mb4_unicode_ci;
/*!40101 SET character_set_client = @saved_cs_client */;

--
-- Dumping data for table `job_status`
--

LOCK TABLES `job_status` WRITE;
/*!40000 ALTER TABLE `job_status` DISABLE KEYS */;
INSERT INTO `job_status` VALUES (1,'Pending','2019-03-14 01:12:37',NULL),(2,'Assigned','2019-03-14 01:12:37',NULL),(3,'Quoted','2019-03-14 01:12:37',NULL),(4,'Quoted','2019-03-14 01:12:37',NULL),(5,'In Progress','2019-03-14 01:12:37',NULL),(6,'Completed','2019-03-14 01:12:37',NULL),(7,'Disputed','2019-03-14 01:12:37',NULL),(8,'Closed',NULL,NULL),(9,'Rejected',NULL,NULL);
/*!40000 ALTER TABLE `job_status` ENABLE KEYS */;
UNLOCK TABLES;

--
-- Table structure for table `job_transactions`
--

DROP TABLE IF EXISTS `job_transactions`;
/*!40101 SET @saved_cs_client     = @@character_set_client */;
/*!40101 SET character_set_client = utf8 */;
CREATE TABLE `job_transactions` (
  `id` int(10) unsigned NOT NULL AUTO_INCREMENT,
  `job_id` int(10) unsigned NOT NULL,
  `final_amount` double NOT NULL,
  `transaction_id` varchar(191) COLLATE utf8mb4_unicode_ci DEFAULT NULL,
  `description` text COLLATE utf8mb4_unicode_ci,
  `status` int(11) NOT NULL DEFAULT '0',
  `created_at` timestamp NULL DEFAULT NULL,
  `updated_at` timestamp NULL DEFAULT NULL,
  PRIMARY KEY (`id`),
  KEY `job_transactions_job_id_foreign` (`job_id`),
  CONSTRAINT `job_transactions_job_id_foreign` FOREIGN KEY (`job_id`) REFERENCES `jobs` (`id`) ON DELETE CASCADE ON UPDATE CASCADE
) ENGINE=InnoDB AUTO_INCREMENT=9 DEFAULT CHARSET=utf8mb4 COLLATE=utf8mb4_unicode_ci;
/*!40101 SET character_set_client = @saved_cs_client */;

--
-- Dumping data for table `job_transactions`
--

LOCK TABLES `job_transactions` WRITE;
/*!40000 ALTER TABLE `job_transactions` DISABLE KEYS */;
INSERT INTO `job_transactions` VALUES (1,1,100,'ch_1EXPy2JRDdgPf7kDNY6cL1jx','Job #000001 deposite amount has been paid.',1,'2019-05-07 05:52:11','2019-05-07 05:52:11'),(2,1,446,'ch_1EXQ4bJRDdgPf7kDcmI54CsE','Job #000001 deposite amount has been paid.',1,'2019-05-07 05:58:58','2019-05-07 05:58:58'),(3,1,0,NULL,'Invalid positive integer',2,'2019-05-07 06:00:09','2019-05-07 06:00:09'),(4,2,500,'ch_1EXQ7BJRDdgPf7kDJw0Vzte8','Job #000002 deposite amount has been paid.',1,'2019-05-07 06:01:37','2019-05-07 06:01:37'),(5,2,3300,'ch_1EXQ7tJRDdgPf7kDli0eUhKJ','Job #000002 deposite amount has been paid.',1,'2019-05-07 06:02:21','2019-05-07 06:02:21'),(6,4,52,'ch_1EXRubJRDdgPf7kDwBqPeI2H','Job #000004 deposite amount has been paid.',1,'2019-05-07 07:56:45','2019-05-07 07:56:45'),(7,5,1500,'ch_1EXSCnJRDdgPf7kDDCArznOE','Job #000005 deposite amount has been paid.',1,'2019-05-07 08:15:33','2019-05-07 08:15:33'),(8,5,2525,'ch_1EXSEJJRDdgPf7kDR7oRegm4','Job #000005 final amount has been paid.',1,'2019-05-07 08:17:08','2019-05-07 08:17:08');
/*!40000 ALTER TABLE `job_transactions` ENABLE KEYS */;
UNLOCK TABLES;

--
-- Table structure for table `jobs`
--

DROP TABLE IF EXISTS `jobs`;
/*!40101 SET @saved_cs_client     = @@character_set_client */;
/*!40101 SET character_set_client = utf8 */;
CREATE TABLE `jobs` (
  `id` int(10) unsigned NOT NULL AUTO_INCREMENT,
  `job_number` varchar(191) COLLATE utf8mb4_unicode_ci DEFAULT NULL,
  `property_id` int(10) unsigned NOT NULL,
  `user_id` int(10) unsigned NOT NULL,
  `vendor_id` varchar(255) COLLATE utf8mb4_unicode_ci DEFAULT NULL,
  `amount` double DEFAULT NULL,
  `category_id` int(10) unsigned NOT NULL,
  `sub_category_id` int(10) unsigned NOT NULL,
  `type` int(10) DEFAULT '0',
  `start_date` date DEFAULT NULL,
  `end_date` date DEFAULT NULL,
  `requested_date` date DEFAULT NULL,
  `requested_time` time DEFAULT NULL,
  `mobile_number` varchar(255) COLLATE utf8mb4_unicode_ci DEFAULT NULL,
  `prefered_method` smallint(6) NOT NULL DEFAULT '0',
  `frequency` smallint(6) DEFAULT NULL,
  `repeat_on` varchar(191) COLLATE utf8mb4_unicode_ci DEFAULT NULL,
  `check_in` datetime DEFAULT NULL,
  `check_out` datetime DEFAULT NULL,
  `closed_on` datetime DEFAULT NULL,
  `description` varchar(255) COLLATE utf8mb4_unicode_ci DEFAULT NULL,
  `assign_employee_id` int(11) DEFAULT NULL,
  `rejected_vendor_id` varchar(255) COLLATE utf8mb4_unicode_ci DEFAULT NULL,
  `user_card_id` int(11) DEFAULT NULL,
  `status` int(11) NOT NULL DEFAULT '1',
  `created_at` timestamp NULL DEFAULT NULL,
  `updated_at` timestamp NULL DEFAULT NULL,
  PRIMARY KEY (`id`),
  UNIQUE KEY `jobs_job_number_unique` (`job_number`),
  KEY `jobs_property_id_foreign` (`property_id`),
  KEY `jobs_user_id_foreign` (`user_id`),
  KEY `jobs_category_id_foreign` (`category_id`),
  KEY `jobs_sub_category_id_foreign` (`sub_category_id`),
  CONSTRAINT `jobs_category_id_foreign` FOREIGN KEY (`category_id`) REFERENCES `categories` (`id`) ON DELETE CASCADE ON UPDATE CASCADE,
  CONSTRAINT `jobs_property_id_foreign` FOREIGN KEY (`property_id`) REFERENCES `properties` (`id`) ON DELETE CASCADE ON UPDATE CASCADE,
  CONSTRAINT `jobs_sub_category_id_foreign` FOREIGN KEY (`sub_category_id`) REFERENCES `sub_categories` (`id`) ON DELETE CASCADE ON UPDATE CASCADE,
  CONSTRAINT `jobs_user_id_foreign` FOREIGN KEY (`user_id`) REFERENCES `users` (`id`) ON DELETE CASCADE ON UPDATE CASCADE
) ENGINE=InnoDB AUTO_INCREMENT=6 DEFAULT CHARSET=utf8mb4 COLLATE=utf8mb4_unicode_ci;
/*!40101 SET character_set_client = @saved_cs_client */;

--
-- Dumping data for table `jobs`
--

LOCK TABLES `jobs` WRITE;
/*!40000 ALTER TABLE `jobs` DISABLE KEYS */;
INSERT INTO `jobs` VALUES (1,'000001',221,421,'425,429',546,1,196,0,NULL,NULL,'2019-05-07','08:30:00','656-564-6464',1,NULL,NULL,NULL,NULL,'2019-05-07 06:00:08','gshs',NULL,NULL,2,8,'2019-05-07 05:51:34','2019-05-07 06:00:10'),(2,'000002',221,421,'425,429',3800,1,196,0,NULL,NULL,'2019-05-08','08:30:00','555-555-5555',1,NULL,NULL,NULL,NULL,NULL,'vvvv',NULL,NULL,2,7,'2019-05-07 06:00:48','2019-05-07 06:02:23'),(3,'000003',221,421,'425,429',3050,1,196,0,NULL,NULL,'2019-05-07','09:00:00','222-222-2222',1,NULL,NULL,NULL,NULL,NULL,'gg',NULL,NULL,0,4,'2019-05-07 07:19:06','2019-05-07 07:54:15'),(4,'000004',203,421,'425,429',262.5,3,105,0,NULL,NULL,'2019-05-08','08:30:00','666-666-6666',1,NULL,NULL,NULL,NULL,NULL,'zbbz',NULL,NULL,5,4,'2019-05-07 07:55:06','2019-05-07 07:56:44'),(5,'000005',255,604,'603',4025,2,200,0,NULL,NULL,'2019-05-07','08:30:00','608-552-3686',2,NULL,NULL,NULL,NULL,'2019-05-07 08:17:07','test user',NULL,NULL,6,8,'2019-05-07 08:12:46','2019-05-07 08:17:09');
/*!40000 ALTER TABLE `jobs` ENABLE KEYS */;
UNLOCK TABLES;

--
-- Table structure for table `master_appearance_settings`
--

DROP TABLE IF EXISTS `master_appearance_settings`;
/*!40101 SET @saved_cs_client     = @@character_set_client */;
/*!40101 SET character_set_client = utf8 */;
CREATE TABLE `master_appearance_settings` (
  `id` int(10) unsigned NOT NULL AUTO_INCREMENT,
  `copyright_text` varchar(255) COLLATE utf8mb4_unicode_ci DEFAULT NULL,
  `control_panel_title` varchar(191) COLLATE utf8mb4_unicode_ci DEFAULT NULL,
  `quote_waiting_acceptance_time` int(11) DEFAULT '5',
  `valid_image_extensions` varchar(191) COLLATE utf8mb4_unicode_ci DEFAULT NULL,
  `records_per_page` int(11) DEFAULT '25',
  `created_by` int(10) unsigned DEFAULT NULL,
  `updated_by` int(10) unsigned DEFAULT NULL,
  `created_at` timestamp NULL DEFAULT NULL,
  `updated_at` timestamp NULL DEFAULT NULL,
  PRIMARY KEY (`id`)
) ENGINE=InnoDB AUTO_INCREMENT=2 DEFAULT CHARSET=utf8mb4 COLLATE=utf8mb4_unicode_ci;
/*!40101 SET character_set_client = @saved_cs_client */;

--
-- Dumping data for table `master_appearance_settings`
--

LOCK TABLES `master_appearance_settings` WRITE;
/*!40000 ALTER TABLE `master_appearance_settings` DISABLE KEYS */;
INSERT INTO `master_appearance_settings` VALUES (1,'Copyright  Omnee 2019','Omnee Admin',1,'jpg,jpeg,png,gif,svg',10,1,NULL,NULL,'2019-04-23 01:16:21');
/*!40000 ALTER TABLE `master_appearance_settings` ENABLE KEYS */;
UNLOCK TABLES;

--
-- Table structure for table `master_company`
--

DROP TABLE IF EXISTS `master_company`;
/*!40101 SET @saved_cs_client     = @@character_set_client */;
/*!40101 SET character_set_client = utf8 */;
CREATE TABLE `master_company` (
  `id` int(10) unsigned NOT NULL AUTO_INCREMENT,
  `name` varchar(255) COLLATE utf8mb4_unicode_ci DEFAULT NULL,
  `address` text COLLATE utf8mb4_unicode_ci,
  `city_id` int(10) unsigned DEFAULT NULL,
  `state_id` int(10) unsigned DEFAULT NULL,
  `country_id` int(10) unsigned DEFAULT NULL,
  `zipcode` varchar(64) COLLATE utf8mb4_unicode_ci DEFAULT NULL,
  `phone_number1` varchar(64) COLLATE utf8mb4_unicode_ci DEFAULT NULL,
  `phone_number2` varchar(64) COLLATE utf8mb4_unicode_ci DEFAULT NULL,
  `email` varchar(255) COLLATE utf8mb4_unicode_ci DEFAULT NULL,
  `website` varchar(255) COLLATE utf8mb4_unicode_ci DEFAULT NULL,
  `logo` varchar(255) COLLATE utf8mb4_unicode_ci DEFAULT NULL,
  `fav_icon` varchar(255) COLLATE utf8mb4_unicode_ci DEFAULT NULL,
  `created_at` timestamp NULL DEFAULT NULL,
  `updated_at` timestamp NULL DEFAULT NULL,
  PRIMARY KEY (`id`),
  KEY `master_company_city_id_foreign` (`city_id`),
  KEY `master_company_state_id_foreign` (`state_id`),
  KEY `master_company_country_id_foreign` (`country_id`),
  CONSTRAINT `master_company_city_id_foreign` FOREIGN KEY (`city_id`) REFERENCES `city` (`id`) ON DELETE CASCADE ON UPDATE CASCADE,
  CONSTRAINT `master_company_state_id_foreign` FOREIGN KEY (`state_id`) REFERENCES `state` (`id`) ON DELETE CASCADE ON UPDATE CASCADE
) ENGINE=InnoDB AUTO_INCREMENT=4 DEFAULT CHARSET=utf8mb4 COLLATE=utf8mb4_unicode_ci;
/*!40101 SET character_set_client = @saved_cs_client */;

--
-- Dumping data for table `master_company`
--

LOCK TABLES `master_company` WRITE;
/*!40000 ALTER TABLE `master_company` DISABLE KEYS */;
INSERT INTO `master_company` VALUES (3,'Omnee','Omnee, USA',15,16,1,'394200','999-898-9899','564-564-9879','omnee@gmail.com','http://18.216.172.103','','','2019-04-16 03:46:48','2019-04-23 02:43:39');
/*!40000 ALTER TABLE `master_company` ENABLE KEYS */;
UNLOCK TABLES;

--
-- Table structure for table `master_email_settings`
--

DROP TABLE IF EXISTS `master_email_settings`;
/*!40101 SET @saved_cs_client     = @@character_set_client */;
/*!40101 SET character_set_client = utf8 */;
CREATE TABLE `master_email_settings` (
  `id` int(10) unsigned NOT NULL AUTO_INCREMENT,
  `admin_email` varchar(255) COLLATE utf8mb4_unicode_ci DEFAULT NULL,
  `admin_from_name` varchar(64) COLLATE utf8mb4_unicode_ci DEFAULT NULL,
  `support_email` varchar(255) COLLATE utf8mb4_unicode_ci DEFAULT NULL,
  `support_from_name` varchar(64) COLLATE utf8mb4_unicode_ci DEFAULT NULL,
  `notification_email` varchar(255) COLLATE utf8mb4_unicode_ci DEFAULT NULL,
  `smtp_host` varchar(64) COLLATE utf8mb4_unicode_ci DEFAULT NULL,
  `smtp_port` varchar(64) COLLATE utf8mb4_unicode_ci DEFAULT NULL,
  `smtp_user_name` varchar(64) COLLATE utf8mb4_unicode_ci DEFAULT NULL,
  `smtp_password` varchar(255) COLLATE utf8mb4_unicode_ci DEFAULT NULL,
  `send_mail_via_smtp` tinyint(1) DEFAULT NULL,
  `created_by` int(10) unsigned DEFAULT NULL,
  `updated_by` int(10) unsigned DEFAULT NULL,
  `created_at` timestamp NULL DEFAULT NULL,
  `updated_at` timestamp NULL DEFAULT NULL,
  PRIMARY KEY (`id`)
) ENGINE=InnoDB AUTO_INCREMENT=2 DEFAULT CHARSET=utf8mb4 COLLATE=utf8mb4_unicode_ci;
/*!40101 SET character_set_client = @saved_cs_client */;

--
-- Dumping data for table `master_email_settings`
--

LOCK TABLES `master_email_settings` WRITE;
/*!40000 ALTER TABLE `master_email_settings` DISABLE KEYS */;
INSERT INTO `master_email_settings` VALUES (1,'omnee@gmail.com',NULL,'support@omnee.com',NULL,'info@omnee.com','smtp.gmail.com','587','testyourwork.em@gmail.com','elegant@123',1,1,1,'2019-03-28 07:52:48','2019-04-23 01:23:50');
/*!40000 ALTER TABLE `master_email_settings` ENABLE KEYS */;
UNLOCK TABLES;

--
-- Table structure for table `master_sms_settings`
--

DROP TABLE IF EXISTS `master_sms_settings`;
/*!40101 SET @saved_cs_client     = @@character_set_client */;
/*!40101 SET character_set_client = utf8 */;
CREATE TABLE `master_sms_settings` (
  `id` int(10) unsigned NOT NULL AUTO_INCREMENT,
  `api_url` varchar(255) COLLATE utf8mb4_unicode_ci DEFAULT NULL,
  `username` varchar(255) COLLATE utf8mb4_unicode_ci DEFAULT NULL,
  `password` varchar(255) COLLATE utf8mb4_unicode_ci DEFAULT NULL,
  `key` varchar(255) COLLATE utf8mb4_unicode_ci DEFAULT NULL,
  `created_by` int(10) unsigned DEFAULT NULL,
  `updated_by` int(10) unsigned DEFAULT NULL,
  `created_at` timestamp NULL DEFAULT NULL,
  `updated_at` timestamp NULL DEFAULT NULL,
  PRIMARY KEY (`id`)
) ENGINE=InnoDB AUTO_INCREMENT=2 DEFAULT CHARSET=utf8mb4 COLLATE=utf8mb4_unicode_ci;
/*!40101 SET character_set_client = @saved_cs_client */;

--
-- Dumping data for table `master_sms_settings`
--

LOCK TABLES `master_sms_settings` WRITE;
/*!40000 ALTER TABLE `master_sms_settings` DISABLE KEYS */;
INSERT INTO `master_sms_settings` VALUES (1,NULL,'admin','admin@123',NULL,1,1,'2019-03-28 07:56:15','2019-04-23 01:24:25');
/*!40000 ALTER TABLE `master_sms_settings` ENABLE KEYS */;
UNLOCK TABLES;

--
-- Table structure for table `meta_settings`
--

DROP TABLE IF EXISTS `meta_settings`;
/*!40101 SET @saved_cs_client     = @@character_set_client */;
/*!40101 SET character_set_client = utf8 */;
CREATE TABLE `meta_settings` (
  `id` int(10) unsigned NOT NULL AUTO_INCREMENT,
  `home_meta_title` varchar(255) COLLATE utf8mb4_unicode_ci DEFAULT NULL,
  `home_meta_keyword` text COLLATE utf8mb4_unicode_ci,
  `home_meta_description` text COLLATE utf8mb4_unicode_ci,
  `category_meta_title` varchar(255) COLLATE utf8mb4_unicode_ci DEFAULT NULL,
  `category_meta_keyword` text COLLATE utf8mb4_unicode_ci,
  `category_meta_description` text COLLATE utf8mb4_unicode_ci,
  `google_analytics_code` text COLLATE utf8mb4_unicode_ci,
  `created_by` int(10) unsigned DEFAULT NULL,
  `updated_by` int(10) unsigned DEFAULT NULL,
  `created_at` timestamp NULL DEFAULT NULL,
  `updated_at` timestamp NULL DEFAULT NULL,
  PRIMARY KEY (`id`)
) ENGINE=InnoDB DEFAULT CHARSET=utf8mb4 COLLATE=utf8mb4_unicode_ci;
/*!40101 SET character_set_client = @saved_cs_client */;

--
-- Dumping data for table `meta_settings`
--

LOCK TABLES `meta_settings` WRITE;
/*!40000 ALTER TABLE `meta_settings` DISABLE KEYS */;
/*!40000 ALTER TABLE `meta_settings` ENABLE KEYS */;
UNLOCK TABLES;

--
-- Table structure for table `migrations`
--

DROP TABLE IF EXISTS `migrations`;
/*!40101 SET @saved_cs_client     = @@character_set_client */;
/*!40101 SET character_set_client = utf8 */;
CREATE TABLE `migrations` (
  `id` int(10) unsigned NOT NULL AUTO_INCREMENT,
  `migration` varchar(191) COLLATE utf8mb4_unicode_ci NOT NULL,
  `batch` int(11) NOT NULL,
  PRIMARY KEY (`id`)
) ENGINE=InnoDB AUTO_INCREMENT=51 DEFAULT CHARSET=utf8mb4 COLLATE=utf8mb4_unicode_ci;
/*!40101 SET character_set_client = @saved_cs_client */;

--
-- Dumping data for table `migrations`
--

LOCK TABLES `migrations` WRITE;
/*!40000 ALTER TABLE `migrations` DISABLE KEYS */;
INSERT INTO `migrations` VALUES (1,'2014_10_12_100000_create_password_resets_table',1),(2,'2016_06_01_000001_create_oauth_auth_codes_table',1),(3,'2016_06_01_000002_create_oauth_access_tokens_table',1),(4,'2016_06_01_000003_create_oauth_refresh_tokens_table',1),(5,'2016_06_01_000004_create_oauth_clients_table',1),(6,'2016_06_01_000005_create_oauth_personal_access_clients_table',1),(7,'2019_02_08_000000_create_users_table',1),(8,'2019_02_08_114405_entrust_setup_tables',1),(9,'2019_02_08_150000_create_property_table',1),(10,'2019_02_09_052028_create_subscriptions_table',1),(11,'2019_02_09_062012_create_user_subscriptions_table',1),(12,'2019_02_09_093142_create_categories_table',1),(13,'2019_02_09_093257_create_sub_categories_table',1),(14,'2019_02_09_121803_create_services_table',1),(15,'2019_03_04_044329_create_property_tenants_table',1),(16,'2019_03_04_044605_create_jobs_table',1),(17,'2019_03_04_045632_create_ratings_table',1),(18,'2019_03_04_054607_create_country_table',1),(19,'2019_03_04_054609_create_state_table',1),(20,'2019_03_04_054858_create_city_table',1),(21,'2019_03_04_055104_create_job_quotations_table',1),(22,'2019_03_04_055538_create_job_transactions_table',1),(23,'2019_03_04_060702_create_user_cards_table',1),(24,'2019_03_04_062659_create_notification_settings_table',1),(25,'2019_03_04_064902_create_job_invoices_table',1),(26,'2019_03_04_065257_create_job_disputes_table',1),(27,'2019_03_04_065745_create_contact_us_table',1),(28,'2019_03_04_070631_create_master_appearance_settings_table',1),(29,'2019_03_04_071010_create_meta_settings_table',1),(30,'2019_03_04_071310_create_master_email_settings_table',1),(31,'2019_03_04_071547_create_master_sms_settings_table',1),(32,'2019_03_04_071915_create_pages_table',1),(33,'2019_03_04_072210_create_system_email_templates_table',1),(34,'2019_03_04_072620_create_system_email_variables_table',1),(35,'2019_03_04_072912_create_social_media_info_table',1),(36,'2019_03_04_073311_create_system_notification_templates_table',1),(37,'2019_03_04_073658_create_broadcast_messages_table',1),(38,'2019_03_04_623250_create_company_table',1),(39,'2019_03_04_645400_create_company_services_table',1),(40,'2019_03_04_663251_create_company_users_table',1),(41,'2019_03_12_094316_create_job_images_table',1),(42,'2019_03_14_044826_create_api_services_table',1),(43,'2019_03_14_091050_create_job_details_track_table',1),(44,'2019_03_14_092610_create_job_status_table',1),(45,'2019_03_14_121349_create_notification_table',1),(46,'2019_03_15_090539_create_job_quotation_items_table',2),(47,'2019_03_22_064005_create_email_templete_type_table',3),(48,'2019_03_27_022752_create_master_company_table',3),(49,'2019_03_29_011342_create_subscription_feature_table',4),(50,'2017_09_01_000000_create_authentication_log_table',5);
/*!40000 ALTER TABLE `migrations` ENABLE KEYS */;
UNLOCK TABLES;

--
-- Table structure for table `notification`
--

DROP TABLE IF EXISTS `notification`;
/*!40101 SET @saved_cs_client     = @@character_set_client */;
/*!40101 SET character_set_client = utf8 */;
CREATE TABLE `notification` (
  `id` int(10) unsigned NOT NULL AUTO_INCREMENT,
  `user_id` int(10) unsigned NOT NULL,
  `message` varchar(191) COLLATE utf8mb4_unicode_ci DEFAULT NULL,
  `admin_check` tinyint(1) NOT NULL DEFAULT '0',
  `created_at` timestamp NULL DEFAULT NULL,
  `updated_at` timestamp NULL DEFAULT NULL,
  PRIMARY KEY (`id`),
  KEY `notification_user_id_foreign` (`user_id`),
  CONSTRAINT `notification_user_id_foreign` FOREIGN KEY (`user_id`) REFERENCES `users` (`id`) ON DELETE CASCADE ON UPDATE CASCADE
) ENGINE=InnoDB AUTO_INCREMENT=3123 DEFAULT CHARSET=utf8mb4 COLLATE=utf8mb4_unicode_ci;
/*!40101 SET character_set_client = @saved_cs_client */;

--
-- Dumping data for table `notification`
--

LOCK TABLES `notification` WRITE;
/*!40000 ALTER TABLE `notification` DISABLE KEYS */;
INSERT INTO `notification` VALUES (666,423,'You\'ve got a new quote request.',0,'2019-04-10 01:34:29','2019-04-10 01:34:29'),(667,423,'You\'ve got a new quote request.',0,'2019-04-10 01:36:30','2019-04-10 01:36:30'),(668,423,'You\'ve got a new quote request.',0,'2019-04-10 01:36:58','2019-04-10 01:36:58'),(669,425,'You\'ve got a new quote request.',0,'2019-04-10 01:47:06','2019-04-10 01:47:06'),(670,423,'You\'ve got a new quote request.',0,'2019-04-10 01:47:11','2019-04-10 01:47:11'),(671,425,'You\'ve got a new quote request.',0,'2019-04-10 01:47:12','2019-04-10 01:47:12'),(672,426,'You\'ve got a new quote request.',0,'2019-04-10 01:47:13','2019-04-10 01:47:13'),(673,426,'You\'ve got a new quote request.',0,'2019-04-10 02:08:40','2019-04-10 02:08:40'),(674,427,'You\'ve got a new quote request.',0,'2019-04-10 02:08:41','2019-04-10 02:08:41'),(675,426,'You\'ve got a new quote request.',0,'2019-04-10 02:16:31','2019-04-10 02:16:31'),(676,427,'You\'ve got a new quote request.',0,'2019-04-10 02:16:33','2019-04-10 02:16:33'),(677,423,'You\'ve got a new quote request.',0,'2019-04-10 02:24:32','2019-04-10 02:24:32'),(678,425,'You\'ve got a new quote request.',0,'2019-04-10 02:24:33','2019-04-10 02:24:33'),(679,426,'You\'ve got a new quote request.',0,'2019-04-10 02:24:34','2019-04-10 02:24:34'),(680,425,'You\'ve got a new quote request.',0,'2019-04-10 02:25:26','2019-04-10 02:25:26'),(682,429,'You\'ve got a new quote request.',0,'2019-04-10 02:36:05','2019-04-10 02:36:05'),(685,423,'You\'ve got a new quote request.',0,'2019-04-10 03:22:13','2019-04-10 03:22:13'),(686,425,'You\'ve got a new quote request.',0,'2019-04-10 03:22:14','2019-04-10 03:22:14'),(688,429,'You\'ve got a new quote request.',0,'2019-04-10 03:24:06','2019-04-10 03:24:06'),(690,429,'You\'ve got a new quote request.',0,'2019-04-10 03:25:25','2019-04-10 03:25:25'),(691,423,'You\'ve got a new quote request.',0,'2019-04-10 04:08:53','2019-04-10 04:08:53'),(692,427,'You\'ve got a new quote request.',0,'2019-04-10 04:08:54','2019-04-10 04:08:54'),(694,425,'You\'ve got a new quote request.',0,'2019-04-10 04:16:28','2019-04-10 04:16:28'),(696,423,'You\'ve got a new quote request.',0,'2019-04-10 05:08:05','2019-04-10 05:08:05'),(697,426,'You\'ve got a new quote request.',0,'2019-04-10 05:08:06','2019-04-10 05:08:06'),(698,429,'You\'ve got a new quote request.',0,'2019-04-10 05:23:09','2019-04-10 05:23:09'),(699,435,'Our Service Provider has accepted your request and will contact you shortly.',0,'2019-04-10 05:28:15','2019-04-10 05:28:15'),(700,429,'Your quotation has been approved by customer.',0,'2019-04-10 05:34:47','2019-04-10 05:34:47'),(701,435,'Our Service Provider has Checked IN.',0,'2019-04-10 05:35:59','2019-04-10 05:35:59'),(702,435,'Our Service Provider has Checked out.',0,'2019-04-10 05:36:05','2019-04-10 05:36:05'),(703,429,'You have completed the service . Soon, customer will approve and rate it.',0,'2019-04-10 05:36:33','2019-04-10 05:36:33'),(704,426,'You\'ve got a new quote request.',0,'2019-04-10 05:37:27','2019-04-10 05:37:27'),(706,425,'You\'ve got a new quote request.',0,'2019-04-10 05:43:37','2019-04-10 05:43:37'),(707,426,'You\'ve got a new quote request.',0,'2019-04-10 05:43:38','2019-04-10 05:43:38'),(708,427,'You\'ve got a new quote request.',0,'2019-04-10 05:43:39','2019-04-10 05:43:39'),(709,425,'You\'ve got a new quote request.',0,'2019-04-10 05:45:49','2019-04-10 05:45:49'),(710,426,'You\'ve got a new quote request.',0,'2019-04-10 05:45:50','2019-04-10 05:45:50'),(711,427,'You\'ve got a new quote request.',0,'2019-04-10 05:45:51','2019-04-10 05:45:51'),(712,427,'You\'ve got a new quote request.',0,'2019-04-10 05:46:33','2019-04-10 05:46:33'),(713,423,'You\'ve got a new quote request.',0,'2019-04-10 05:53:02','2019-04-10 05:53:02'),(714,425,'You\'ve got a new quote request.',0,'2019-04-10 06:08:21','2019-04-10 06:08:21'),(715,429,'You\'ve got a new quote request.',0,'2019-04-10 06:54:10','2019-04-10 06:54:10'),(716,435,'Our Service Provider has accepted your request and will contact you shortly.',0,'2019-04-10 06:54:31','2019-04-10 06:54:31'),(717,429,'Your quotation has been approved by customer.',0,'2019-04-10 06:55:21','2019-04-10 06:55:21'),(718,435,'Our Service Provider has Checked IN.',0,'2019-04-10 06:55:54','2019-04-10 06:55:54'),(719,435,'Our Service Provider has Checked out.',0,'2019-04-10 06:56:06','2019-04-10 06:56:06'),(720,429,'You have completed the service . Soon, customer will approve and rate it.',0,'2019-04-10 06:56:22','2019-04-10 06:56:22'),(721,427,'You\'ve got a new quote request.',0,'2019-04-10 07:13:20','2019-04-10 07:13:20'),(722,430,'Our Service Provider has accepted your request and will contact you shortly.',0,'2019-04-10 07:18:18','2019-04-10 07:18:18'),(723,427,'Your quotation has been approved by customer.',0,'2019-04-10 07:19:19','2019-04-10 07:19:19'),(724,430,'Our Service Provider has Checked IN.',0,'2019-04-10 07:19:48','2019-04-10 07:19:48'),(725,430,'Our Service Provider has Checked out.',0,'2019-04-10 07:20:02','2019-04-10 07:20:02'),(726,427,'You have completed the service . Soon, customer will approve and rate it.',0,'2019-04-10 07:20:11','2019-04-10 07:20:11'),(727,425,'You\'ve got a new quote request.',0,'2019-04-10 07:24:24','2019-04-10 07:24:24'),(728,429,'You\'ve got a new quote request.',0,'2019-04-10 07:25:44','2019-04-10 07:25:44'),(729,421,'Our Service Provider has accepted your request and will contact you shortly.',0,'2019-04-10 07:29:04','2019-04-10 07:29:04'),(730,423,'You\'ve got a new quote request.',0,'2019-04-10 07:57:18','2019-04-10 07:57:18'),(731,425,'You\'ve got a new quote request.',0,'2019-04-10 08:02:50','2019-04-10 08:02:50'),(732,425,'You\'ve got a new quote request.',0,'2019-04-10 08:24:47','2019-04-10 08:24:47'),(733,423,'You\'ve got a new quote request.',0,'2019-04-10 08:40:34','2019-04-10 08:40:34'),(734,425,'You\'ve got a new quote request.',0,'2019-04-10 08:51:40','2019-04-10 08:51:40'),(735,427,'You\'ve got a new quote request.',0,'2019-04-10 09:14:47','2019-04-10 09:14:47'),(737,425,'You\'ve got a new quote request.',0,'2019-04-10 09:41:51','2019-04-10 09:41:51'),(738,426,'You\'ve got a new quote request.',0,'2019-04-10 09:41:52','2019-04-10 09:41:52'),(740,427,'You\'ve got a new quote request.',0,'2019-04-10 10:28:15','2019-04-10 10:28:15'),(741,423,'You\'ve got a new quote request.',0,'2019-04-10 10:45:53','2019-04-10 10:45:53'),(742,425,'You\'ve got a new quote request.',0,'2019-04-11 00:41:37','2019-04-11 00:41:37'),(743,439,'Our Service Provider has accepted your request and will contact you shortly.',0,'2019-04-11 02:27:20','2019-04-11 02:27:20'),(744,439,'Your quote request has been rejected.',0,'2019-04-11 02:29:44','2019-04-11 02:29:44'),(745,430,'Our Service Provider has accepted your request and will contact you shortly.',0,'2019-04-11 02:38:09','2019-04-11 02:38:09'),(746,423,'You\'ve got a new quote request.',0,'2019-04-11 02:40:09','2019-04-11 02:40:09'),(747,423,'You\'ve got a new quote request.',0,'2019-04-11 02:40:37','2019-04-11 02:40:37'),(748,423,'You\'ve got a new quote request.',0,'2019-04-11 02:49:48','2019-04-11 02:49:48'),(749,421,'Our Service Provider has accepted your request and will contact you shortly.',0,'2019-04-11 03:15:45','2019-04-11 03:15:45'),(750,427,'You\'ve got a new quote request.',0,'2019-04-11 03:31:18','2019-04-11 03:31:18'),(752,437,'Your quote request has been rejected.',0,'2019-04-11 03:44:14','2019-04-11 03:44:14'),(753,423,'You\'ve got a new quote request.',0,'2019-04-11 04:58:25','2019-04-11 04:58:25'),(754,425,'You\'ve got a new quote request.',0,'2019-04-11 05:01:18','2019-04-11 05:01:18'),(755,425,'You\'ve got a new quote request.',0,'2019-04-11 05:04:11','2019-04-11 05:04:11'),(756,423,'You\'ve got a new quote request.',0,'2019-04-11 05:31:04','2019-04-11 05:31:04'),(757,456,'Your quote request has been rejected.',0,'2019-04-11 05:33:19','2019-04-11 05:33:19'),(758,423,'You\'ve got a new quote request.',0,'2019-04-11 05:39:50','2019-04-11 05:39:50'),(759,423,'You\'ve got a new quote request.',0,'2019-04-11 05:40:44','2019-04-11 05:40:44'),(760,426,'You\'ve got a new quote request.',0,'2019-04-11 05:40:46','2019-04-11 05:40:46'),(762,423,'You\'ve got a new quote request.',0,'2019-04-11 05:55:21','2019-04-11 05:55:21'),(763,423,'You\'ve got a new quote request.',0,'2019-04-11 05:55:37','2019-04-11 05:55:37'),(764,423,'You\'ve got a new quote request.',0,'2019-04-11 07:14:46','2019-04-11 07:14:46'),(765,423,'You\'ve got a new quote request.',0,'2019-04-11 07:25:54','2019-04-11 07:25:54'),(766,425,'You\'ve got a new quote request.',0,'2019-04-11 07:27:18','2019-04-11 07:27:18'),(767,427,'You\'ve got a new quote request.',0,'2019-04-11 07:27:19','2019-04-11 07:27:19'),(768,423,'You\'ve got a new quote request.',0,'2019-04-11 07:32:35','2019-04-11 07:32:35'),(769,427,'You\'ve got a new quote request.',0,'2019-04-11 07:32:36','2019-04-11 07:32:36'),(770,429,'You\'ve got a new quote request.',0,'2019-04-11 07:32:37','2019-04-11 07:32:37'),(772,429,'You\'ve got a new quote request.',0,'2019-04-12 02:51:46','2019-04-12 02:51:46'),(773,458,'Our Service Provider has accepted your request and will contact you shortly.',0,'2019-04-12 03:02:11','2019-04-12 03:02:11'),(774,450,'Our Service Provider has accepted your request and will contact you shortly.',0,'2019-04-12 04:39:27','2019-04-12 04:39:27'),(775,450,'Your quote request has been rejected.',0,'2019-04-12 04:39:44','2019-04-12 04:39:44'),(776,458,'Our Service Provider has accepted your request and will contact you shortly.',0,'2019-04-12 04:40:41','2019-04-12 04:40:41'),(777,426,'You\'ve got a new quote request.',0,'2019-04-12 04:42:51','2019-04-12 04:42:51'),(779,429,'You\'ve got a new quote request.',0,'2019-04-12 04:42:53','2019-04-12 04:42:53'),(780,450,'Our Service Provider has accepted your request and will contact you shortly.',0,'2019-04-12 04:45:24','2019-04-12 04:45:24'),(781,427,'You\'ve got a new quote request.',0,'2019-04-12 05:11:27','2019-04-12 05:11:27'),(783,429,'You\'ve got a new quote request.',0,'2019-04-12 05:11:30','2019-04-12 05:11:30'),(784,450,'Our Service Provider has accepted your request and will contact you shortly.',0,'2019-04-12 05:13:58','2019-04-12 05:13:58'),(785,450,'Our Service Provider has accepted your request and will contact you shortly.',0,'2019-04-12 05:14:07','2019-04-12 05:14:07'),(787,429,'You\'ve got a new quote request.',0,'2019-04-12 05:18:45','2019-04-12 05:18:45'),(788,450,'Our Service Provider has accepted your request and will contact you shortly.',0,'2019-04-12 05:30:07','2019-04-12 05:30:07'),(789,450,'Our Service Provider has accepted your request and will contact you shortly.',0,'2019-04-12 05:33:44','2019-04-12 05:33:44'),(791,429,'You\'ve got a new quote request.',0,'2019-04-12 05:39:04','2019-04-12 05:39:04'),(792,450,'Our Service Provider has accepted your request and will contact you shortly.',0,'2019-04-12 05:39:34','2019-04-12 05:39:34'),(794,429,'You\'ve got a new quote request.',0,'2019-04-12 08:09:15','2019-04-12 08:09:15'),(795,450,'Our Service Provider has accepted your request and will contact you shortly.',0,'2019-04-12 08:09:37','2019-04-12 08:09:37'),(796,425,'You\'ve got a new quote request.',0,'2019-04-12 08:25:57','2019-04-12 08:25:57'),(797,421,'Our Service Provider has accepted your request and will contact you shortly.',0,'2019-04-12 08:36:39','2019-04-12 08:36:39'),(798,425,'You\'ve got a new quote request.',0,'2019-04-12 09:14:19','2019-04-12 09:14:19'),(799,421,'Our Service Provider has accepted your request and will contact you shortly.',0,'2019-04-12 09:14:35','2019-04-12 09:14:35'),(801,429,'You\'ve got a new quote request.',0,'2019-04-12 09:16:12','2019-04-12 09:16:12'),(802,450,'Our Service Provider has accepted your request and will contact you shortly.',0,'2019-04-12 09:16:35','2019-04-12 09:16:35'),(803,425,'You\'ve got a new quote request.',0,'2019-04-12 09:22:18','2019-04-12 09:22:18'),(804,426,'You\'ve got a new quote request.',0,'2019-04-12 09:23:47','2019-04-12 09:23:47'),(805,429,'You\'ve got a new quote request.',0,'2019-04-12 09:23:49','2019-04-12 09:23:49'),(806,421,'Our Service Provider has accepted your request and will contact you shortly.',0,'2019-04-12 09:23:56','2019-04-12 09:23:56'),(807,450,'Our Service Provider has accepted your request and will contact you shortly.',0,'2019-04-12 09:25:29','2019-04-12 09:25:29'),(808,429,'You\'ve got a new quote request.',0,'2019-04-12 09:32:21','2019-04-12 09:32:21'),(809,450,'Our Service Provider has accepted your request and will contact you shortly.',0,'2019-04-12 09:32:41','2019-04-12 09:32:41'),(810,456,'Our Service Provider has accepted your request and will contact you shortly.',0,'2019-04-13 00:42:41','2019-04-13 00:42:41'),(811,426,'You\'ve got a new quote request.',0,'2019-04-13 02:53:14','2019-04-13 02:53:14'),(812,429,'You\'ve got a new quote request.',0,'2019-04-13 02:53:15','2019-04-13 02:53:15'),(813,450,'Our Service Provider has accepted your request and will contact you shortly.',0,'2019-04-13 02:53:39','2019-04-13 02:53:39'),(814,425,'You\'ve got a new quote request.',0,'2019-04-13 05:45:13','2019-04-13 05:45:13'),(815,429,'You\'ve got a new quote request.',0,'2019-04-13 05:45:15','2019-04-13 05:45:15'),(816,421,'Our Service Provider has accepted your request and will contact you shortly.',0,'2019-04-13 05:46:07','2019-04-13 05:46:07'),(817,430,'Our Service Provider has accepted your request and will contact you shortly.',0,'2019-04-13 05:49:06','2019-04-13 05:49:06'),(818,430,'Our Service Provider has accepted your request and will contact you shortly.',0,'2019-04-13 05:55:59','2019-04-13 05:55:59'),(819,430,'Our Service Provider has accepted your request and will contact you shortly.',0,'2019-04-13 05:56:04','2019-04-13 05:56:04'),(820,458,'Our Service Provider has accepted your request and will contact you shortly.',0,'2019-04-13 05:56:16','2019-04-13 05:56:16'),(821,456,'Our Service Provider has accepted your request and will contact you shortly.',0,'2019-04-13 05:56:21','2019-04-13 05:56:21'),(822,456,'Our Service Provider has accepted your request and will contact you shortly.',0,'2019-04-13 05:56:45','2019-04-13 05:56:45'),(823,456,'Our Service Provider has accepted your request and will contact you shortly.',0,'2019-04-13 05:56:50','2019-04-13 05:56:50'),(824,456,'Our Service Provider has accepted your request and will contact you shortly.',0,'2019-04-13 05:57:01','2019-04-13 05:57:01'),(825,456,'Our Service Provider has accepted your request and will contact you shortly.',0,'2019-04-13 05:57:04','2019-04-13 05:57:04'),(826,456,'Our Service Provider has accepted your request and will contact you shortly.',0,'2019-04-13 05:57:07','2019-04-13 05:57:07'),(827,421,'Your quote request has been rejected.',0,'2019-04-13 06:06:07','2019-04-13 06:06:07'),(828,425,'You\'ve got a new quote request.',0,'2019-04-13 06:08:48','2019-04-13 06:08:48'),(829,429,'You\'ve got a new quote request.',0,'2019-04-13 06:08:49','2019-04-13 06:08:49'),(830,421,'Our Service Provider has accepted your request and will contact you shortly.',0,'2019-04-13 06:10:05','2019-04-13 06:10:05'),(831,425,'You\'ve got a new quote request.',0,'2019-04-13 06:11:12','2019-04-13 06:11:12'),(832,429,'You\'ve got a new quote request.',0,'2019-04-13 06:11:13','2019-04-13 06:11:13'),(833,421,'Your quote request has been rejected.',0,'2019-04-13 06:12:57','2019-04-13 06:12:57'),(834,425,'You\'ve got a new quote request.',0,'2019-04-13 06:14:10','2019-04-13 06:14:10'),(835,425,'You\'ve got a new quote request.',0,'2019-04-13 06:21:44','2019-04-13 06:21:44'),(836,429,'You\'ve got a new quote request.',0,'2019-04-13 06:21:45','2019-04-13 06:21:45'),(837,421,'Our Service Provider has accepted your request and will contact you shortly.',0,'2019-04-13 06:22:09','2019-04-13 06:22:09'),(838,421,'Our Service Provider has accepted your request and will contact you shortly.',0,'2019-04-13 06:45:48','2019-04-13 06:45:48'),(840,429,'You\'ve got a new quote request.',0,'2019-04-13 06:52:37','2019-04-13 06:52:37'),(841,450,'Our Service Provider has accepted your request and will contact you shortly.',0,'2019-04-13 06:55:06','2019-04-13 06:55:06'),(843,429,'You\'ve got a new quote request.',0,'2019-04-13 06:58:19','2019-04-13 06:58:19'),(844,450,'Our Service Provider has accepted your request and will contact you shortly.',0,'2019-04-13 06:58:36','2019-04-13 06:58:36'),(846,429,'You\'ve got a new quote request.',0,'2019-04-13 07:04:32','2019-04-13 07:04:32'),(847,450,'Our Service Provider has accepted your request and will contact you shortly.',0,'2019-04-13 07:04:59','2019-04-13 07:04:59'),(848,425,'You\'ve got a new quote request.',0,'2019-04-13 07:10:54','2019-04-13 07:10:54'),(849,429,'You\'ve got a new quote request.',0,'2019-04-13 07:10:56','2019-04-13 07:10:56'),(850,421,'Our Service Provider has accepted your request and will contact you shortly.',0,'2019-04-13 07:12:02','2019-04-13 07:12:02'),(851,421,'Our Service Provider has accepted your request and will contact you shortly.',0,'2019-04-13 07:12:15','2019-04-13 07:12:15'),(852,427,'Your quotation has been approved by customer.',0,'2019-04-13 08:58:59','2019-04-13 08:58:59'),(853,425,'Your quotation has been approved by customer.',0,'2019-04-13 09:12:44','2019-04-13 09:12:44'),(854,429,'You have rejected customer quote request.',0,'2019-04-13 09:12:44','2019-04-13 09:12:44'),(855,427,'Your quotation has been approved by customer.',0,'2019-04-15 00:44:20','2019-04-15 00:44:20'),(856,425,'Your quotation has been approved by customer.',0,'2019-04-15 00:56:16','2019-04-15 00:56:16'),(857,429,'You have rejected customer quote request.',0,'2019-04-15 00:56:16','2019-04-15 00:56:16'),(858,425,'Your quotation has been approved by customer.',0,'2019-04-15 01:00:25','2019-04-15 01:00:25'),(859,425,'Your quotation has been approved by customer.',0,'2019-04-15 01:05:50','2019-04-15 01:05:50'),(860,429,'You have rejected customer quote request.',0,'2019-04-15 01:05:50','2019-04-15 01:05:50'),(862,429,'You\'ve got a new quote request.',0,'2019-04-15 02:20:31','2019-04-15 02:20:31'),(863,450,'Our Service Provider has accepted your request and will contact you shortly.',0,'2019-04-15 02:20:53','2019-04-15 02:20:53'),(864,425,'You\'ve got a new quote request.',0,'2019-04-15 03:30:58','2019-04-15 03:30:58'),(865,429,'You\'ve got a new quote request.',0,'2019-04-15 03:31:00','2019-04-15 03:31:00'),(866,421,'Our Service Provider has accepted your request and will contact you shortly.',0,'2019-04-15 03:39:13','2019-04-15 03:39:13'),(867,421,'Our Service Provider has accepted your request and will contact you shortly.',0,'2019-04-15 03:39:23','2019-04-15 03:39:23'),(868,429,'Your quotation has been approved by customer.',0,'2019-04-15 05:17:25','2019-04-15 05:17:25'),(869,425,'You have rejected customer quote request.',0,'2019-04-15 05:17:25','2019-04-15 05:17:25'),(870,425,'You\'ve got a new quote request.',0,'2019-04-15 05:30:27','2019-04-15 05:30:27'),(871,429,'You\'ve got a new quote request.',0,'2019-04-15 05:30:28','2019-04-15 05:30:28'),(872,421,'Our Service Provider has accepted your request and will contact you shortly.',0,'2019-04-15 05:30:42','2019-04-15 05:30:42'),(873,425,'Your quotation has been approved by customer.',0,'2019-04-15 05:35:33','2019-04-15 05:35:33'),(874,429,'You have rejected customer quote request.',0,'2019-04-15 05:35:33','2019-04-15 05:35:33'),(876,429,'You\'ve got a new quote request.',0,'2019-04-15 05:57:02','2019-04-15 05:57:02'),(877,450,'Our Service Provider has accepted your request and will contact you shortly.',0,'2019-04-15 05:57:23','2019-04-15 05:57:23'),(878,429,'Your quotation has been approved by customer.',0,'2019-04-15 06:08:58','2019-04-15 06:08:58'),(881,429,'You\'ve got a new quote request.',0,'2019-04-15 06:18:24','2019-04-15 06:18:24'),(882,450,'Our Service Provider has accepted your request and will contact you shortly.',0,'2019-04-15 06:18:42','2019-04-15 06:18:42'),(883,429,'Your quotation has been approved by customer.',0,'2019-04-15 06:20:18','2019-04-15 06:20:18'),(886,429,'You\'ve got a new quote request.',0,'2019-04-15 06:26:46','2019-04-15 06:26:46'),(887,461,'You\'ve got a new quote request.',0,'2019-04-15 06:26:48','2019-04-15 06:26:48'),(888,450,'Our Service Provider has accepted your request and will contact you shortly.',0,'2019-04-15 06:27:02','2019-04-15 06:27:02'),(889,429,'Your quotation has been approved by customer.',0,'2019-04-15 06:31:19','2019-04-15 06:31:19'),(891,461,'You have rejected customer quote request.',0,'2019-04-15 06:31:19','2019-04-15 06:31:19'),(892,425,'You\'ve got a new quote request.',0,'2019-04-15 06:36:51','2019-04-15 06:36:51'),(893,429,'You\'ve got a new quote request.',0,'2019-04-15 06:36:53','2019-04-15 06:36:53'),(894,421,'Our Service Provider has accepted your request and will contact you shortly.',0,'2019-04-15 06:37:20','2019-04-15 06:37:20'),(895,425,'Your quotation has been approved by customer.',0,'2019-04-15 06:37:58','2019-04-15 06:37:58'),(896,429,'You have rejected customer quote request.',0,'2019-04-15 06:37:58','2019-04-15 06:37:58'),(898,429,'You\'ve got a new quote request.',0,'2019-04-15 07:06:01','2019-04-15 07:06:01'),(899,450,'Our Service Provider has accepted your request and will contact you shortly.',0,'2019-04-15 07:06:16','2019-04-15 07:06:16'),(900,429,'Your quotation has been approved by customer.',0,'2019-04-15 07:07:03','2019-04-15 07:07:03'),(902,425,'You\'ve got a new quote request.',0,'2019-04-15 07:09:16','2019-04-15 07:09:16'),(904,421,'Our Service Provider has Checked IN.',0,'2019-04-15 07:30:42','2019-04-15 07:30:42'),(905,421,'Our Service Provider has Checked out.',0,'2019-04-15 08:15:44','2019-04-15 08:15:44'),(907,429,'You\'ve got a new quote request.',0,'2019-04-15 08:30:04','2019-04-15 08:30:04'),(908,450,'Our Service Provider has accepted your request and will contact you shortly.',0,'2019-04-15 08:30:21','2019-04-15 08:30:21'),(909,429,'Your quotation has been approved by customer.',0,'2019-04-15 08:31:40','2019-04-15 08:31:40'),(911,427,'You\'ve got a new quote request.',0,'2019-04-15 08:39:59','2019-04-15 08:39:59'),(912,429,'You\'ve got a new quote request.',0,'2019-04-15 08:40:01','2019-04-15 08:40:01'),(913,450,'Our Service Provider has accepted your request and will contact you shortly.',0,'2019-04-15 08:40:17','2019-04-15 08:40:17'),(914,429,'Your quotation has been approved by customer.',0,'2019-04-15 08:42:06','2019-04-15 08:42:06'),(915,427,'You have rejected customer quote request.',0,'2019-04-15 08:42:06','2019-04-15 08:42:06'),(916,421,'Your quote request has been rejected.',0,'2019-04-15 08:48:20','2019-04-15 08:48:20'),(917,425,'You\'ve got a new quote request.',0,'2019-04-15 08:50:40','2019-04-15 08:50:40'),(918,429,'You\'ve got a new quote request.',0,'2019-04-15 08:50:42','2019-04-15 08:50:42'),(919,450,'Our Service Provider has accepted your request and will contact you shortly.',0,'2019-04-15 08:51:00','2019-04-15 08:51:00'),(920,450,'Our Service Provider has accepted your request and will contact you shortly.',0,'2019-04-15 08:51:05','2019-04-15 08:51:05'),(921,425,'Your quotation has been approved by customer.',0,'2019-04-15 08:53:14','2019-04-15 08:53:14'),(922,429,'You have rejected customer quote request.',0,'2019-04-15 08:53:14','2019-04-15 08:53:14'),(923,425,'You\'ve got a new quote request.',0,'2019-04-15 09:46:12','2019-04-15 09:46:12'),(924,429,'You\'ve got a new quote request.',0,'2019-04-15 09:46:14','2019-04-15 09:46:14'),(925,425,'You have completed the service . Soon, customer will approve and rate it.',0,'2019-04-16 01:29:39','2019-04-16 01:29:39'),(926,429,'You\'ve got a new quote request.',0,'2019-04-16 01:50:25','2019-04-16 01:50:25'),(927,421,'Our Service Provider has accepted your request and will contact you shortly.',0,'2019-04-16 01:56:00','2019-04-16 01:56:00'),(928,450,'Our Service Provider has accepted your request and will contact you shortly.',0,'2019-04-16 01:56:46','2019-04-16 01:56:46'),(929,421,'Our Service Provider has accepted your request and will contact you shortly.',0,'2019-04-16 01:57:01','2019-04-16 01:57:01'),(930,429,'You\'ve got a new quote request.',0,'2019-04-16 02:20:04','2019-04-16 02:20:04'),(931,450,'Our Service Provider has accepted your request and will contact you shortly.',0,'2019-04-16 02:20:28','2019-04-16 02:20:28'),(932,429,'Your quotation has been approved by customer.',0,'2019-04-16 02:25:20','2019-04-16 02:25:20'),(933,425,'You\'ve got a new quote request.',0,'2019-04-16 03:15:22','2019-04-16 03:15:22'),(934,429,'You\'ve got a new quote request.',0,'2019-04-16 03:15:24','2019-04-16 03:15:24'),(936,429,'You\'ve got a new quote request.',0,'2019-04-16 04:27:06','2019-04-16 04:27:06'),(937,450,'Our Service Provider has accepted your request and will contact you shortly.',0,'2019-04-16 04:27:35','2019-04-16 04:27:35'),(938,429,'Your quotation has been approved by customer.',0,'2019-04-16 04:30:45','2019-04-16 04:30:45'),(940,423,'You\'ve got a new quote request.',0,'2019-04-16 04:51:09','2019-04-16 04:51:09'),(941,427,'You\'ve got a new quote request.',0,'2019-04-16 05:12:52','2019-04-16 05:12:52'),(942,421,'Our Service Provider has accepted your request and will contact you shortly.',0,'2019-04-16 05:14:22','2019-04-16 05:14:22'),(943,450,'Our Service Provider has Checked IN.',0,'2019-04-16 05:50:50','2019-04-16 05:50:50'),(944,450,'Our Service Provider has Checked out.',0,'2019-04-16 05:51:24','2019-04-16 05:51:24'),(945,450,'Our Service Provider has Checked IN.',0,'2019-04-16 05:51:45','2019-04-16 05:51:45'),(947,429,'You\'ve got a new quote request.',0,'2019-04-16 05:56:39','2019-04-16 05:56:39'),(948,450,'Our Service Provider has accepted your request and will contact you shortly.',0,'2019-04-16 05:57:14','2019-04-16 05:57:14'),(949,429,'Your quotation has been approved by customer.',0,'2019-04-16 05:58:05','2019-04-16 05:58:05'),(951,450,'Our Service Provider has Checked IN.',0,'2019-04-16 05:58:28','2019-04-16 05:58:28'),(952,429,'You\'ve got a new quote request.',0,'2019-04-16 06:20:42','2019-04-16 06:20:42'),(953,450,'Our Service Provider has accepted your request and will contact you shortly.',0,'2019-04-16 06:20:59','2019-04-16 06:20:59'),(954,427,'You\'ve got a new quote request.',0,'2019-04-16 06:23:05','2019-04-16 06:23:05'),(955,429,'You\'ve got a new quote request.',0,'2019-04-16 06:23:06','2019-04-16 06:23:06'),(956,450,'Our Service Provider has accepted your request and will contact you shortly.',0,'2019-04-16 06:23:15','2019-04-16 06:23:15'),(957,429,'You\'ve got a new quote request.',0,'2019-04-16 06:25:16','2019-04-16 06:25:16'),(958,450,'Our Service Provider has accepted your request and will contact you shortly.',0,'2019-04-16 06:25:29','2019-04-16 06:25:29'),(959,429,'You\'ve got a new quote request.',0,'2019-04-16 06:27:15','2019-04-16 06:27:15'),(960,450,'Our Service Provider has accepted your request and will contact you shortly.',0,'2019-04-16 06:27:51','2019-04-16 06:27:51'),(962,429,'You\'ve got a new quote request.',0,'2019-04-16 06:33:20','2019-04-16 06:33:20'),(963,450,'Our Service Provider has accepted your request and will contact you shortly.',0,'2019-04-16 06:33:30','2019-04-16 06:33:30'),(964,429,'Your quotation has been approved by customer.',0,'2019-04-16 06:35:42','2019-04-16 06:35:42'),(966,425,'Your quotation has been approved by customer.',0,'2019-04-16 06:37:27','2019-04-16 06:37:27'),(967,429,'You have rejected customer quote request.',0,'2019-04-16 06:37:28','2019-04-16 06:37:28'),(968,485,'You\'ve got a new quote request.',0,'2019-04-16 07:41:41','2019-04-16 07:41:41'),(969,479,'Our Service Provider has accepted your request and will contact you shortly.',0,'2019-04-16 07:42:08','2019-04-16 07:42:08'),(970,429,'You\'ve got a new quote request.',0,'2019-04-16 08:33:09','2019-04-16 08:33:09'),(971,461,'You\'ve got a new quote request.',0,'2019-04-16 08:33:11','2019-04-16 08:33:11'),(972,450,'Our Service Provider has accepted your request and will contact you shortly.',0,'2019-04-16 08:33:25','2019-04-16 08:33:25'),(974,429,'You\'ve got a new quote request.',0,'2019-04-16 08:37:35','2019-04-16 08:37:35'),(975,450,'Our Service Provider has accepted your request and will contact you shortly.',0,'2019-04-16 08:37:59','2019-04-16 08:37:59'),(977,429,'You\'ve got a new quote request.',0,'2019-04-16 08:40:01','2019-04-16 08:40:01'),(978,450,'Our Service Provider has accepted your request and will contact you shortly.',0,'2019-04-16 08:40:11','2019-04-16 08:40:11'),(979,429,'Your quotation has been approved by customer.',0,'2019-04-16 08:41:05','2019-04-16 08:41:05'),(982,429,'You\'ve got a new quote request.',0,'2019-04-16 08:56:29','2019-04-16 08:56:29'),(983,425,'Your quotation has been approved by customer.',0,'2019-04-16 09:13:36','2019-04-16 09:13:36'),(984,429,'You have rejected customer quote request.',0,'2019-04-16 09:13:36','2019-04-16 09:13:36'),(985,450,'Our Service Provider has Checked IN.',0,'2019-04-16 09:15:51','2019-04-16 09:15:51'),(987,429,'You\'ve got a new quote request.',0,'2019-04-16 09:50:31','2019-04-16 09:50:31'),(988,450,'Our Service Provider has accepted your request and will contact you shortly.',0,'2019-04-16 09:50:44','2019-04-16 09:50:44'),(989,429,'Your quotation has been approved by customer.',0,'2019-04-16 09:51:47','2019-04-16 09:51:47'),(991,450,'Our Service Provider has Checked IN.',0,'2019-04-16 09:53:59','2019-04-16 09:53:59'),(992,429,'Your quotation has been approved by customer.',0,'2019-04-17 01:56:49','2019-04-17 01:56:49'),(994,423,'You\'ve got a new quote request.',0,'2019-04-17 02:13:00','2019-04-17 02:13:00'),(995,421,'Our Service Provider has accepted your request and will contact you shortly.',0,'2019-04-17 02:20:40','2019-04-17 02:20:40'),(996,429,'Your quotation has been approved by customer.',0,'2019-04-17 02:23:15','2019-04-17 02:23:15'),(997,425,'You\'ve got a new quote request.',0,'2019-04-17 06:38:27','2019-04-17 06:38:27'),(998,429,'You\'ve got a new quote request.',0,'2019-04-17 06:38:28','2019-04-17 06:38:28'),(1001,425,'Your quotation has been approved by customer.',0,'2019-04-17 06:42:58','2019-04-17 06:42:58'),(1002,429,'You have rejected customer quote request.',0,'2019-04-17 06:42:58','2019-04-17 06:42:58'),(1003,425,'You\'ve got a new quote request.',0,'2019-04-17 06:52:07','2019-04-17 06:52:07'),(1004,429,'You\'ve got a new quote request.',0,'2019-04-17 06:52:09','2019-04-17 06:52:09'),(1005,450,'Our Service Provider has accepted your request and will contact you shortly.',0,'2019-04-17 06:52:25','2019-04-17 06:52:25'),(1006,450,'Our Service Provider has accepted your request and will contact you shortly.',0,'2019-04-17 06:53:13','2019-04-17 06:53:13'),(1007,425,'Your quotation has been approved by customer.',0,'2019-04-17 06:54:05','2019-04-17 06:54:05'),(1008,429,'You have rejected customer quote request.',0,'2019-04-17 06:54:05','2019-04-17 06:54:05'),(1009,429,'You\'ve got a new quote request.',0,'2019-04-17 09:18:43','2019-04-17 09:18:43'),(1010,425,'You\'ve got a new quote request.',0,'2019-04-17 09:20:18','2019-04-17 09:20:18'),(1011,429,'You\'ve got a new quote request.',0,'2019-04-17 09:20:19','2019-04-17 09:20:19'),(1012,430,'Our Service Provider has accepted your request and will contact you shortly.',0,'2019-04-17 09:21:30','2019-04-17 09:21:30'),(1013,430,'Our Service Provider has accepted your request and will contact you shortly.',0,'2019-04-17 09:22:36','2019-04-17 09:22:36'),(1014,425,'Your quotation has been approved by customer.',0,'2019-04-17 09:26:11','2019-04-17 09:26:11'),(1015,429,'You have rejected customer quote request.',0,'2019-04-17 09:26:12','2019-04-17 09:26:12'),(1016,430,'Our Service Provider has Checked IN.',0,'2019-04-17 09:29:14','2019-04-17 09:29:14'),(1017,430,'Our Service Provider has Checked out.',0,'2019-04-17 09:29:54','2019-04-17 09:29:54'),(1018,430,'Our Service Provider has Checked IN.',0,'2019-04-17 09:30:05','2019-04-17 09:30:05'),(1019,430,'Our Service Provider has Checked out.',0,'2019-04-17 09:30:12','2019-04-17 09:30:12'),(1020,430,'Our Service Provider has Checked IN.',0,'2019-04-17 09:30:25','2019-04-17 09:30:25'),(1021,430,'Our Service Provider has Checked out.',0,'2019-04-17 09:30:32','2019-04-17 09:30:32'),(1022,425,'You have completed the service . Soon, customer will approve and rate it.',0,'2019-04-17 09:30:57','2019-04-17 09:30:57'),(1023,425,'You\'ve got a new quote request.',0,'2019-04-18 01:13:23','2019-04-18 01:13:23'),(1024,429,'You\'ve got a new quote request.',0,'2019-04-18 01:13:25','2019-04-18 01:13:25'),(1025,421,'Our Service Provider has accepted your request and will contact you shortly.',0,'2019-04-18 01:13:40','2019-04-18 01:13:40'),(1026,425,'Your quotation has been approved by customer.',0,'2019-04-18 01:14:26','2019-04-18 01:14:26'),(1027,429,'You have rejected customer quote request.',0,'2019-04-18 01:14:26','2019-04-18 01:14:26'),(1028,429,'You\'ve got a new quote request.',0,'2019-04-18 01:20:55','2019-04-18 01:20:55'),(1029,450,'Our Service Provider has accepted your request and will contact you shortly.',0,'2019-04-18 01:21:40','2019-04-18 01:21:40'),(1030,425,'You\'ve got a new quote request.',0,'2019-04-18 01:24:47','2019-04-18 01:24:47'),(1031,429,'You\'ve got a new quote request.',0,'2019-04-18 01:24:48','2019-04-18 01:24:48'),(1032,429,'Your quotation has been approved by customer.',0,'2019-04-18 01:26:14','2019-04-18 01:26:14'),(1033,421,'Our Service Provider has accepted your request and will contact you shortly.',0,'2019-04-18 01:27:05','2019-04-18 01:27:05'),(1034,425,'Your quotation has been approved by customer.',0,'2019-04-18 01:28:09','2019-04-18 01:28:09'),(1035,429,'You have rejected customer quote request.',0,'2019-04-18 01:28:09','2019-04-18 01:28:09'),(1036,421,'Our Service Provider has accepted your request and will contact you shortly.',0,'2019-04-18 01:34:55','2019-04-18 01:34:55'),(1037,425,'You\'ve got a new quote request.',0,'2019-04-18 01:54:09','2019-04-18 01:54:09'),(1038,429,'You\'ve got a new quote request.',0,'2019-04-18 01:54:11','2019-04-18 01:54:11'),(1039,421,'Our Service Provider has accepted your request and will contact you shortly.',0,'2019-04-18 01:54:30','2019-04-18 01:54:30'),(1040,425,'Your quotation has been approved by customer.',0,'2019-04-18 01:55:34','2019-04-18 01:55:34'),(1041,425,'You\'ve got a new quote request.',0,'2019-04-18 02:12:28','2019-04-18 02:12:28'),(1042,429,'You\'ve got a new quote request.',0,'2019-04-18 02:12:30','2019-04-18 02:12:30'),(1043,450,'Our Service Provider has accepted your request and will contact you shortly.',0,'2019-04-18 02:12:42','2019-04-18 02:12:42'),(1044,450,'Our Service Provider has accepted your request and will contact you shortly.',0,'2019-04-18 02:12:43','2019-04-18 02:12:43'),(1045,429,'Your quotation has been approved by customer.',0,'2019-04-18 02:16:47','2019-04-18 02:16:47'),(1046,425,'You have rejected customer quote request.',0,'2019-04-18 02:16:47','2019-04-18 02:16:47'),(1047,425,'Your quotation has been approved by customer.',0,'2019-04-18 02:57:21','2019-04-18 02:57:21'),(1048,429,'You have rejected customer quote request.',0,'2019-04-18 02:57:21','2019-04-18 02:57:21'),(1049,425,'You\'ve got a new quote request.',0,'2019-04-18 02:59:26','2019-04-18 02:59:26'),(1050,429,'You\'ve got a new quote request.',0,'2019-04-18 02:59:28','2019-04-18 02:59:28'),(1051,450,'Our Service Provider has accepted your request and will contact you shortly.',0,'2019-04-18 02:59:48','2019-04-18 02:59:48'),(1052,429,'Your quotation has been approved by customer.',0,'2019-04-18 03:00:45','2019-04-18 03:00:45'),(1054,429,'You\'ve got a new quote request.',0,'2019-04-18 03:02:57','2019-04-18 03:02:57'),(1055,461,'You\'ve got a new quote request.',0,'2019-04-18 03:02:58','2019-04-18 03:02:58'),(1056,450,'Our Service Provider has accepted your request and will contact you shortly.',0,'2019-04-18 03:03:05','2019-04-18 03:03:05'),(1057,429,'Your quotation has been approved by customer.',0,'2019-04-18 03:03:39','2019-04-18 03:03:39'),(1058,425,'You\'ve got a new quote request.',0,'2019-04-18 03:26:26','2019-04-18 03:26:26'),(1059,429,'You\'ve got a new quote request.',0,'2019-04-18 03:26:27','2019-04-18 03:26:27'),(1060,421,'Our Service Provider has accepted your request and will contact you shortly.',0,'2019-04-18 03:27:16','2019-04-18 03:27:16'),(1061,425,'Your quotation has been approved by customer.',0,'2019-04-18 03:27:42','2019-04-18 03:27:42'),(1062,421,'Our Service Provider has accepted your request and will contact you shortly.',0,'2019-04-18 03:51:55','2019-04-18 03:51:55'),(1063,450,'Our Service Provider has Checked IN.',0,'2019-04-18 03:54:50','2019-04-18 03:54:50'),(1064,425,'You\'ve got a new quote request.',0,'2019-04-18 03:57:14','2019-04-18 03:57:14'),(1066,429,'You\'ve got a new quote request.',0,'2019-04-18 03:57:17','2019-04-18 03:57:17'),(1067,425,'Your quotation has been approved by customer.',0,'2019-04-18 03:57:30','2019-04-18 03:57:30'),(1068,429,'You have rejected customer quote request.',0,'2019-04-18 03:57:30','2019-04-18 03:57:30'),(1069,450,'Our Service Provider has accepted your request and will contact you shortly.',0,'2019-04-18 03:58:32','2019-04-18 03:58:32'),(1070,450,'Our Service Provider has accepted your request and will contact you shortly.',0,'2019-04-18 03:58:52','2019-04-18 03:58:52'),(1071,425,'Your quotation has been approved by customer.',0,'2019-04-18 03:59:17','2019-04-18 03:59:17'),(1072,429,'You have rejected customer quote request.',0,'2019-04-18 03:59:17','2019-04-18 03:59:17'),(1073,421,'Our Service Provider has Checked IN.',0,'2019-04-18 04:01:24','2019-04-18 04:01:24'),(1074,427,'You\'ve got a new quote request.',0,'2019-04-18 04:03:02','2019-04-18 04:03:02'),(1076,429,'You\'ve got a new quote request.',0,'2019-04-18 04:03:05','2019-04-18 04:03:05'),(1077,450,'Our Service Provider has accepted your request and will contact you shortly.',0,'2019-04-18 04:03:12','2019-04-18 04:03:12'),(1078,429,'Your quotation has been approved by customer.',0,'2019-04-18 04:03:47','2019-04-18 04:03:47'),(1079,421,'Our Service Provider has Checked IN.',0,'2019-04-18 04:05:01','2019-04-18 04:05:01'),(1080,450,'Our Service Provider has Checked IN.',0,'2019-04-18 04:09:08','2019-04-18 04:09:08'),(1081,450,'Our Service Provider has Checked out.',0,'2019-04-18 04:09:14','2019-04-18 04:09:14'),(1082,425,'You\'ve got a new quote request.',0,'2019-04-18 04:33:13','2019-04-18 04:33:13'),(1083,429,'You\'ve got a new quote request.',0,'2019-04-18 04:33:15','2019-04-18 04:33:15'),(1084,450,'Our Service Provider has accepted your request and will contact you shortly.',0,'2019-04-18 04:33:31','2019-04-18 04:33:31'),(1085,429,'Your quotation has been approved by customer.',0,'2019-04-18 04:34:10','2019-04-18 04:34:10'),(1086,450,'Our Service Provider has Checked IN.',0,'2019-04-18 04:35:12','2019-04-18 04:35:12'),(1087,450,'Our Service Provider has accepted your request and will contact you shortly.',0,'2019-04-18 04:35:46','2019-04-18 04:35:46'),(1088,450,'Our Service Provider has accepted your request and will contact you shortly.',0,'2019-04-18 04:44:17','2019-04-18 04:44:17'),(1089,425,'Your quotation has been approved by customer.',0,'2019-04-18 04:44:52','2019-04-18 04:44:52'),(1090,429,'You have rejected customer quote request.',0,'2019-04-18 04:44:52','2019-04-18 04:44:52'),(1091,450,'Our Service Provider has Checked IN.',0,'2019-04-18 05:12:39','2019-04-18 05:12:39'),(1093,429,'You\'ve got a new quote request.',0,'2019-04-18 05:19:16','2019-04-18 05:19:16'),(1094,450,'Our Service Provider has accepted your request and will contact you shortly.',0,'2019-04-18 05:19:25','2019-04-18 05:19:25'),(1095,429,'Your quotation has been approved by customer.',0,'2019-04-18 05:20:49','2019-04-18 05:20:49'),(1096,450,'Our Service Provider has Checked IN.',0,'2019-04-18 05:22:29','2019-04-18 05:22:29'),(1097,450,'Our Service Provider has Checked IN.',0,'2019-04-18 05:23:05','2019-04-18 05:23:05'),(1098,427,'You\'ve got a new quote request.',0,'2019-04-18 05:27:36','2019-04-18 05:27:36'),(1100,429,'You\'ve got a new quote request.',0,'2019-04-18 05:27:38','2019-04-18 05:27:38'),(1101,450,'Our Service Provider has accepted your request and will contact you shortly.',0,'2019-04-18 05:27:49','2019-04-18 05:27:49'),(1102,429,'Your quotation has been approved by customer.',0,'2019-04-18 05:28:38','2019-04-18 05:28:38'),(1103,450,'Our Service Provider has Checked IN.',0,'2019-04-18 05:46:47','2019-04-18 05:46:47'),(1104,450,'Our Service Provider has Checked out.',0,'2019-04-18 05:49:33','2019-04-18 05:49:33'),(1105,450,'Our Service Provider has Checked out.',0,'2019-04-18 05:50:57','2019-04-18 05:50:57'),(1106,450,'Our Service Provider has Checked IN.',0,'2019-04-18 05:51:07','2019-04-18 05:51:07'),(1107,450,'Our Service Provider has Checked out.',0,'2019-04-18 05:51:10','2019-04-18 05:51:10'),(1108,450,'Our Service Provider has Checked IN.',0,'2019-04-18 05:51:14','2019-04-18 05:51:14'),(1109,450,'Our Service Provider has Checked out.',0,'2019-04-18 05:51:20','2019-04-18 05:51:20'),(1110,450,'Our Service Provider has Checked IN.',0,'2019-04-18 05:51:23','2019-04-18 05:51:23'),(1111,450,'Our Service Provider has Checked out.',0,'2019-04-18 05:51:47','2019-04-18 05:51:47'),(1112,450,'Our Service Provider has Checked IN.',0,'2019-04-18 05:51:53','2019-04-18 05:51:53'),(1113,450,'Our Service Provider has Checked out.',0,'2019-04-18 05:52:29','2019-04-18 05:52:29'),(1114,450,'Our Service Provider has Checked IN.',0,'2019-04-18 05:54:27','2019-04-18 05:54:27'),(1115,450,'Our Service Provider has Checked out.',0,'2019-04-18 05:54:30','2019-04-18 05:54:30'),(1116,450,'Our Service Provider has Checked IN.',0,'2019-04-18 05:55:11','2019-04-18 05:55:11'),(1117,450,'Our Service Provider has Checked out.',0,'2019-04-18 05:55:19','2019-04-18 05:55:19'),(1118,450,'Our Service Provider has Checked IN.',0,'2019-04-18 05:55:21','2019-04-18 05:55:21'),(1119,450,'Our Service Provider has Checked out.',0,'2019-04-18 05:55:34','2019-04-18 05:55:34'),(1120,450,'Our Service Provider has Checked IN.',0,'2019-04-18 05:55:43','2019-04-18 05:55:43'),(1121,450,'Our Service Provider has Checked out.',0,'2019-04-18 05:55:45','2019-04-18 05:55:45'),(1122,450,'Our Service Provider has Checked IN.',0,'2019-04-18 05:55:48','2019-04-18 05:55:48'),(1123,450,'Our Service Provider has Checked out.',0,'2019-04-18 05:55:50','2019-04-18 05:55:50'),(1124,450,'Our Service Provider has Checked IN.',0,'2019-04-18 05:55:53','2019-04-18 05:55:53'),(1125,450,'Our Service Provider has Checked out.',0,'2019-04-18 06:26:30','2019-04-18 06:26:30'),(1126,429,'You have completed the service . Soon, customer will approve and rate it.',0,'2019-04-18 06:26:38','2019-04-18 06:26:38'),(1127,450,'Our Service Provider has Checked IN.',0,'2019-04-18 06:34:48','2019-04-18 06:34:48'),(1128,450,'Our Service Provider has Checked IN.',0,'2019-04-18 06:39:47','2019-04-18 06:39:47'),(1129,450,'Our Service Provider has Checked out.',0,'2019-04-18 06:39:49','2019-04-18 06:39:49'),(1130,450,'Our Service Provider has Checked out.',0,'2019-04-18 06:39:51','2019-04-18 06:39:51'),(1131,450,'Our Service Provider has Checked IN.',0,'2019-04-18 06:39:58','2019-04-18 06:39:58'),(1132,450,'Our Service Provider has Checked out.',0,'2019-04-18 06:40:01','2019-04-18 06:40:01'),(1133,450,'Our Service Provider has Checked IN.',0,'2019-04-18 06:40:04','2019-04-18 06:40:04'),(1134,450,'Our Service Provider has Checked out.',0,'2019-04-18 06:40:14','2019-04-18 06:40:14'),(1135,450,'Our Service Provider has Checked IN.',0,'2019-04-18 06:40:18','2019-04-18 06:40:18'),(1136,450,'Our Service Provider has Checked out.',0,'2019-04-18 06:40:21','2019-04-18 06:40:21'),(1137,429,'You\'ve got a new quote request.',0,'2019-04-18 07:33:49','2019-04-18 07:33:49'),(1138,461,'You\'ve got a new quote request.',0,'2019-04-18 07:33:50','2019-04-18 07:33:50'),(1139,450,'Our Service Provider has accepted your request and will contact you shortly.',0,'2019-04-18 07:37:04','2019-04-18 07:37:04'),(1140,429,'Your quotation has been approved by customer.',0,'2019-04-18 07:37:57','2019-04-18 07:37:57'),(1141,450,'Our Service Provider has Checked IN.',0,'2019-04-18 07:38:40','2019-04-18 07:38:40'),(1142,450,'Our Service Provider has Checked out.',0,'2019-04-18 07:38:59','2019-04-18 07:38:59'),(1143,450,'Our Service Provider has Checked IN.',0,'2019-04-18 07:39:05','2019-04-18 07:39:05'),(1145,429,'You\'ve got a new quote request.',0,'2019-04-18 07:42:28','2019-04-18 07:42:28'),(1146,450,'Our Service Provider has accepted your request and will contact you shortly.',0,'2019-04-18 07:42:41','2019-04-18 07:42:41'),(1147,429,'Your quotation has been approved by customer.',0,'2019-04-18 07:43:14','2019-04-18 07:43:14'),(1148,450,'Our Service Provider has Checked IN.',0,'2019-04-18 07:43:27','2019-04-18 07:43:27'),(1149,450,'Our Service Provider has Checked out.',0,'2019-04-18 07:43:30','2019-04-18 07:43:30'),(1150,450,'Our Service Provider has Checked IN.',0,'2019-04-18 07:43:31','2019-04-18 07:43:31'),(1151,450,'Our Service Provider has Checked out.',0,'2019-04-18 07:43:34','2019-04-18 07:43:34'),(1152,450,'Our Service Provider has Checked IN.',0,'2019-04-18 07:43:40','2019-04-18 07:43:40'),(1153,450,'Our Service Provider has Checked out.',0,'2019-04-18 07:43:42','2019-04-18 07:43:42'),(1154,450,'Our Service Provider has Checked IN.',0,'2019-04-18 07:44:13','2019-04-18 07:44:13'),(1155,450,'Our Service Provider has Checked out.',0,'2019-04-18 07:44:16','2019-04-18 07:44:16'),(1156,429,'You have completed the service . Soon, customer will approve and rate it.',0,'2019-04-18 07:44:25','2019-04-18 07:44:25'),(1157,450,'Our Service Provider has Checked out.',0,'2019-04-18 07:47:25','2019-04-18 07:47:25'),(1158,429,'You have completed the service . Soon, customer will approve and rate it.',0,'2019-04-18 07:47:37','2019-04-18 07:47:37'),(1159,450,'Our Service Provider has Checked IN.',0,'2019-04-18 07:48:00','2019-04-18 07:48:00'),(1160,429,'You have completed the service . Soon, customer will approve and rate it.',0,'2019-04-18 07:48:42','2019-04-18 07:48:42'),(1161,450,'Our Service Provider has Checked IN.',0,'2019-04-18 07:50:55','2019-04-18 07:50:55'),(1162,450,'Our Service Provider has Checked IN.',0,'2019-04-18 08:14:27','2019-04-18 08:14:27'),(1163,450,'Our Service Provider has Checked out.',0,'2019-04-18 08:14:32','2019-04-18 08:14:32'),(1164,450,'Our Service Provider has Checked IN.',0,'2019-04-18 08:14:37','2019-04-18 08:14:37'),(1165,450,'Our Service Provider has Checked out.',0,'2019-04-18 08:14:39','2019-04-18 08:14:39'),(1166,450,'Our Service Provider has Checked IN.',0,'2019-04-18 08:14:42','2019-04-18 08:14:42'),(1167,425,'You\'ve got a new quote request.',0,'2019-04-18 08:15:37','2019-04-18 08:15:37'),(1168,429,'You\'ve got a new quote request.',0,'2019-04-18 08:15:39','2019-04-18 08:15:39'),(1169,421,'Our Service Provider has accepted your request and will contact you shortly.',0,'2019-04-18 08:15:51','2019-04-18 08:15:51'),(1170,421,'Our Service Provider has accepted your request and will contact you shortly.',0,'2019-04-18 08:15:58','2019-04-18 08:15:58'),(1171,429,'You\'ve got a new quote request.',0,'2019-04-18 08:20:01','2019-04-18 08:20:01'),(1172,450,'Our Service Provider has accepted your request and will contact you shortly.',0,'2019-04-18 08:20:33','2019-04-18 08:20:33'),(1173,429,'Your quotation has been approved by customer.',0,'2019-04-18 08:21:18','2019-04-18 08:21:18'),(1174,450,'Our Service Provider has Checked IN.',0,'2019-04-18 08:21:53','2019-04-18 08:21:53'),(1175,450,'Our Service Provider has Checked out.',0,'2019-04-18 08:21:55','2019-04-18 08:21:55'),(1176,450,'Our Service Provider has Checked IN.',0,'2019-04-18 08:21:56','2019-04-18 08:21:56'),(1177,450,'Our Service Provider has Checked out.',0,'2019-04-18 08:21:58','2019-04-18 08:21:58'),(1178,450,'Our Service Provider has Checked IN.',0,'2019-04-18 08:22:13','2019-04-18 08:22:13'),(1179,429,'You have completed the service . Soon, customer will approve and rate it.',0,'2019-04-18 08:22:26','2019-04-18 08:22:26'),(1180,425,'Your quotation has been approved by customer.',0,'2019-04-18 08:22:37','2019-04-18 08:22:37'),(1181,429,'You have rejected customer quote request.',0,'2019-04-18 08:22:37','2019-04-18 08:22:37'),(1182,425,'You\'ve got a new quote request.',0,'2019-04-18 08:23:50','2019-04-18 08:23:50'),(1183,429,'You\'ve got a new quote request.',0,'2019-04-18 08:23:52','2019-04-18 08:23:52'),(1184,450,'Our Service Provider has accepted your request and will contact you shortly.',0,'2019-04-18 08:23:59','2019-04-18 08:23:59'),(1185,450,'Our Service Provider has accepted your request and will contact you shortly.',0,'2019-04-18 08:24:14','2019-04-18 08:24:14'),(1186,425,'Your quotation has been approved by customer.',0,'2019-04-18 08:24:59','2019-04-18 08:24:59'),(1187,429,'You have rejected customer quote request.',0,'2019-04-18 08:24:59','2019-04-18 08:24:59'),(1188,450,'Our Service Provider has Checked IN.',0,'2019-04-18 08:25:32','2019-04-18 08:25:32'),(1189,450,'Our Service Provider has Checked out.',0,'2019-04-18 08:25:43','2019-04-18 08:25:43'),(1190,450,'Our Service Provider has Checked IN.',0,'2019-04-18 08:25:49','2019-04-18 08:25:49'),(1191,450,'Our Service Provider has Checked out.',0,'2019-04-18 08:25:51','2019-04-18 08:25:51'),(1192,450,'Our Service Provider has Checked out.',0,'2019-04-18 08:27:08','2019-04-18 08:27:08'),(1193,450,'Our Service Provider has Checked IN.',0,'2019-04-18 08:27:10','2019-04-18 08:27:10'),(1194,450,'Our Service Provider has Checked out.',0,'2019-04-18 08:27:12','2019-04-18 08:27:12'),(1195,425,'You have completed the service . Soon, customer will approve and rate it.',0,'2019-04-18 08:30:55','2019-04-18 08:30:55'),(1196,429,'You have completed the service . Soon, customer will approve and rate it.',0,'2019-04-18 08:32:43','2019-04-18 08:32:43'),(1197,425,'You\'ve got a new quote request.',0,'2019-04-18 08:34:55','2019-04-18 08:34:55'),(1198,429,'You\'ve got a new quote request.',0,'2019-04-18 08:34:56','2019-04-18 08:34:56'),(1199,421,'Our Service Provider has accepted your request and will contact you shortly.',0,'2019-04-18 08:35:21','2019-04-18 08:35:21'),(1200,421,'Our Service Provider has accepted your request and will contact you shortly.',0,'2019-04-18 08:35:45','2019-04-18 08:35:45'),(1201,429,'Your quotation has been approved by customer.',0,'2019-04-18 08:36:41','2019-04-18 08:36:41'),(1202,425,'You have rejected customer quote request.',0,'2019-04-18 08:36:42','2019-04-18 08:36:42'),(1203,421,'Our Service Provider has Checked IN.',0,'2019-04-18 08:39:29','2019-04-18 08:39:29'),(1204,421,'Our Service Provider has Checked out.',0,'2019-04-18 08:39:42','2019-04-18 08:39:42'),(1205,421,'Our Service Provider has Checked IN.',0,'2019-04-18 08:39:43','2019-04-18 08:39:43'),(1206,421,'Our Service Provider has Checked out.',0,'2019-04-18 08:39:45','2019-04-18 08:39:45'),(1207,425,'You\'ve got a new quote request.',0,'2019-04-18 08:41:09','2019-04-18 08:41:09'),(1208,429,'You\'ve got a new quote request.',0,'2019-04-18 08:41:11','2019-04-18 08:41:11'),(1209,421,'Our Service Provider has accepted your request and will contact you shortly.',0,'2019-04-18 08:41:32','2019-04-18 08:41:32'),(1210,421,'Our Service Provider has accepted your request and will contact you shortly.',0,'2019-04-18 08:41:49','2019-04-18 08:41:49'),(1211,429,'Your quotation has been approved by customer.',0,'2019-04-18 08:42:26','2019-04-18 08:42:26'),(1212,425,'You have rejected customer quote request.',0,'2019-04-18 08:42:26','2019-04-18 08:42:26'),(1213,425,'You\'ve got a new quote request.',0,'2019-04-18 08:43:57','2019-04-18 08:43:57'),(1214,429,'You\'ve got a new quote request.',0,'2019-04-18 08:43:59','2019-04-18 08:43:59'),(1215,421,'Our Service Provider has accepted your request and will contact you shortly.',0,'2019-04-18 08:44:14','2019-04-18 08:44:14'),(1216,421,'Our Service Provider has accepted your request and will contact you shortly.',0,'2019-04-18 08:44:15','2019-04-18 08:44:15'),(1217,429,'Your quotation has been approved by customer.',0,'2019-04-18 08:46:24','2019-04-18 08:46:24'),(1218,425,'You have rejected customer quote request.',0,'2019-04-18 08:46:24','2019-04-18 08:46:24'),(1219,425,'You\'ve got a new quote request.',0,'2019-04-18 08:48:16','2019-04-18 08:48:16'),(1220,429,'You\'ve got a new quote request.',0,'2019-04-18 08:48:17','2019-04-18 08:48:17'),(1221,421,'Our Service Provider has accepted your request and will contact you shortly.',0,'2019-04-18 08:48:29','2019-04-18 08:48:29'),(1222,421,'Our Service Provider has accepted your request and will contact you shortly.',0,'2019-04-18 08:48:39','2019-04-18 08:48:39'),(1223,429,'Your quotation has been approved by customer.',0,'2019-04-18 08:52:48','2019-04-18 08:52:48'),(1224,425,'You have rejected customer quote request.',0,'2019-04-18 08:52:48','2019-04-18 08:52:48'),(1225,421,'Our Service Provider has Checked IN.',0,'2019-04-18 08:56:14','2019-04-18 08:56:14'),(1226,421,'Our Service Provider has Checked out.',0,'2019-04-18 08:56:16','2019-04-18 08:56:16'),(1227,421,'Our Service Provider has Checked IN.',0,'2019-04-18 08:56:17','2019-04-18 08:56:17'),(1228,421,'Our Service Provider has Checked out.',0,'2019-04-18 08:56:19','2019-04-18 08:56:19'),(1229,421,'Our Service Provider has Checked IN.',0,'2019-04-18 08:56:20','2019-04-18 08:56:20'),(1230,421,'Our Service Provider has Checked out.',0,'2019-04-18 08:56:22','2019-04-18 08:56:22'),(1231,429,'You have completed the service . Soon, customer will approve and rate it.',0,'2019-04-18 08:56:27','2019-04-18 08:56:27'),(1232,425,'You\'ve got a new quote request.',0,'2019-04-18 08:57:33','2019-04-18 08:57:33'),(1233,429,'You\'ve got a new quote request.',0,'2019-04-18 08:57:34','2019-04-18 08:57:34'),(1234,421,'Our Service Provider has accepted your request and will contact you shortly.',0,'2019-04-18 08:57:51','2019-04-18 08:57:51'),(1235,421,'Our Service Provider has accepted your request and will contact you shortly.',0,'2019-04-18 08:58:04','2019-04-18 08:58:04'),(1236,425,'Your quotation has been approved by customer.',0,'2019-04-18 09:04:24','2019-04-18 09:04:24'),(1237,429,'You have rejected customer quote request.',0,'2019-04-18 09:04:24','2019-04-18 09:04:24'),(1238,421,'Our Service Provider has Checked IN.',0,'2019-04-18 09:10:31','2019-04-18 09:10:31'),(1239,421,'Our Service Provider has Checked out.',0,'2019-04-18 09:10:35','2019-04-18 09:10:35'),(1240,421,'Our Service Provider has Checked IN.',0,'2019-04-18 09:10:37','2019-04-18 09:10:37'),(1241,421,'Our Service Provider has Checked out.',0,'2019-04-18 09:10:38','2019-04-18 09:10:38'),(1243,429,'You\'ve got a new quote request.',0,'2019-04-18 09:30:36','2019-04-18 09:30:36'),(1244,461,'You\'ve got a new quote request.',0,'2019-04-18 09:30:37','2019-04-18 09:30:37'),(1245,450,'Our Service Provider has accepted your request and will contact you shortly.',0,'2019-04-18 09:30:48','2019-04-18 09:30:48'),(1246,429,'Your quotation has been approved by customer.',0,'2019-04-18 09:31:20','2019-04-18 09:31:20'),(1247,450,'Our Service Provider has Checked IN.',0,'2019-04-18 09:31:30','2019-04-18 09:31:30'),(1248,450,'Our Service Provider has Checked out.',0,'2019-04-18 09:31:31','2019-04-18 09:31:31'),(1249,450,'Our Service Provider has Checked IN.',0,'2019-04-18 09:31:32','2019-04-18 09:31:32'),(1250,429,'You have completed the service . Soon, customer will approve and rate it.',0,'2019-04-18 09:31:40','2019-04-18 09:31:40'),(1251,430,'Our Service Provider has accepted your request and will contact you shortly.',0,'2019-04-18 09:34:41','2019-04-18 09:34:41'),(1252,425,'You have completed the service . Soon, customer will approve and rate it.',0,'2019-04-18 09:42:53','2019-04-18 09:42:53'),(1254,429,'You\'ve got a new quote request.',0,'2019-04-19 01:20:28','2019-04-19 01:20:28'),(1255,425,'You\'ve got a new quote request.',0,'2019-04-19 01:22:47','2019-04-19 01:22:47'),(1256,429,'You\'ve got a new quote request.',0,'2019-04-19 01:22:48','2019-04-19 01:22:48'),(1257,421,'Our Service Provider has accepted your request and will contact you shortly.',0,'2019-04-19 01:23:03','2019-04-19 01:23:03'),(1258,450,'Our Service Provider has accepted your request and will contact you shortly.',0,'2019-04-19 01:23:39','2019-04-19 01:23:39'),(1259,425,'Your quotation has been approved by customer.',0,'2019-04-19 01:23:49','2019-04-19 01:23:49'),(1260,425,'Your quotation has been approved by customer.',0,'2019-04-19 01:23:55','2019-04-19 01:23:55'),(1261,421,'Our Service Provider has Checked IN.',0,'2019-04-19 01:24:29','2019-04-19 01:24:29'),(1262,421,'Our Service Provider has Checked out.',0,'2019-04-19 01:24:30','2019-04-19 01:24:30'),(1263,421,'Our Service Provider has Checked IN.',0,'2019-04-19 01:24:33','2019-04-19 01:24:33'),(1264,421,'Our Service Provider has Checked out.',0,'2019-04-19 01:24:35','2019-04-19 01:24:35'),(1265,425,'You have completed the service . Soon, customer will approve and rate it.',0,'2019-04-19 01:24:39','2019-04-19 01:24:39'),(1266,429,'Your quotation has been approved by customer.',0,'2019-04-19 01:24:53','2019-04-19 01:24:53'),(1267,450,'Our Service Provider has Checked IN.',0,'2019-04-19 01:25:25','2019-04-19 01:25:25'),(1268,450,'Our Service Provider has Checked out.',0,'2019-04-19 01:25:27','2019-04-19 01:25:27'),(1269,450,'Our Service Provider has Checked IN.',0,'2019-04-19 01:25:29','2019-04-19 01:25:29'),(1270,450,'Our Service Provider has Checked out.',0,'2019-04-19 01:25:31','2019-04-19 01:25:31'),(1271,425,'You\'ve got a new quote request.',0,'2019-04-19 01:34:07','2019-04-19 01:34:07'),(1272,429,'You\'ve got a new quote request.',0,'2019-04-19 01:34:09','2019-04-19 01:34:09'),(1273,421,'Our Service Provider has accepted your request and will contact you shortly.',0,'2019-04-19 01:34:23','2019-04-19 01:34:23'),(1274,429,'You\'ve got a new quote request.',0,'2019-04-19 01:36:03','2019-04-19 01:36:03'),(1275,461,'You\'ve got a new quote request.',0,'2019-04-19 01:36:04','2019-04-19 01:36:04'),(1276,425,'Your quotation has been approved by customer.',0,'2019-04-19 01:38:14','2019-04-19 01:38:14'),(1277,425,'Your quotation has been approved by customer.',0,'2019-04-19 01:38:47','2019-04-19 01:38:47'),(1278,450,'Your quote request has been rejected.',0,'2019-04-19 01:40:56','2019-04-19 01:40:56'),(1279,421,'Our Service Provider has Checked IN.',0,'2019-04-19 01:42:27','2019-04-19 01:42:27'),(1280,421,'Our Service Provider has Checked out.',0,'2019-04-19 01:42:28','2019-04-19 01:42:28'),(1281,425,'You have completed the service . Soon, customer will approve and rate it.',0,'2019-04-19 01:42:30','2019-04-19 01:42:30'),(1283,429,'You\'ve got a new quote request.',0,'2019-04-19 01:43:02','2019-04-19 01:43:02'),(1284,461,'You\'ve got a new quote request.',0,'2019-04-19 01:43:03','2019-04-19 01:43:03'),(1285,450,'Our Service Provider has accepted your request and will contact you shortly.',0,'2019-04-19 01:43:20','2019-04-19 01:43:20'),(1286,429,'Your quotation has been approved by customer.',0,'2019-04-19 01:44:36','2019-04-19 01:44:36'),(1287,450,'Our Service Provider has Checked IN.',0,'2019-04-19 01:44:55','2019-04-19 01:44:55'),(1288,450,'Our Service Provider has Checked out.',0,'2019-04-19 01:44:58','2019-04-19 01:44:58'),(1289,450,'Our Service Provider has Checked IN.',0,'2019-04-19 01:45:00','2019-04-19 01:45:00'),(1290,450,'Our Service Provider has Checked out.',0,'2019-04-19 01:45:01','2019-04-19 01:45:01'),(1292,429,'You\'ve got a new quote request.',0,'2019-04-19 01:52:42','2019-04-19 01:52:42'),(1293,490,'You\'ve got a new quote request.',0,'2019-04-19 01:52:44','2019-04-19 01:52:44'),(1294,450,'Our Service Provider has Checked IN.',0,'2019-04-19 01:58:28','2019-04-19 01:58:28'),(1295,429,'You have completed the service . Soon, customer will approve and rate it.',0,'2019-04-19 01:58:33','2019-04-19 01:58:33'),(1296,429,'You\'ve got a new quote request.',0,'2019-04-19 02:05:08','2019-04-19 02:05:08'),(1297,450,'Our Service Provider has accepted your request and will contact you shortly.',0,'2019-04-19 02:05:37','2019-04-19 02:05:37'),(1298,429,'Your quotation has been approved by customer.',0,'2019-04-19 02:06:38','2019-04-19 02:06:38'),(1299,450,'Our Service Provider has Checked IN.',0,'2019-04-19 02:07:04','2019-04-19 02:07:04'),(1300,450,'Our Service Provider has Checked out.',0,'2019-04-19 02:07:06','2019-04-19 02:07:06'),(1301,450,'Our Service Provider has Checked IN.',0,'2019-04-19 02:07:07','2019-04-19 02:07:07'),(1302,450,'Our Service Provider has Checked out.',0,'2019-04-19 02:07:22','2019-04-19 02:07:22'),(1303,450,'Our Service Provider has Checked IN.',0,'2019-04-19 02:07:23','2019-04-19 02:07:23'),(1304,429,'You have completed the service . Soon, customer will approve and rate it.',0,'2019-04-19 02:07:45','2019-04-19 02:07:45'),(1305,429,'You\'ve got a new quote request.',0,'2019-04-19 02:15:08','2019-04-19 02:15:08'),(1307,429,'You\'ve got a new quote request.',0,'2019-04-19 02:18:35','2019-04-19 02:18:35'),(1308,461,'You\'ve got a new quote request.',0,'2019-04-19 02:18:36','2019-04-19 02:18:36'),(1309,450,'Our Service Provider has accepted your request and will contact you shortly.',0,'2019-04-19 02:19:01','2019-04-19 02:19:01'),(1310,429,'Your quotation has been approved by customer.',0,'2019-04-19 02:19:43','2019-04-19 02:19:43'),(1311,450,'Our Service Provider has Checked IN.',0,'2019-04-19 02:19:56','2019-04-19 02:19:56'),(1312,450,'Our Service Provider has Checked out.',0,'2019-04-19 02:19:58','2019-04-19 02:19:58'),(1313,450,'Our Service Provider has Checked IN.',0,'2019-04-19 02:19:59','2019-04-19 02:19:59'),(1314,450,'Our Service Provider has Checked out.',0,'2019-04-19 02:20:01','2019-04-19 02:20:01'),(1315,450,'Our Service Provider has Checked IN.',0,'2019-04-19 02:20:03','2019-04-19 02:20:03'),(1316,429,'You have completed the service . Soon, customer will approve and rate it.',0,'2019-04-19 02:20:11','2019-04-19 02:20:11'),(1318,429,'You\'ve got a new quote request.',0,'2019-04-19 02:23:33','2019-04-19 02:23:33'),(1319,450,'Our Service Provider has accepted your request and will contact you shortly.',0,'2019-04-19 02:23:58','2019-04-19 02:23:58'),(1320,429,'Your quotation has been approved by customer.',0,'2019-04-19 02:24:41','2019-04-19 02:24:41'),(1321,450,'Our Service Provider has Checked IN.',0,'2019-04-19 02:24:59','2019-04-19 02:24:59'),(1322,450,'Our Service Provider has Checked out.',0,'2019-04-19 02:25:01','2019-04-19 02:25:01'),(1323,450,'Our Service Provider has Checked IN.',0,'2019-04-19 02:25:03','2019-04-19 02:25:03'),(1324,429,'You have completed the service . Soon, customer will approve and rate it.',0,'2019-04-19 02:25:15','2019-04-19 02:25:15'),(1325,429,'You\'ve got a new quote request.',0,'2019-04-19 02:29:55','2019-04-19 02:29:55'),(1326,461,'You\'ve got a new quote request.',0,'2019-04-19 02:29:56','2019-04-19 02:29:56'),(1327,450,'Our Service Provider has accepted your request and will contact you shortly.',0,'2019-04-19 02:30:12','2019-04-19 02:30:12'),(1328,429,'Your quotation has been approved by customer.',0,'2019-04-19 02:30:58','2019-04-19 02:30:58'),(1329,450,'Our Service Provider has Checked IN.',0,'2019-04-19 02:31:08','2019-04-19 02:31:08'),(1330,450,'Our Service Provider has Checked out.',0,'2019-04-19 02:31:10','2019-04-19 02:31:10'),(1331,450,'Our Service Provider has Checked IN.',0,'2019-04-19 02:31:12','2019-04-19 02:31:12'),(1332,450,'Our Service Provider has Checked out.',0,'2019-04-19 02:31:13','2019-04-19 02:31:13'),(1333,429,'You have completed the service . Soon, customer will approve and rate it.',0,'2019-04-19 02:32:28','2019-04-19 02:32:28'),(1335,429,'You\'ve got a new quote request.',0,'2019-04-19 03:06:29','2019-04-19 03:06:29'),(1336,450,'Our Service Provider has accepted your request and will contact you shortly.',0,'2019-04-19 03:06:40','2019-04-19 03:06:40'),(1337,429,'Your quotation has been approved by customer.',0,'2019-04-19 03:07:38','2019-04-19 03:07:38'),(1338,450,'Our Service Provider has Checked IN.',0,'2019-04-19 03:07:48','2019-04-19 03:07:48'),(1339,450,'Our Service Provider has Checked out.',0,'2019-04-19 03:07:50','2019-04-19 03:07:50'),(1340,450,'Our Service Provider has Checked IN.',0,'2019-04-19 03:07:52','2019-04-19 03:07:52'),(1341,429,'You have completed the service . Soon, customer will approve and rate it.',0,'2019-04-19 03:08:01','2019-04-19 03:08:01'),(1342,429,'You\'ve got a new quote request.',0,'2019-04-19 03:22:36','2019-04-19 03:22:36'),(1343,450,'Our Service Provider has accepted your request and will contact you shortly.',0,'2019-04-19 03:22:43','2019-04-19 03:22:43'),(1344,450,'Our Service Provider has accepted your request and will contact you shortly.',0,'2019-04-19 03:22:44','2019-04-19 03:22:44'),(1345,429,'Your quotation has been approved by customer.',0,'2019-04-19 03:23:28','2019-04-19 03:23:28'),(1346,450,'Our Service Provider has Checked IN.',0,'2019-04-19 03:23:38','2019-04-19 03:23:38'),(1347,450,'Our Service Provider has Checked out.',0,'2019-04-19 03:23:40','2019-04-19 03:23:40'),(1348,429,'You have completed the service . Soon, customer will approve and rate it.',0,'2019-04-19 03:23:43','2019-04-19 03:23:43'),(1350,429,'You\'ve got a new quote request.',0,'2019-04-19 04:41:35','2019-04-19 04:41:35'),(1351,450,'Our Service Provider has accepted your request and will contact you shortly.',0,'2019-04-19 04:41:44','2019-04-19 04:41:44'),(1352,429,'Your quotation has been approved by customer.',0,'2019-04-19 04:42:28','2019-04-19 04:42:28'),(1353,450,'Our Service Provider has Checked IN.',0,'2019-04-19 04:43:58','2019-04-19 04:43:58'),(1354,450,'Our Service Provider has Checked out.',0,'2019-04-19 04:44:00','2019-04-19 04:44:00'),(1355,450,'Our Service Provider has Checked IN.',0,'2019-04-19 04:44:02','2019-04-19 04:44:02'),(1356,450,'Our Service Provider has Checked out.',0,'2019-04-19 04:44:03','2019-04-19 04:44:03'),(1357,425,'You\'ve got a new quote request.',0,'2019-04-19 04:44:03','2019-04-19 04:44:03'),(1358,429,'You\'ve got a new quote request.',0,'2019-04-19 04:44:05','2019-04-19 04:44:05'),(1359,450,'Our Service Provider has Checked IN.',0,'2019-04-19 04:44:05','2019-04-19 04:44:05'),(1360,429,'You have completed the service . Soon, customer will approve and rate it.',0,'2019-04-19 04:44:09','2019-04-19 04:44:09'),(1361,421,'Our Service Provider has accepted your request and will contact you shortly.',0,'2019-04-19 04:45:00','2019-04-19 04:45:00'),(1362,425,'Your quotation has been approved by customer.',0,'2019-04-19 04:54:48','2019-04-19 04:54:48'),(1363,429,'Your quotation has been approved by customer.',0,'2019-04-19 04:55:00','2019-04-19 04:55:00'),(1364,425,'Your quotation has been approved by customer.',0,'2019-04-19 04:55:27','2019-04-19 04:55:27'),(1365,429,'Your quotation has been approved by customer.',0,'2019-04-19 04:55:42','2019-04-19 04:55:42'),(1366,425,'Your quotation has been approved by customer.',0,'2019-04-19 04:59:19','2019-04-19 04:59:19'),(1367,425,'Your quotation has been approved by customer.',0,'2019-04-19 05:00:56','2019-04-19 05:00:56'),(1368,425,'Your quotation has been approved by customer.',0,'2019-04-19 05:03:22','2019-04-19 05:03:22'),(1377,429,'You have completed the service . Soon, customer will approve and rate it.',0,'2019-04-19 05:18:37','2019-04-19 05:18:37'),(1378,425,'You\'ve got a new quote request.',0,'2019-04-19 05:24:55','2019-04-19 05:24:55'),(1379,426,'You\'ve got a new quote request.',0,'2019-04-19 05:24:57','2019-04-19 05:24:57'),(1380,427,'You\'ve got a new quote request.',0,'2019-04-19 05:24:58','2019-04-19 05:24:58'),(1381,421,'Our Service Provider has accepted your request and will contact you shortly.',0,'2019-04-19 05:26:37','2019-04-19 05:26:37'),(1382,425,'Your quotation has been approved by customer.',0,'2019-04-19 05:58:03','2019-04-19 05:58:03'),(1383,421,'Our Service Provider has Checked IN.',0,'2019-04-19 05:58:13','2019-04-19 05:58:13'),(1384,421,'Our Service Provider has Checked out.',0,'2019-04-19 05:58:16','2019-04-19 05:58:16'),(1385,425,'You have completed the service . Soon, customer will approve and rate it.',0,'2019-04-19 05:58:17','2019-04-19 05:58:17'),(1386,429,'You\'ve got a new quote request.',0,'2019-04-19 06:31:50','2019-04-19 06:31:50'),(1387,461,'You\'ve got a new quote request.',0,'2019-04-19 06:31:52','2019-04-19 06:31:52'),(1388,429,'You\'ve got a new quote request.',0,'2019-04-19 06:37:51','2019-04-19 06:37:51'),(1391,429,'You\'ve got a new quote request.',0,'2019-04-19 06:46:53','2019-04-19 06:46:53'),(1393,429,'You\'ve got a new quote request.',0,'2019-04-19 07:24:59','2019-04-19 07:24:59'),(1400,450,'Our Service Provider has accepted your request and will contact you shortly.',0,'2019-04-19 07:46:33','2019-04-19 07:46:33'),(1401,421,'Our Service Provider has Checked IN.',0,'2019-04-19 07:54:07','2019-04-19 07:54:07'),(1402,421,'Our Service Provider has Checked out.',0,'2019-04-19 07:54:11','2019-04-19 07:54:11'),(1403,421,'Our Service Provider has Checked IN.',0,'2019-04-19 07:54:23','2019-04-19 07:54:23'),(1405,429,'You\'ve got a new quote request.',0,'2019-04-19 07:59:38','2019-04-19 07:59:38'),(1406,450,'Our Service Provider has accepted your request and will contact you shortly.',0,'2019-04-19 07:59:44','2019-04-19 07:59:44'),(1407,429,'Your quotation has been approved by customer.',0,'2019-04-19 08:00:25','2019-04-19 08:00:25'),(1408,450,'Our Service Provider has Checked IN.',0,'2019-04-19 08:04:36','2019-04-19 08:04:36'),(1409,450,'Our Service Provider has Checked out.',0,'2019-04-19 08:04:45','2019-04-19 08:04:45'),(1410,450,'Our Service Provider has Checked IN.',0,'2019-04-19 08:04:47','2019-04-19 08:04:47'),(1411,450,'Our Service Provider has Checked out.',0,'2019-04-19 08:04:50','2019-04-19 08:04:50'),(1412,429,'You have completed the service . Soon, customer will approve and rate it.',0,'2019-04-19 08:04:57','2019-04-19 08:04:57'),(1413,429,'You\'ve got a new quote request.',0,'2019-04-19 08:08:50','2019-04-19 08:08:50'),(1415,429,'You\'ve got a new quote request.',0,'2019-04-19 08:29:31','2019-04-19 08:29:31'),(1416,450,'Our Service Provider has accepted your request and will contact you shortly.',0,'2019-04-19 08:29:40','2019-04-19 08:29:40'),(1417,429,'Your quotation has been approved by customer.',0,'2019-04-19 08:30:26','2019-04-19 08:30:26'),(1418,450,'Our Service Provider has Checked IN.',0,'2019-04-19 08:30:44','2019-04-19 08:30:44'),(1419,450,'Our Service Provider has Checked out.',0,'2019-04-19 08:30:46','2019-04-19 08:30:46'),(1420,450,'Our Service Provider has Checked IN.',0,'2019-04-19 08:30:49','2019-04-19 08:30:49'),(1421,450,'Our Service Provider has Checked out.',0,'2019-04-19 08:30:51','2019-04-19 08:30:51'),(1422,450,'Our Service Provider has Checked IN.',0,'2019-04-19 08:30:56','2019-04-19 08:30:56'),(1423,450,'Our Service Provider has Checked out.',0,'2019-04-19 08:31:03','2019-04-19 08:31:03'),(1424,429,'You have completed the service . Soon, customer will approve and rate it.',0,'2019-04-19 08:31:09','2019-04-19 08:31:09'),(1425,425,'You\'ve got a new quote request.',0,'2019-04-19 08:37:57','2019-04-19 08:37:57'),(1426,429,'You\'ve got a new quote request.',0,'2019-04-19 08:37:58','2019-04-19 08:37:58'),(1427,450,'Our Service Provider has accepted your request and will contact you shortly.',0,'2019-04-19 08:38:09','2019-04-19 08:38:09'),(1428,450,'Our Service Provider has accepted your request and will contact you shortly.',0,'2019-04-19 08:38:20','2019-04-19 08:38:20'),(1429,429,'Your quotation has been approved by customer.',0,'2019-04-19 08:39:08','2019-04-19 08:39:08'),(1430,425,'You have rejected customer quote request.',0,'2019-04-19 08:39:08','2019-04-19 08:39:08'),(1431,450,'Our Service Provider has Checked IN.',0,'2019-04-19 08:40:31','2019-04-19 08:40:31'),(1432,450,'Our Service Provider has Checked out.',0,'2019-04-19 08:40:33','2019-04-19 08:40:33'),(1433,450,'Our Service Provider has Checked IN.',0,'2019-04-19 08:40:35','2019-04-19 08:40:35'),(1434,450,'Our Service Provider has Checked out.',0,'2019-04-19 08:40:38','2019-04-19 08:40:38'),(1435,450,'Our Service Provider has Checked IN.',0,'2019-04-19 08:40:40','2019-04-19 08:40:40'),(1436,450,'Our Service Provider has Checked out.',0,'2019-04-19 08:40:43','2019-04-19 08:40:43'),(1437,429,'You have completed the service . Soon, customer will approve and rate it.',0,'2019-04-19 08:40:47','2019-04-19 08:40:47'),(1438,425,'You\'ve got a new quote request.',0,'2019-04-22 02:06:17','2019-04-22 02:06:17'),(1439,425,'You\'ve got a new quote request.',0,'2019-04-22 02:06:24','2019-04-22 02:06:24'),(1440,425,'You\'ve got a new quote request.',0,'2019-04-22 02:06:51','2019-04-22 02:06:51'),(1441,425,'You\'ve got a new quote request.',0,'2019-04-22 02:07:42','2019-04-22 02:07:42'),(1442,425,'You\'ve got a new quote request.',0,'2019-04-22 02:08:43','2019-04-22 02:08:43'),(1443,425,'You\'ve got a new quote request.',0,'2019-04-22 02:11:12','2019-04-22 02:11:12'),(1444,425,'You\'ve got a new quote request.',0,'2019-04-22 02:11:41','2019-04-22 02:11:41'),(1445,425,'You\'ve got a new quote request.',0,'2019-04-22 02:11:58','2019-04-22 02:11:58'),(1446,429,'You\'ve got a new quote request.',0,'2019-04-22 02:14:37','2019-04-22 02:14:37'),(1447,425,'You\'ve got a new quote request.',0,'2019-04-22 02:21:59','2019-04-22 02:21:59'),(1448,421,'Our Service Provider has accepted your request and will contact you shortly.',0,'2019-04-22 03:03:52','2019-04-22 03:03:52'),(1449,425,'You\'ve got a new quote request.',0,'2019-04-22 03:06:20','2019-04-22 03:06:20'),(1450,430,'Our Service Provider has accepted your request and will contact you shortly.',0,'2019-04-22 03:10:17','2019-04-22 03:10:17'),(1451,425,'You\'ve got a new quote request.',0,'2019-04-22 03:40:38','2019-04-22 03:40:38'),(1452,425,'You\'ve got a new quote request.',0,'2019-04-22 03:40:44','2019-04-22 03:40:44'),(1453,430,'Our Service Provider has accepted your request and will contact you shortly.',0,'2019-04-22 03:53:53','2019-04-22 03:53:53'),(1454,425,'You\'ve got a new quote request.',0,'2019-04-22 05:44:41','2019-04-22 05:44:41'),(1455,425,'You\'ve got a new quote request.',0,'2019-04-22 05:44:46','2019-04-22 05:44:46'),(1456,429,'You\'ve got a new quote request.',0,'2019-04-22 05:47:28','2019-04-22 05:47:28'),(1457,429,'You\'ve got a new quote request.',0,'2019-04-22 05:47:38','2019-04-22 05:47:38'),(1458,429,'You\'ve got a new quote request.',0,'2019-04-22 05:47:47','2019-04-22 05:47:47'),(1459,425,'You\'ve got a new quote request.',0,'2019-04-22 05:48:36','2019-04-22 05:48:36'),(1460,429,'You\'ve got a new quote request.',0,'2019-04-22 05:48:38','2019-04-22 05:48:38'),(1461,430,'Our Service Provider has accepted your request and will contact you shortly.',0,'2019-04-22 05:49:44','2019-04-22 05:49:44'),(1462,430,'Our Service Provider has accepted your request and will contact you shortly.',0,'2019-04-22 05:50:22','2019-04-22 05:50:22'),(1464,421,'Our Service Provider has accepted your request and will contact you shortly.',0,'2019-04-22 05:57:15','2019-04-22 05:57:15'),(1466,421,'Our Service Provider has Checked IN.',0,'2019-04-22 06:58:34','2019-04-22 06:58:34'),(1467,421,'Our Service Provider has Checked out.',0,'2019-04-22 07:01:42','2019-04-22 07:01:42'),(1468,425,'You have completed the service . Soon, customer will approve and rate it.',0,'2019-04-22 07:01:46','2019-04-22 07:01:46'),(1469,421,'Our Service Provider has Checked out.',0,'2019-04-22 07:08:33','2019-04-22 07:08:33'),(1470,421,'Our Service Provider has Checked IN.',0,'2019-04-22 07:09:12','2019-04-22 07:09:12'),(1471,421,'Our Service Provider has Checked out.',0,'2019-04-22 07:09:46','2019-04-22 07:09:46'),(1472,421,'Our Service Provider has Checked IN.',0,'2019-04-22 07:10:34','2019-04-22 07:10:34'),(1473,421,'Our Service Provider has Checked out.',0,'2019-04-22 07:12:09','2019-04-22 07:12:09'),(1475,425,'Your quotation has been approved by customer.',0,'2019-04-22 07:43:44','2019-04-22 07:43:44'),(1476,421,'Our Service Provider has accepted your request and will contact you shortly.',0,'2019-04-22 07:44:23','2019-04-22 07:44:23'),(1477,425,'Your quotation has been approved by customer.',0,'2019-04-22 07:45:57','2019-04-22 07:45:57'),(1478,421,'Our Service Provider has accepted your request and will contact you shortly.',0,'2019-04-22 07:47:05','2019-04-22 07:47:05'),(1479,425,'Your quotation has been approved by customer.',0,'2019-04-22 07:47:55','2019-04-22 07:47:55'),(1480,430,'Our Service Provider has accepted your request and will contact you shortly.',0,'2019-04-22 07:54:27','2019-04-22 07:54:27'),(1481,430,'Our Service Provider has accepted your request and will contact you shortly.',0,'2019-04-22 07:57:49','2019-04-22 07:57:49'),(1482,425,'You\'ve got a new quote request.',0,'2019-04-22 08:01:19','2019-04-22 08:01:19'),(1483,421,'Our Service Provider has accepted your request and will contact you shortly.',0,'2019-04-22 08:01:34','2019-04-22 08:01:34'),(1495,421,'Our Service Provider has accepted your request and will contact you shortly.',0,'2019-04-22 09:32:33','2019-04-22 09:32:33'),(1496,429,'You\'ve got a new quote request.',0,'2019-04-23 01:22:24','2019-04-23 01:22:24'),(1497,461,'You\'ve got a new quote request.',0,'2019-04-23 01:22:26','2019-04-23 01:22:26'),(1498,450,'Our Service Provider has accepted your request and will contact you shortly.',0,'2019-04-23 01:50:10','2019-04-23 01:50:10'),(1499,429,'Your quotation has been approved by customer.',0,'2019-04-23 01:50:57','2019-04-23 01:50:57'),(1500,450,'Our Service Provider has Checked in.',0,'2019-04-23 01:51:14','2019-04-23 01:51:14'),(1501,450,'Our Service Provider has Checked in.',0,'2019-04-23 01:51:21','2019-04-23 01:51:21'),(1502,450,'Our Service Provider has Checked in.',0,'2019-04-23 01:51:30','2019-04-23 01:51:30'),(1503,450,'Our Service Provider has Checked in.',0,'2019-04-23 01:51:38','2019-04-23 01:51:38'),(1504,427,'You\'ve got a new quote request.',0,'2019-04-23 02:05:37','2019-04-23 02:05:37'),(1505,429,'You\'ve got a new quote request.',0,'2019-04-23 02:05:39','2019-04-23 02:05:39'),(1506,450,'Our Service Provider has accepted your request and will contact you shortly.',0,'2019-04-23 02:06:20','2019-04-23 02:06:20'),(1507,429,'Your quotation has been approved by customer.',0,'2019-04-23 02:08:22','2019-04-23 02:08:22'),(1508,450,'Our Service Provider has Checked in.',0,'2019-04-23 02:11:53','2019-04-23 02:11:53'),(1509,427,'You\'ve got a new quote request.',0,'2019-04-23 02:32:05','2019-04-23 02:32:05'),(1510,429,'You\'ve got a new quote request.',0,'2019-04-23 02:32:07','2019-04-23 02:32:07'),(1511,481,'You\'ve got a new quote request.',0,'2019-04-23 02:32:08','2019-04-23 02:32:08'),(1512,450,'Our Service Provider has accepted your request and will contact you shortly.',0,'2019-04-23 02:32:20','2019-04-23 02:32:20'),(1513,427,'You\'ve got a new quote request.',0,'2019-04-23 02:35:58','2019-04-23 02:35:58'),(1514,429,'You\'ve got a new quote request.',0,'2019-04-23 02:35:59','2019-04-23 02:35:59'),(1515,450,'Our Service Provider has accepted your request and will contact you shortly.',0,'2019-04-23 02:36:09','2019-04-23 02:36:09'),(1516,429,'Your quotation has been approved by customer.',0,'2019-04-23 02:52:01','2019-04-23 02:52:01'),(1517,450,'Our Service Provider has Checked in.',0,'2019-04-23 02:52:23','2019-04-23 02:52:23'),(1518,429,'You\'ve got a new quote request.',0,'2019-04-23 02:59:35','2019-04-23 02:59:35'),(1520,450,'Our Service Provider has Checked in.',0,'2019-04-23 03:00:07','2019-04-23 03:00:07'),(1522,450,'Our Service Provider has Checked out.',0,'2019-04-23 03:06:37','2019-04-23 03:06:37'),(1523,450,'Our Service Provider has Checked in.',0,'2019-04-23 03:06:39','2019-04-23 03:06:39'),(1524,450,'Our Service Provider has Checked out.',0,'2019-04-23 03:06:41','2019-04-23 03:06:41'),(1525,450,'Our Service Provider has Checked in.',0,'2019-04-23 03:06:54','2019-04-23 03:06:54'),(1526,450,'Our Service Provider has Checked out.',0,'2019-04-23 03:06:57','2019-04-23 03:06:57'),(1527,429,'You\'ve got a new quote request.',0,'2019-04-23 03:08:24','2019-04-23 03:08:24'),(1528,461,'You\'ve got a new quote request.',0,'2019-04-23 03:08:25','2019-04-23 03:08:25'),(1529,450,'Our Service Provider has accepted your request and will contact you shortly.',0,'2019-04-23 03:08:38','2019-04-23 03:08:38'),(1530,450,'Our Service Provider has accepted your request and will contact you shortly.',0,'2019-04-23 03:08:40','2019-04-23 03:08:40'),(1531,429,'Your quotation has been approved by customer.',0,'2019-04-23 03:09:42','2019-04-23 03:09:42'),(1532,450,'Our Service Provider has Checked in.',0,'2019-04-23 03:09:52','2019-04-23 03:09:52'),(1533,450,'Our Service Provider has Checked out.',0,'2019-04-23 03:09:55','2019-04-23 03:09:55'),(1534,450,'Our Service Provider has Checked in.',0,'2019-04-23 03:09:58','2019-04-23 03:09:58'),(1535,450,'Our Service Provider has Checked out.',0,'2019-04-23 03:10:00','2019-04-23 03:10:00'),(1536,450,'Our Service Provider has Checked in.',0,'2019-04-23 03:10:02','2019-04-23 03:10:02'),(1537,450,'Our Service Provider has Checked out.',0,'2019-04-23 03:10:04','2019-04-23 03:10:04'),(1538,429,'You have completed the service . Soon, customer will approve and rate it.',0,'2019-04-23 03:10:17','2019-04-23 03:10:17'),(1540,421,'Our Service Provider has accepted your request and will contact you shortly.',0,'2019-04-23 03:27:46','2019-04-23 03:27:46'),(1541,429,'Your quotation has been approved by customer.',0,'2019-04-23 03:28:27','2019-04-23 03:28:27'),(1542,429,'You\'ve got a new quote request.',0,'2019-04-23 03:29:44','2019-04-23 03:29:44'),(1543,461,'You\'ve got a new quote request.',0,'2019-04-23 03:29:45','2019-04-23 03:29:45'),(1544,450,'Our Service Provider has accepted your request and will contact you shortly.',0,'2019-04-23 03:31:19','2019-04-23 03:31:19'),(1545,429,'Your quotation has been approved by customer.',0,'2019-04-23 03:32:47','2019-04-23 03:32:47'),(1546,450,'Our Service Provider has Checked in.',0,'2019-04-23 03:32:59','2019-04-23 03:32:59'),(1547,450,'Our Service Provider has Checked out.',0,'2019-04-23 03:33:01','2019-04-23 03:33:01'),(1548,450,'Our Service Provider has Checked in.',0,'2019-04-23 03:33:03','2019-04-23 03:33:03'),(1549,450,'Our Service Provider has Checked out.',0,'2019-04-23 03:33:04','2019-04-23 03:33:04'),(1550,450,'Our Service Provider has Checked in.',0,'2019-04-23 03:33:06','2019-04-23 03:33:06'),(1551,450,'Our Service Provider has Checked out.',0,'2019-04-23 03:33:07','2019-04-23 03:33:07'),(1552,429,'You have completed the service . Soon, customer will approve and rate it.',0,'2019-04-23 03:33:10','2019-04-23 03:33:10'),(1553,429,'Your quotation has been approved by customer.',0,'2019-04-23 03:38:04','2019-04-23 03:38:04'),(1558,429,'You have completed the service . Soon, customer will approve and rate it.',0,'2019-04-23 03:39:46','2019-04-23 03:39:46'),(1561,429,'You have completed the service . Soon, customer will approve and rate it.',0,'2019-04-23 03:39:53','2019-04-23 03:39:53'),(1571,421,'Our Service Provider has accepted your request and will contact you shortly.',0,'2019-04-23 05:03:17','2019-04-23 05:03:17'),(1572,421,'Our Service Provider has accepted your request and will contact you shortly.',0,'2019-04-23 05:14:00','2019-04-23 05:14:00'),(1573,425,'You\'ve got a new quote request.',0,'2019-04-23 05:20:56','2019-04-23 05:20:56'),(1574,429,'You\'ve got a new quote request.',0,'2019-04-23 05:20:58','2019-04-23 05:20:58'),(1575,421,'Our Service Provider has accepted your request and will contact you shortly.',0,'2019-04-23 05:21:46','2019-04-23 05:21:46'),(1576,429,'You\'ve got a new quote request.',0,'2019-04-23 05:27:09','2019-04-23 05:27:09'),(1577,461,'You\'ve got a new quote request.',0,'2019-04-23 05:27:10','2019-04-23 05:27:10'),(1578,450,'Our Service Provider has accepted your request and will contact you shortly.',0,'2019-04-23 05:27:30','2019-04-23 05:27:30'),(1579,429,'Your quotation has been approved by customer.',0,'2019-04-23 05:28:09','2019-04-23 05:28:09'),(1580,450,'Our Service Provider has Checked in.',0,'2019-04-23 05:28:18','2019-04-23 05:28:18'),(1581,450,'Our Service Provider has Checked out.',0,'2019-04-23 05:28:20','2019-04-23 05:28:20'),(1582,450,'Our Service Provider has Checked in.',0,'2019-04-23 05:28:22','2019-04-23 05:28:22'),(1583,450,'Our Service Provider has Checked out.',0,'2019-04-23 05:28:24','2019-04-23 05:28:24'),(1584,429,'You have completed the service . Soon, customer will approve and rate it.',0,'2019-04-23 05:28:29','2019-04-23 05:28:29'),(1585,429,'Your quotation has been approved by customer.',0,'2019-04-23 05:29:58','2019-04-23 05:29:58'),(1586,429,'You\'ve got a new quote request.',0,'2019-04-23 05:38:11','2019-04-23 05:38:11'),(1589,425,'You\'ve got a new quote request.',0,'2019-04-23 05:52:54','2019-04-23 05:52:54'),(1590,429,'You\'ve got a new quote request.',0,'2019-04-23 05:52:55','2019-04-23 05:52:55'),(1591,421,'Our Service Provider has accepted your request and will contact you shortly.',0,'2019-04-23 05:53:28','2019-04-23 05:53:28'),(1592,429,'Your quotation has been approved by customer.',0,'2019-04-23 05:54:47','2019-04-23 05:54:47'),(1593,425,'You\'ve got a new quote request.',0,'2019-04-23 05:58:45','2019-04-23 05:58:45'),(1594,429,'You\'ve got a new quote request.',0,'2019-04-23 05:58:47','2019-04-23 05:58:47'),(1595,421,'Our Service Provider has accepted your request and will contact you shortly.',0,'2019-04-23 05:59:00','2019-04-23 05:59:00'),(1602,425,'You\'ve got a new quote request.',0,'2019-04-23 06:22:30','2019-04-23 06:22:30'),(1603,429,'You\'ve got a new quote request.',0,'2019-04-23 06:22:31','2019-04-23 06:22:31'),(1604,421,'Our Service Provider has accepted your request and will contact you shortly.',0,'2019-04-23 06:22:49','2019-04-23 06:22:49'),(1605,450,'Our Service Provider has accepted your request and will contact you shortly.',0,'2019-04-23 06:23:30','2019-04-23 06:23:30'),(1606,450,'Our Service Provider has accepted your request and will contact you shortly.',0,'2019-04-23 06:23:31','2019-04-23 06:23:31'),(1607,425,'You\'ve got a new quote request.',0,'2019-04-23 06:25:19','2019-04-23 06:25:19'),(1608,427,'You\'ve got a new quote request.',0,'2019-04-23 06:25:20','2019-04-23 06:25:20'),(1609,429,'You\'ve got a new quote request.',0,'2019-04-23 06:25:21','2019-04-23 06:25:21'),(1610,450,'Our Service Provider has accepted your request and will contact you shortly.',0,'2019-04-23 06:26:03','2019-04-23 06:26:03'),(1611,429,'Your quotation has been approved by customer.',0,'2019-04-23 06:27:26','2019-04-23 06:27:26'),(1612,450,'Our Service Provider has accepted your request and will contact you shortly.',0,'2019-04-23 06:27:35','2019-04-23 06:27:35'),(1613,450,'Our Service Provider has Checked in.',0,'2019-04-23 06:27:47','2019-04-23 06:27:47'),(1614,450,'Our Service Provider has Checked out.',0,'2019-04-23 06:28:09','2019-04-23 06:28:09'),(1615,429,'Our Service Provider has marked the job complete and is waiting for your approval.',0,'2019-04-23 06:29:13','2019-04-23 06:29:13'),(1616,425,'You\'ve got a new quote request.',0,'2019-04-23 06:31:03','2019-04-23 06:31:03'),(1617,429,'You\'ve got a new quote request.',0,'2019-04-23 06:31:04','2019-04-23 06:31:04'),(1618,450,'Our Service Provider has accepted your request and will contact you shortly.',0,'2019-04-23 06:31:33','2019-04-23 06:31:33'),(1619,429,'Your quotation has been approved by customer.',0,'2019-04-23 06:32:29','2019-04-23 06:32:29'),(1620,425,'You\'ve got a new quote request.',0,'2019-04-23 06:33:45','2019-04-23 06:33:45'),(1621,429,'You\'ve got a new quote request.',0,'2019-04-23 06:33:46','2019-04-23 06:33:46'),(1622,450,'Our Service Provider has accepted your request and will contact you shortly.',0,'2019-04-23 06:34:06','2019-04-23 06:34:06'),(1623,425,'Your quotation has been approved by customer.',0,'2019-04-23 06:34:40','2019-04-23 06:34:40'),(1624,425,'You\'ve got a new quote request.',0,'2019-04-23 06:37:29','2019-04-23 06:37:29'),(1625,429,'You\'ve got a new quote request.',0,'2019-04-23 06:37:30','2019-04-23 06:37:30'),(1626,450,'Our Service Provider has accepted your request and will contact you shortly.',0,'2019-04-23 06:37:43','2019-04-23 06:37:43'),(1627,429,'Your quotation has been approved by customer.',0,'2019-04-23 06:38:28','2019-04-23 06:38:28'),(1628,450,'Our Service Provider has Checked in.',0,'2019-04-23 06:39:06','2019-04-23 06:39:06'),(1629,450,'Our Service Provider has Checked out.',0,'2019-04-23 06:39:08','2019-04-23 06:39:08'),(1630,450,'Our Service Provider has Checked in.',0,'2019-04-23 06:39:10','2019-04-23 06:39:10'),(1631,450,'Our Service Provider has Checked out.',0,'2019-04-23 06:39:12','2019-04-23 06:39:12'),(1632,450,'Our Service Provider has Checked in.',0,'2019-04-23 06:39:14','2019-04-23 06:39:14'),(1633,450,'Our Service Provider has Checked in.',0,'2019-04-23 06:39:17','2019-04-23 06:39:17'),(1634,450,'Our Service Provider has Checked out.',0,'2019-04-23 06:39:17','2019-04-23 06:39:17'),(1635,450,'Our Service Provider has Checked in.',0,'2019-04-23 06:39:20','2019-04-23 06:39:20'),(1636,450,'Our Service Provider has Checked in.',0,'2019-04-23 06:39:22','2019-04-23 06:39:22'),(1637,450,'Our Service Provider has Checked out.',0,'2019-04-23 06:39:24','2019-04-23 06:39:24'),(1638,429,'Our Service Provider has marked the job complete and is waiting for your approval.',0,'2019-04-23 06:39:29','2019-04-23 06:39:29'),(1639,450,'Our Service Provider has Checked in.',0,'2019-04-23 07:04:12','2019-04-23 07:04:12'),(1640,450,'Our Service Provider has Checked out.',0,'2019-04-23 07:04:14','2019-04-23 07:04:14'),(1641,425,'Our Service Provider has marked the job complete and is waiting for your approval.',0,'2019-04-23 07:04:18','2019-04-23 07:04:18'),(1642,425,'Your quotation has been approved by customer.',0,'2019-04-23 07:09:19','2019-04-23 07:09:19'),(1643,421,'Our Service Provider has accepted your request and will contact you shortly.',0,'2019-04-23 07:14:33','2019-04-23 07:14:33'),(1644,429,'You\'ve got a new quote request.',0,'2019-04-23 07:37:41','2019-04-23 07:37:41'),(1645,461,'You\'ve got a new quote request.',0,'2019-04-23 07:37:42','2019-04-23 07:37:42'),(1646,450,'Our Service Provider has accepted your request and will contact you shortly.',0,'2019-04-23 07:39:46','2019-04-23 07:39:46'),(1647,429,'Your quotation has been approved by customer.',0,'2019-04-23 07:40:36','2019-04-23 07:40:36'),(1648,450,'Our Service Provider has Checked in.',0,'2019-04-23 07:40:47','2019-04-23 07:40:47'),(1649,450,'Our Service Provider has Checked out.',0,'2019-04-23 07:40:49','2019-04-23 07:40:49'),(1650,450,'Our Service Provider has Checked in.',0,'2019-04-23 07:40:51','2019-04-23 07:40:51'),(1651,450,'Our Service Provider has Checked out.',0,'2019-04-23 07:40:53','2019-04-23 07:40:53'),(1652,450,'Our Service Provider has Checked in.',0,'2019-04-23 07:40:54','2019-04-23 07:40:54'),(1653,450,'Our Service Provider has Checked out.',0,'2019-04-23 07:41:06','2019-04-23 07:41:06'),(1654,429,'Our Service Provider has marked the job complete and is waiting for your approval.',0,'2019-04-23 07:41:15','2019-04-23 07:41:15'),(1655,450,'Our Service Provider has Checked in.',0,'2019-04-23 07:42:58','2019-04-23 07:42:58'),(1656,450,'Our Service Provider has Checked out.',0,'2019-04-23 07:43:00','2019-04-23 07:43:00'),(1657,450,'Our Service Provider has Checked in.',0,'2019-04-23 07:43:01','2019-04-23 07:43:01'),(1658,450,'Our Service Provider has Checked out.',0,'2019-04-23 07:43:03','2019-04-23 07:43:03'),(1659,429,'Our Service Provider has marked the job complete and is waiting for your approval.',0,'2019-04-23 07:43:07','2019-04-23 07:43:07'),(1660,450,'Our Service Provider has Checked in.',0,'2019-04-23 07:48:39','2019-04-23 07:48:39'),(1661,450,'Our Service Provider has Checked out.',0,'2019-04-23 07:48:41','2019-04-23 07:48:41'),(1662,450,'Our Service Provider has Checked in.',0,'2019-04-23 07:48:42','2019-04-23 07:48:42'),(1663,450,'Our Service Provider has Checked out.',0,'2019-04-23 07:48:44','2019-04-23 07:48:44'),(1664,450,'Our Service Provider has Checked in.',0,'2019-04-23 07:48:46','2019-04-23 07:48:46'),(1665,450,'Our Service Provider has Checked out.',0,'2019-04-23 07:48:47','2019-04-23 07:48:47'),(1666,425,'You\'ve got a new quote request.',0,'2019-04-23 07:55:32','2019-04-23 07:55:32'),(1667,429,'You\'ve got a new quote request.',0,'2019-04-23 07:55:33','2019-04-23 07:55:33'),(1668,461,'You\'ve got a new quote request.',0,'2019-04-23 07:55:34','2019-04-23 07:55:34'),(1669,450,'Our Service Provider has accepted your request and will contact you shortly.',0,'2019-04-23 07:55:57','2019-04-23 07:55:57'),(1670,450,'Our Service Provider has accepted your request and will contact you shortly.',0,'2019-04-23 07:56:48','2019-04-23 07:56:48'),(1671,425,'Your quotation has been approved by customer.',0,'2019-04-23 07:58:29','2019-04-23 07:58:29'),(1672,429,'Your quotation has been rejected by omnee.',0,'2019-04-23 07:58:29','2019-04-23 07:58:29'),(1673,425,'You\'ve got a new quote request.',0,'2019-04-23 08:00:41','2019-04-23 08:00:41'),(1674,429,'You\'ve got a new quote request.',0,'2019-04-23 08:00:42','2019-04-23 08:00:42'),(1675,450,'Our Service Provider has accepted your request and will contact you shortly.',0,'2019-04-23 08:01:08','2019-04-23 08:01:08'),(1676,450,'Your quote request has been rejected.',0,'2019-04-23 08:01:20','2019-04-23 08:01:20'),(1677,429,'Your quotation has been approved by customer.',0,'2019-04-23 08:02:18','2019-04-23 08:02:18'),(1678,450,'Our Service Provider has Checked in.',0,'2019-04-23 08:02:24','2019-04-23 08:02:24'),(1679,450,'Our Service Provider has Checked out.',0,'2019-04-23 08:02:26','2019-04-23 08:02:26'),(1680,450,'Our Service Provider has Checked in.',0,'2019-04-23 08:02:29','2019-04-23 08:02:29'),(1681,450,'Our Service Provider has Checked out.',0,'2019-04-23 08:02:31','2019-04-23 08:02:31'),(1682,450,'Our Service Provider has Checked in.',0,'2019-04-23 08:02:34','2019-04-23 08:02:34'),(1683,450,'Our Service Provider has Checked out.',0,'2019-04-23 08:02:36','2019-04-23 08:02:36'),(1684,429,'Our Service Provider has marked the job complete and is waiting for your approval.',0,'2019-04-23 08:02:39','2019-04-23 08:02:39'),(1685,429,'You\'ve got a new quote request.',0,'2019-04-23 08:04:46','2019-04-23 08:04:46'),(1686,461,'You\'ve got a new quote request.',0,'2019-04-23 08:04:48','2019-04-23 08:04:48'),(1687,425,'You\'ve got a new quote request.',0,'2019-04-23 08:05:52','2019-04-23 08:05:52'),(1688,429,'You\'ve got a new quote request.',0,'2019-04-23 08:05:53','2019-04-23 08:05:53'),(1689,450,'Our Service Provider has accepted your request and will contact you shortly.',0,'2019-04-23 08:06:06','2019-04-23 08:06:06'),(1690,450,'Our Service Provider has accepted your request and will contact you shortly.',0,'2019-04-23 08:07:24','2019-04-23 08:07:24'),(1691,425,'Your quotation has been approved by customer.',0,'2019-04-23 08:08:05','2019-04-23 08:08:05'),(1692,429,'Your quotation has been rejected by omnee.',0,'2019-04-23 08:08:06','2019-04-23 08:08:06'),(1693,425,'You\'ve got a new quote request.',0,'2019-04-23 08:09:10','2019-04-23 08:09:10'),(1694,429,'You\'ve got a new quote request.',0,'2019-04-23 08:09:12','2019-04-23 08:09:12'),(1695,450,'Our Service Provider has accepted your request and will contact you shortly.',0,'2019-04-23 08:09:22','2019-04-23 08:09:22'),(1696,450,'Our Service Provider has accepted your request and will contact you shortly.',0,'2019-04-23 08:09:32','2019-04-23 08:09:32'),(1697,425,'Your quotation has been approved by customer.',0,'2019-04-23 08:10:05','2019-04-23 08:10:05'),(1698,429,'Your quotation has been rejected by omnee.',0,'2019-04-23 08:10:05','2019-04-23 08:10:05'),(1699,425,'You\'ve got a new quote request.',0,'2019-04-23 08:11:44','2019-04-23 08:11:44'),(1700,427,'You\'ve got a new quote request.',0,'2019-04-23 08:11:45','2019-04-23 08:11:45'),(1701,429,'You\'ve got a new quote request.',0,'2019-04-23 08:11:47','2019-04-23 08:11:47'),(1702,450,'Our Service Provider has accepted your request and will contact you shortly.',0,'2019-04-23 08:11:54','2019-04-23 08:11:54'),(1703,450,'Our Service Provider has accepted your request and will contact you shortly.',0,'2019-04-23 08:11:58','2019-04-23 08:11:58'),(1704,429,'Your quotation has been approved by customer.',0,'2019-04-23 08:12:37','2019-04-23 08:12:37'),(1705,425,'Your quotation has been rejected by omnee.',0,'2019-04-23 08:12:37','2019-04-23 08:12:37'),(1706,450,'Our Service Provider has Checked in.',0,'2019-04-23 08:13:31','2019-04-23 08:13:31'),(1707,450,'Our Service Provider has Checked out.',0,'2019-04-23 08:13:32','2019-04-23 08:13:32'),(1708,450,'Our Service Provider has Checked in.',0,'2019-04-23 08:13:34','2019-04-23 08:13:34'),(1709,450,'Our Service Provider has Checked out.',0,'2019-04-23 08:13:35','2019-04-23 08:13:35'),(1710,429,'Our Service Provider has marked the job complete and is waiting for your approval.',0,'2019-04-23 08:13:38','2019-04-23 08:13:38'),(1711,429,'You\'ve got a new quote request.',0,'2019-04-23 08:14:44','2019-04-23 08:14:44'),(1717,429,'Your quotation has been rejected by omnee.',0,'2019-04-23 08:31:06','2019-04-23 08:31:06'),(1718,425,'You\'ve got a new quote request.',0,'2019-04-23 08:38:17','2019-04-23 08:38:17'),(1719,429,'You\'ve got a new quote request.',0,'2019-04-23 08:38:19','2019-04-23 08:38:19'),(1727,425,'You\'ve got a new quote request.',0,'2019-04-23 08:40:53','2019-04-23 08:40:53'),(1728,429,'You\'ve got a new quote request.',0,'2019-04-23 08:40:54','2019-04-23 08:40:54'),(1731,429,'Your quotation has been approved by customer.',0,'2019-04-23 08:42:00','2019-04-23 08:42:00'),(1736,429,'Our Service Provider has marked the job complete and is waiting for your approval.',0,'2019-04-23 08:43:25','2019-04-23 08:43:25'),(1739,450,'Our Service Provider has accepted your request and will contact you shortly.',0,'2019-04-23 09:14:25','2019-04-23 09:14:25'),(1742,450,'Our Service Provider has Checked in.',0,'2019-04-23 09:20:39','2019-04-23 09:20:39'),(1743,450,'Our Service Provider has Checked out.',0,'2019-04-23 09:20:58','2019-04-23 09:20:58'),(1744,450,'Our Service Provider has Checked in.',0,'2019-04-23 09:21:01','2019-04-23 09:21:01'),(1745,450,'Our Service Provider has Checked out.',0,'2019-04-23 09:21:03','2019-04-23 09:21:03'),(1766,425,'You\'ve got a new quote request.',0,'2019-04-24 01:01:07','2019-04-24 01:01:07'),(1767,429,'You\'ve got a new quote request.',0,'2019-04-24 01:01:09','2019-04-24 01:01:09'),(1768,450,'Our Service Provider has accepted your request and will contact you shortly.',0,'2019-04-24 01:01:57','2019-04-24 01:01:57'),(1769,429,'Your quotation has been approved by customer.',0,'2019-04-24 01:11:45','2019-04-24 01:11:45'),(1770,450,'Our Service Provider has Checked in.',0,'2019-04-24 01:12:04','2019-04-24 01:12:04'),(1771,450,'Our Service Provider has Checked out.',0,'2019-04-24 01:12:06','2019-04-24 01:12:06'),(1772,450,'Our Service Provider has Checked in.',0,'2019-04-24 01:12:07','2019-04-24 01:12:07'),(1773,450,'Our Service Provider has Checked out.',0,'2019-04-24 01:12:09','2019-04-24 01:12:09'),(1774,450,'Our Service Provider has Checked in.',0,'2019-04-24 01:12:10','2019-04-24 01:12:10'),(1775,450,'Our Service Provider has Checked out.',0,'2019-04-24 01:12:12','2019-04-24 01:12:12'),(1776,429,'Our Service Provider has marked the job complete and is waiting for your approval.',0,'2019-04-24 01:12:17','2019-04-24 01:12:17'),(1777,425,'You\'ve got a new quote request.',0,'2019-04-24 01:38:48','2019-04-24 01:38:48'),(1778,429,'You\'ve got a new quote request.',0,'2019-04-24 01:38:50','2019-04-24 01:38:50'),(1779,421,'Our Service Provider has accepted your request and will contact you shortly.',0,'2019-04-24 01:41:46','2019-04-24 01:41:46'),(1780,551,'You\'ve got a new quote request.',0,'2019-04-24 01:47:58','2019-04-24 01:47:58'),(1781,550,'Our Service Provider has accepted your request and will contact you shortly.',0,'2019-04-24 01:51:10','2019-04-24 01:51:10'),(1782,425,'Your quotation has been approved by customer.',0,'2019-04-24 02:10:07','2019-04-24 02:10:07'),(1783,421,'Our Service Provider has Checked in.',0,'2019-04-24 02:14:30','2019-04-24 02:14:30'),(1784,421,'Our Service Provider has Checked out.',0,'2019-04-24 02:14:53','2019-04-24 02:14:53'),(1785,421,'Our Service Provider has Checked in.',0,'2019-04-24 02:16:23','2019-04-24 02:16:23'),(1786,421,'Our Service Provider has Checked out.',0,'2019-04-24 02:16:37','2019-04-24 02:16:37'),(1787,421,'Our Service Provider has Checked in.',0,'2019-04-24 02:17:32','2019-04-24 02:17:32'),(1788,421,'Our Service Provider has Checked out.',0,'2019-04-24 02:20:00','2019-04-24 02:20:00'),(1789,421,'Our Service Provider has Checked in.',0,'2019-04-24 02:20:13','2019-04-24 02:20:13'),(1791,421,'Our Service Provider has Checked out.',0,'2019-04-24 02:29:37','2019-04-24 02:29:37'),(1795,427,'You\'ve got a new quote request.',0,'2019-04-24 02:46:52','2019-04-24 02:46:52'),(1796,429,'You\'ve got a new quote request.',0,'2019-04-24 02:46:54','2019-04-24 02:46:54'),(1804,551,'You\'ve got a new quote request.',0,'2019-04-24 02:57:29','2019-04-24 02:57:29'),(1805,425,'You\'ve got a new quote request.',0,'2019-04-24 03:00:03','2019-04-24 03:00:03'),(1806,429,'You\'ve got a new quote request.',0,'2019-04-24 03:00:04','2019-04-24 03:00:04'),(1807,421,'Our Service Provider has accepted your request and will contact you shortly.',0,'2019-04-24 03:00:32','2019-04-24 03:00:32'),(1808,421,'Our Service Provider has accepted your request and will contact you shortly.',0,'2019-04-24 03:00:35','2019-04-24 03:00:35'),(1809,425,'Your quotation has been approved by customer.',0,'2019-04-24 03:03:05','2019-04-24 03:03:05'),(1810,429,'Your quotation has been rejected by omnee.',0,'2019-04-24 03:03:06','2019-04-24 03:03:06'),(1811,425,'You\'ve got a new quote request.',0,'2019-04-24 03:04:27','2019-04-24 03:04:27'),(1812,429,'You\'ve got a new quote request.',0,'2019-04-24 03:04:29','2019-04-24 03:04:29'),(1813,421,'Our Service Provider has accepted your request and will contact you shortly.',0,'2019-04-24 03:04:49','2019-04-24 03:04:49'),(1814,421,'Our Service Provider has accepted your request and will contact you shortly.',0,'2019-04-24 03:05:13','2019-04-24 03:05:13'),(1815,429,'Your quotation has been approved by customer.',0,'2019-04-24 03:05:43','2019-04-24 03:05:43'),(1816,425,'Your quotation has been rejected by omnee.',0,'2019-04-24 03:05:44','2019-04-24 03:05:44'),(1817,425,'You\'ve got a new quote request.',0,'2019-04-24 03:06:22','2019-04-24 03:06:22'),(1818,429,'You\'ve got a new quote request.',0,'2019-04-24 03:06:24','2019-04-24 03:06:24'),(1819,425,'You\'ve got a new quote request.',0,'2019-04-24 03:09:30','2019-04-24 03:09:30'),(1820,429,'You\'ve got a new quote request.',0,'2019-04-24 03:09:31','2019-04-24 03:09:31'),(1822,421,'Our Service Provider has accepted your request and will contact you shortly.',0,'2019-04-24 03:09:45','2019-04-24 03:09:45'),(1823,421,'Our Service Provider has accepted your request and will contact you shortly.',0,'2019-04-24 03:09:48','2019-04-24 03:09:48'),(1825,425,'Your quotation has been rejected by omnee.',0,'2019-04-24 03:10:48','2019-04-24 03:10:48'),(1826,425,'You\'ve got a new quote request.',0,'2019-04-24 03:11:42','2019-04-24 03:11:42'),(1828,421,'Our Service Provider has accepted your request and will contact you shortly.',0,'2019-04-24 03:11:51','2019-04-24 03:11:51'),(1829,421,'Our Service Provider has accepted your request and will contact you shortly.',0,'2019-04-24 03:12:09','2019-04-24 03:12:09'),(1830,425,'Your quotation has been approved by customer.',0,'2019-04-24 03:13:02','2019-04-24 03:13:02'),(1832,425,'You\'ve got a new quote request.',0,'2019-04-24 03:14:59','2019-04-24 03:14:59'),(1836,425,'Your quotation has been approved by customer.',0,'2019-04-24 03:15:58','2019-04-24 03:15:58'),(1840,421,'Our Service Provider has accepted your request and will contact you shortly.',0,'2019-04-24 03:22:22','2019-04-24 03:22:22'),(1841,421,'Our Service Provider has accepted your request and will contact you shortly.',0,'2019-04-24 03:22:28','2019-04-24 03:22:28'),(1844,551,'Your quotation has been approved by customer.',0,'2019-04-24 04:35:02','2019-04-24 04:35:02'),(1845,550,'Our Service Provider has Checked in.',0,'2019-04-24 04:35:28','2019-04-24 04:35:28'),(1846,550,'Our Service Provider has Checked out.',0,'2019-04-24 04:35:35','2019-04-24 04:35:35'),(1847,550,'Our Service Provider has Checked in.',0,'2019-04-24 04:35:40','2019-04-24 04:35:40'),(1848,550,'Our Service Provider has Checked out.',0,'2019-04-24 04:35:45','2019-04-24 04:35:45'),(1849,551,'Our Service Provider has marked the job complete and is waiting for your approval.',0,'2019-04-24 04:35:47','2019-04-24 04:35:47'),(1850,450,'Our Service Provider has accepted your request and will contact you shortly.',0,'2019-04-24 05:22:46','2019-04-24 05:22:46'),(1851,426,'You\'ve got a new quote request.',0,'2019-04-24 05:24:13','2019-04-24 05:24:13'),(1852,427,'You\'ve got a new quote request.',0,'2019-04-24 05:24:15','2019-04-24 05:24:15'),(1853,557,'You\'ve got a new quote request.',0,'2019-04-24 05:24:16','2019-04-24 05:24:16'),(1854,427,'You\'ve got a new quote request.',0,'2019-04-24 05:27:06','2019-04-24 05:27:06'),(1855,557,'You\'ve got a new quote request.',0,'2019-04-24 05:27:08','2019-04-24 05:27:08'),(1856,423,'You\'ve got a new quote request.',0,'2019-04-24 05:29:18','2019-04-24 05:29:18'),(1857,425,'You\'ve got a new quote request.',0,'2019-04-24 05:29:20','2019-04-24 05:29:20'),(1858,557,'You\'ve got a new quote request.',0,'2019-04-24 05:29:21','2019-04-24 05:29:21'),(1859,423,'You\'ve got a new quote request.',0,'2019-04-24 05:29:40','2019-04-24 05:29:40'),(1860,425,'You\'ve got a new quote request.',0,'2019-04-24 05:29:41','2019-04-24 05:29:41'),(1861,557,'You\'ve got a new quote request.',0,'2019-04-24 05:29:42','2019-04-24 05:29:42'),(1862,557,'You\'ve got a new quote request.',0,'2019-04-24 05:34:14','2019-04-24 05:34:14'),(1863,550,'Our Service Provider has accepted your request and will contact you shortly.',0,'2019-04-24 05:35:45','2019-04-24 05:35:45'),(1864,557,'You\'ve got a new quote request.',0,'2019-04-24 06:31:36','2019-04-24 06:31:36'),(1865,425,'You\'ve got a new quote request.',0,'2019-04-24 06:54:24','2019-04-24 06:54:24'),(1866,429,'You\'ve got a new quote request.',0,'2019-04-24 06:54:27','2019-04-24 06:54:27'),(1867,550,'Our Service Provider has accepted your request and will contact you shortly.',0,'2019-04-24 07:44:12','2019-04-24 07:44:12'),(1868,557,'Your quotation has been approved by customer.',0,'2019-04-24 08:09:42','2019-04-24 08:09:42'),(1869,557,'Your quotation has been approved by customer.',0,'2019-04-24 08:35:30','2019-04-24 08:35:30'),(1870,550,'Our Service Provider has accepted your request and will contact you shortly.',0,'2019-04-24 08:45:46','2019-04-24 08:45:46'),(1871,557,'Your quotation has been approved by customer.',0,'2019-04-24 08:59:46','2019-04-24 08:59:46'),(1872,550,'Our Service Provider has Checked in.',0,'2019-04-24 09:23:24','2019-04-24 09:23:24'),(1873,550,'Our Service Provider has Checked out.',0,'2019-04-24 09:24:00','2019-04-24 09:24:00'),(1874,557,'Our Service Provider has marked the job complete and is waiting for your approval.',0,'2019-04-24 09:25:16','2019-04-24 09:25:16'),(1875,550,'Your quote request has been rejected.',0,'2019-04-24 09:34:27','2019-04-24 09:34:27'),(1876,557,'You\'ve got a new quote request.',0,'2019-04-24 09:59:40','2019-04-24 09:59:40'),(1877,425,'You\'ve got a new quote request.',0,'2019-04-24 10:02:55','2019-04-24 10:02:55'),(1878,550,'Our Service Provider has accepted your request and will contact you shortly.',0,'2019-04-24 10:12:22','2019-04-24 10:12:22'),(1879,557,'Your quotation has been approved by customer.',0,'2019-04-24 10:30:16','2019-04-24 10:30:16'),(1880,550,'Our Service Provider has Checked in.',0,'2019-04-24 10:38:13','2019-04-24 10:38:13'),(1881,550,'Our Service Provider has Checked out.',0,'2019-04-24 10:43:20','2019-04-24 10:43:20'),(1882,557,'Our Service Provider has marked the job complete and is waiting for your approval.',0,'2019-04-24 10:43:36','2019-04-24 10:43:36'),(1883,550,'Our Service Provider has accepted your request and will contact you shortly.',0,'2019-04-24 10:58:33','2019-04-24 10:58:33'),(1884,557,'You\'ve got a new quote request.',0,'2019-04-24 11:09:04','2019-04-24 11:09:04'),(1885,555,'Our Service Provider has accepted your request and will contact you shortly.',0,'2019-04-24 11:10:16','2019-04-24 11:10:16'),(1886,557,'Your quotation has been approved by customer.',0,'2019-04-24 11:16:35','2019-04-24 11:16:35'),(1887,421,'Our Service Provider has accepted your request and will contact you shortly.',0,'2019-04-25 00:55:44','2019-04-25 00:55:44'),(1888,425,'Your quotation has been approved by customer.',0,'2019-04-25 00:56:20','2019-04-25 00:56:20'),(1889,421,'Our Service Provider has Checked in.',0,'2019-04-25 00:57:27','2019-04-25 00:57:27'),(1890,421,'Our Service Provider has accepted your request and will contact you shortly.',0,'2019-04-25 01:19:07','2019-04-25 01:19:07'),(1891,421,'Our Service Provider has Checked in.',0,'2019-04-25 01:31:14','2019-04-25 01:31:14'),(1892,421,'Our Service Provider has Checked out.',0,'2019-04-25 01:31:16','2019-04-25 01:31:16'),(1893,421,'Our Service Provider has Checked in.',0,'2019-04-25 01:31:17','2019-04-25 01:31:17'),(1894,421,'Our Service Provider has Checked out.',0,'2019-04-25 01:31:19','2019-04-25 01:31:19'),(1895,429,'Our Service Provider has marked the job complete and is waiting for your approval.',0,'2019-04-25 01:31:23','2019-04-25 01:31:23'),(1896,425,'You\'ve got a new quote request.',0,'2019-04-25 01:47:40','2019-04-25 01:47:40'),(1897,429,'You\'ve got a new quote request.',0,'2019-04-25 01:47:42','2019-04-25 01:47:42'),(1898,421,'Our Service Provider has accepted your request and will contact you shortly.',0,'2019-04-25 01:52:05','2019-04-25 01:52:05'),(1899,425,'You\'ve got a new quote request.',0,'2019-04-25 02:02:18','2019-04-25 02:02:18'),(1900,429,'You\'ve got a new quote request.',0,'2019-04-25 02:02:20','2019-04-25 02:02:20'),(1901,421,'Our Service Provider has accepted your request and will contact you shortly.',0,'2019-04-25 02:03:07','2019-04-25 02:03:07'),(1902,425,'Your quotation has been approved by customer.',0,'2019-04-25 02:05:19','2019-04-25 02:05:19'),(1903,421,'Our Service Provider has Checked in.',0,'2019-04-25 02:11:12','2019-04-25 02:11:12'),(1904,421,'Our Service Provider has Checked out.',0,'2019-04-25 02:11:30','2019-04-25 02:11:30'),(1905,421,'Our Service Provider has Checked in.',0,'2019-04-25 02:11:58','2019-04-25 02:11:58'),(1906,421,'Our Service Provider has Checked out.',0,'2019-04-25 02:12:12','2019-04-25 02:12:12'),(1907,425,'Our Service Provider has marked the job complete and is waiting for your approval.',0,'2019-04-25 02:12:18','2019-04-25 02:12:18'),(1908,550,'Our Service Provider has accepted your request and will contact you shortly.',0,'2019-04-25 02:29:25','2019-04-25 02:29:25'),(1909,425,'Your quotation has been approved by customer.',0,'2019-04-25 02:33:17','2019-04-25 02:33:17'),(1910,429,'You\'ve got a new quote request.',0,'2019-04-25 02:36:08','2019-04-25 02:36:08'),(1911,461,'You\'ve got a new quote request.',0,'2019-04-25 02:36:10','2019-04-25 02:36:10'),(1912,450,'Our Service Provider has accepted your request and will contact you shortly.',0,'2019-04-25 02:36:28','2019-04-25 02:36:28'),(1913,421,'Our Service Provider has Checked in.',0,'2019-04-25 02:40:56','2019-04-25 02:40:56'),(1914,421,'Our Service Provider has Checked out.',0,'2019-04-25 02:40:58','2019-04-25 02:40:58'),(1915,425,'Our Service Provider has marked the job complete and is waiting for your approval.',0,'2019-04-25 02:41:01','2019-04-25 02:41:01'),(1916,429,'Your quotation has been approved by customer.',0,'2019-04-25 02:44:23','2019-04-25 02:44:23'),(1917,450,'Our Service Provider has Checked in.',0,'2019-04-25 02:44:34','2019-04-25 02:44:34'),(1918,450,'Our Service Provider has Checked out.',0,'2019-04-25 02:44:38','2019-04-25 02:44:38'),(1919,450,'Our Service Provider has Checked in.',0,'2019-04-25 02:44:41','2019-04-25 02:44:41'),(1920,450,'Our Service Provider has Checked out.',0,'2019-04-25 02:44:44','2019-04-25 02:44:44'),(1921,429,'Our Service Provider has marked the job complete and is waiting for your approval.',0,'2019-04-25 02:44:49','2019-04-25 02:44:49'),(1922,425,'Your quotation has been approved by customer.',0,'2019-04-25 02:49:30','2019-04-25 02:49:30'),(1923,421,'Our Service Provider has Checked out.',0,'2019-04-25 02:49:53','2019-04-25 02:49:53'),(1924,425,'Our Service Provider has marked the job complete and is waiting for your approval.',0,'2019-04-25 02:50:33','2019-04-25 02:50:33'),(1925,429,'You\'ve got a new quote request.',0,'2019-04-25 02:51:07','2019-04-25 02:51:07'),(1926,450,'Our Service Provider has accepted your request and will contact you shortly.',0,'2019-04-25 02:51:18','2019-04-25 02:51:18'),(1927,429,'Your quotation has been declined by customer.',0,'2019-04-25 02:52:36','2019-04-25 02:52:36'),(1928,551,'You\'ve got a new quote request.',0,'2019-04-25 02:55:15','2019-04-25 02:55:15'),(1929,557,'You\'ve got a new quote request.',0,'2019-04-25 02:55:16','2019-04-25 02:55:16'),(1930,450,'Our Service Provider has accepted your request and will contact you shortly.',0,'2019-04-25 02:57:49','2019-04-25 02:57:49'),(1931,429,'Your quotation has been approved by customer.',0,'2019-04-25 02:58:56','2019-04-25 02:58:56'),(1932,450,'Our Service Provider has Checked in.',0,'2019-04-25 02:59:20','2019-04-25 02:59:20'),(1933,450,'Our Service Provider has Checked out.',0,'2019-04-25 02:59:22','2019-04-25 02:59:22'),(1934,429,'Our Service Provider has marked the job complete and is waiting for your approval.',0,'2019-04-25 02:59:32','2019-04-25 02:59:32'),(1935,429,'Your quotation has been declined by customer.',0,'2019-04-25 03:00:04','2019-04-25 03:00:04'),(1936,421,'Our Service Provider has Checked in.',0,'2019-04-25 03:07:44','2019-04-25 03:07:44'),(1937,421,'Our Service Provider has Checked out.',0,'2019-04-25 03:07:46','2019-04-25 03:07:46'),(1938,425,'Our Service Provider has marked the job complete and is waiting for your approval.',0,'2019-04-25 03:07:48','2019-04-25 03:07:48'),(1939,421,'Our Service Provider has Checked in.',0,'2019-04-25 03:17:03','2019-04-25 03:17:03'),(1940,421,'Our Service Provider has Checked out.',0,'2019-04-25 03:17:05','2019-04-25 03:17:05'),(1941,425,'Our Service Provider has marked the job complete and is waiting for your approval.',0,'2019-04-25 03:17:07','2019-04-25 03:17:07'),(1942,425,'You\'ve got a new quote request.',0,'2019-04-25 03:19:06','2019-04-25 03:19:06'),(1943,421,'Our Service Provider has accepted your request and will contact you shortly.',0,'2019-04-25 03:19:18','2019-04-25 03:19:18'),(1944,425,'Your quotation has been approved by customer.',0,'2019-04-25 03:19:43','2019-04-25 03:19:43'),(1945,421,'Our Service Provider has Checked in.',0,'2019-04-25 03:19:54','2019-04-25 03:19:54'),(1946,421,'Our Service Provider has Checked out.',0,'2019-04-25 03:19:56','2019-04-25 03:19:56'),(1947,425,'Our Service Provider has marked the job complete and is waiting for your approval.',0,'2019-04-25 03:19:58','2019-04-25 03:19:58'),(1948,429,'You\'ve got a new quote request.',0,'2019-04-25 03:22:32','2019-04-25 03:22:32'),(1949,461,'You\'ve got a new quote request.',0,'2019-04-25 03:22:33','2019-04-25 03:22:33'),(1950,425,'You\'ve got a new quote request.',0,'2019-04-25 03:24:45','2019-04-25 03:24:45'),(1951,421,'Our Service Provider has accepted your request and will contact you shortly.',0,'2019-04-25 03:24:58','2019-04-25 03:24:58'),(1952,425,'Your quotation has been approved by customer.',0,'2019-04-25 03:25:24','2019-04-25 03:25:24'),(1953,421,'Our Service Provider has Checked in.',0,'2019-04-25 03:25:33','2019-04-25 03:25:33'),(1954,421,'Our Service Provider has Checked out.',0,'2019-04-25 03:25:35','2019-04-25 03:25:35'),(1955,425,'Our Service Provider has marked the job complete and is waiting for your approval.',0,'2019-04-25 03:25:38','2019-04-25 03:25:38'),(1956,429,'You\'ve got a new quote request.',0,'2019-04-25 03:27:04','2019-04-25 03:27:04'),(1958,429,'Your quotation has been approved by customer.',0,'2019-04-25 03:30:51','2019-04-25 03:30:51'),(1965,429,'Our Service Provider has marked the job complete and is waiting for your approval.',0,'2019-04-25 03:31:21','2019-04-25 03:31:21'),(1966,425,'You\'ve got a new quote request.',0,'2019-04-25 03:37:07','2019-04-25 03:37:07'),(1967,429,'You\'ve got a new quote request.',0,'2019-04-25 03:37:08','2019-04-25 03:37:08'),(1968,421,'Our Service Provider has accepted your request and will contact you shortly.',0,'2019-04-25 03:37:22','2019-04-25 03:37:22'),(1969,550,'Our Service Provider has accepted your request and will contact you shortly.',0,'2019-04-25 03:37:51','2019-04-25 03:37:51'),(1970,429,'Your quotation has been approved by customer.',0,'2019-04-25 03:38:03','2019-04-25 03:38:03'),(1971,421,'Our Service Provider has Checked in.',0,'2019-04-25 03:38:19','2019-04-25 03:38:19'),(1972,421,'Our Service Provider has Checked out.',0,'2019-04-25 03:38:21','2019-04-25 03:38:21'),(1973,429,'Our Service Provider has marked the job complete and is waiting for your approval.',0,'2019-04-25 03:38:24','2019-04-25 03:38:24'),(1974,550,'Our Service Provider has accepted your request and will contact you shortly.',0,'2019-04-25 03:43:24','2019-04-25 03:43:24'),(1975,557,'Your quotation has been approved by customer.',0,'2019-04-25 03:49:03','2019-04-25 03:49:03'),(1976,551,'Your quotation has been rejected by omnee.',0,'2019-04-25 03:49:03','2019-04-25 03:49:03'),(1977,425,'You\'ve got a new quote request.',0,'2019-04-25 03:50:30','2019-04-25 03:50:30'),(1978,429,'You\'ve got a new quote request.',0,'2019-04-25 03:50:31','2019-04-25 03:50:31'),(1979,421,'Our Service Provider has accepted your request and will contact you shortly.',0,'2019-04-25 03:50:40','2019-04-25 03:50:40'),(1980,557,'You\'ve got a new quote request.',0,'2019-04-25 03:50:50','2019-04-25 03:50:50'),(1981,425,'Your quotation has been approved by customer.',0,'2019-04-25 03:51:05','2019-04-25 03:51:05'),(1982,421,'Our Service Provider has Checked in.',0,'2019-04-25 03:51:15','2019-04-25 03:51:15'),(1983,421,'Our Service Provider has Checked out.',0,'2019-04-25 03:51:17','2019-04-25 03:51:17'),(1984,425,'Our Service Provider has marked the job complete and is waiting for your approval.',0,'2019-04-25 03:51:21','2019-04-25 03:51:21'),(1985,550,'Our Service Provider has accepted your request and will contact you shortly.',0,'2019-04-25 03:52:32','2019-04-25 03:52:32'),(1986,423,'You\'ve got a new quote request.',0,'2019-04-25 03:53:21','2019-04-25 03:53:21'),(1987,425,'You\'ve got a new quote request.',0,'2019-04-25 03:53:23','2019-04-25 03:53:23'),(1988,421,'Our Service Provider has accepted your request and will contact you shortly.',0,'2019-04-25 03:53:33','2019-04-25 03:53:33'),(1989,425,'Your quotation has been approved by customer.',0,'2019-04-25 03:54:09','2019-04-25 03:54:09'),(1990,421,'Our Service Provider has Checked in.',0,'2019-04-25 03:54:22','2019-04-25 03:54:22'),(1991,421,'Our Service Provider has Checked out.',0,'2019-04-25 03:54:24','2019-04-25 03:54:24'),(1992,550,'Our Service Provider has accepted your request and will contact you shortly.',0,'2019-04-25 03:54:56','2019-04-25 03:54:56'),(1993,425,'Our Service Provider has marked the job complete and is waiting for your approval.',0,'2019-04-25 03:56:03','2019-04-25 03:56:03'),(1994,557,'Your quotation has been approved by customer.',0,'2019-04-25 03:58:49','2019-04-25 03:58:49'),(1995,425,'You\'ve got a new quote request.',0,'2019-04-25 03:59:45','2019-04-25 03:59:45'),(1996,421,'Our Service Provider has accepted your request and will contact you shortly.',0,'2019-04-25 03:59:54','2019-04-25 03:59:54'),(1997,425,'Your quotation has been approved by customer.',0,'2019-04-25 04:00:21','2019-04-25 04:00:21'),(1998,421,'Our Service Provider has Checked in.',0,'2019-04-25 04:00:41','2019-04-25 04:00:41'),(1999,421,'Our Service Provider has Checked out.',0,'2019-04-25 04:00:43','2019-04-25 04:00:43'),(2000,425,'Our Service Provider has marked the job complete and is waiting for your approval.',0,'2019-04-25 04:00:47','2019-04-25 04:00:47'),(2001,555,'Our Service Provider has Checked in.',0,'2019-04-25 04:04:47','2019-04-25 04:04:47'),(2002,555,'Our Service Provider has Checked out.',0,'2019-04-25 04:06:35','2019-04-25 04:06:35'),(2003,557,'Our Service Provider has marked the job complete and is waiting for your approval.',0,'2019-04-25 04:14:08','2019-04-25 04:14:08'),(2004,557,'You\'ve got a new quote request.',0,'2019-04-25 04:17:08','2019-04-25 04:17:08'),(2005,550,'Our Service Provider has accepted your request and will contact you shortly.',0,'2019-04-25 04:17:29','2019-04-25 04:17:29'),(2006,557,'Your quotation has been approved by customer.',0,'2019-04-25 04:18:08','2019-04-25 04:18:08'),(2007,550,'Our Service Provider has Checked in.',0,'2019-04-25 04:18:22','2019-04-25 04:18:22'),(2008,550,'Our Service Provider has Checked out.',0,'2019-04-25 04:18:25','2019-04-25 04:18:25'),(2009,557,'Our Service Provider has marked the job complete and is waiting for your approval.',0,'2019-04-25 04:18:28','2019-04-25 04:18:28'),(2010,557,'You\'ve got a new quote request.',0,'2019-04-25 04:36:30','2019-04-25 04:36:30'),(2011,550,'Our Service Provider has accepted your request and will contact you shortly.',0,'2019-04-25 04:36:52','2019-04-25 04:36:52'),(2012,557,'Your quotation has been approved by customer.',0,'2019-04-25 04:37:48','2019-04-25 04:37:48'),(2013,550,'Our Service Provider has Checked in.',0,'2019-04-25 04:39:33','2019-04-25 04:39:33'),(2014,550,'Our Service Provider has Checked out.',0,'2019-04-25 04:39:36','2019-04-25 04:39:36'),(2015,557,'Our Service Provider has marked the job complete and is waiting for your approval.',0,'2019-04-25 04:40:00','2019-04-25 04:40:00'),(2016,429,'You\'ve got a new quote request.',0,'2019-04-25 04:53:24','2019-04-25 04:53:24'),(2017,557,'You\'ve got a new quote request.',0,'2019-04-25 04:53:59','2019-04-25 04:53:59'),(2019,429,'Your quotation has been approved by customer.',0,'2019-04-25 04:55:14','2019-04-25 04:55:14'),(2021,450,'Our Service Provider has accepted your request and will contact you shortly.',0,'2019-04-25 06:59:48','2019-04-25 06:59:48'),(2022,550,'Our Service Provider has accepted your request and will contact you shortly.',0,'2019-04-25 07:11:37','2019-04-25 07:11:37'),(2023,425,'You\'ve got a new quote request.',0,'2019-04-25 07:26:29','2019-04-25 07:26:29'),(2024,560,'You\'ve got a new quote request.',0,'2019-04-25 07:29:53','2019-04-25 07:29:53'),(2025,421,'Our Service Provider has accepted your request and will contact you shortly.',0,'2019-04-25 07:31:46','2019-04-25 07:31:46'),(2026,560,'You\'ve got a new quote request.',0,'2019-04-25 07:45:51','2019-04-25 07:45:51'),(2027,429,'Your quotation has been approved by customer.',0,'2019-04-25 08:07:50','2019-04-25 08:07:50'),(2028,425,'Your quotation has been rejected by omnee.',0,'2019-04-25 08:07:50','2019-04-25 08:07:50'),(2029,429,'You\'ve got a new quote request.',0,'2019-04-25 08:15:38','2019-04-25 08:15:38'),(2030,461,'You\'ve got a new quote request.',0,'2019-04-25 08:15:39','2019-04-25 08:15:39'),(2031,450,'Our Service Provider has accepted your request and will contact you shortly.',0,'2019-04-25 08:15:58','2019-04-25 08:15:58'),(2032,429,'Your quotation has been approved by customer.',0,'2019-04-25 08:16:49','2019-04-25 08:16:49'),(2033,425,'You\'ve got a new quote request.',0,'2019-04-26 01:03:41','2019-04-26 01:03:41'),(2034,429,'You\'ve got a new quote request.',0,'2019-04-26 01:03:43','2019-04-26 01:03:43'),(2035,421,'Your quote request has been rejected.',0,'2019-04-26 01:08:24','2019-04-26 01:08:24'),(2036,425,'You\'ve got a new quote request.',0,'2019-04-26 01:09:43','2019-04-26 01:09:43'),(2037,429,'You\'ve got a new quote request.',0,'2019-04-26 01:09:45','2019-04-26 01:09:45'),(2038,421,'Our Service Provider has accepted your request and will contact you shortly.',0,'2019-04-26 01:10:08','2019-04-26 01:10:08'),(2039,425,'You\'ve got a new quote request.',0,'2019-04-26 01:21:29','2019-04-26 01:21:29'),(2040,429,'You\'ve got a new quote request.',0,'2019-04-26 01:21:31','2019-04-26 01:21:31'),(2041,421,'Our Service Provider has accepted your request and will contact you shortly.',0,'2019-04-26 01:21:44','2019-04-26 01:21:44'),(2042,425,'Your quotation has been approved by customer.',0,'2019-04-26 01:36:18','2019-04-26 01:36:18'),(2043,421,'Our Service Provider has Checked in.',0,'2019-04-26 01:40:08','2019-04-26 01:40:08'),(2044,421,'Our Service Provider has Checked out.',0,'2019-04-26 01:55:58','2019-04-26 01:55:58'),(2045,425,'Our Service Provider has marked the job complete and is waiting for your approval.',0,'2019-04-26 01:56:02','2019-04-26 01:56:02'),(2046,425,'Our Service Provider has marked the job complete and is waiting for your approval.',0,'2019-04-26 01:59:02','2019-04-26 01:59:02'),(2047,425,'You\'ve got a new quote request.',0,'2019-04-26 02:01:07','2019-04-26 02:01:07'),(2048,421,'Our Service Provider has accepted your request and will contact you shortly.',0,'2019-04-26 02:01:14','2019-04-26 02:01:14'),(2049,425,'Your quotation has been approved by customer.',0,'2019-04-26 02:01:43','2019-04-26 02:01:43'),(2050,421,'Our Service Provider has Checked in.',0,'2019-04-26 02:01:55','2019-04-26 02:01:55'),(2051,421,'Our Service Provider has Checked out.',0,'2019-04-26 02:01:57','2019-04-26 02:01:57'),(2052,425,'Our Service Provider has marked the job complete and is waiting for your approval.',0,'2019-04-26 02:01:59','2019-04-26 02:01:59'),(2053,425,'You\'ve got a new quote request.',0,'2019-04-26 02:03:39','2019-04-26 02:03:39'),(2054,429,'You\'ve got a new quote request.',0,'2019-04-26 02:03:41','2019-04-26 02:03:41'),(2055,421,'Our Service Provider has accepted your request and will contact you shortly.',0,'2019-04-26 02:03:52','2019-04-26 02:03:52'),(2056,425,'Your quotation has been approved by customer.',0,'2019-04-26 02:04:25','2019-04-26 02:04:25'),(2057,421,'Our Service Provider has Checked in.',0,'2019-04-26 02:04:45','2019-04-26 02:04:45'),(2058,421,'Our Service Provider has Checked out.',0,'2019-04-26 02:04:54','2019-04-26 02:04:54'),(2059,425,'Our Service Provider has marked the job complete and is waiting for your approval.',0,'2019-04-26 02:05:07','2019-04-26 02:05:07'),(2060,421,'Our Service Provider has accepted your request and will contact you shortly.',0,'2019-04-26 02:21:57','2019-04-26 02:21:57'),(2061,429,'Your quotation has been approved by customer.',0,'2019-04-26 02:26:20','2019-04-26 02:26:20'),(2062,429,'You\'ve got a new quote request.',0,'2019-04-26 02:27:12','2019-04-26 02:27:12'),(2063,450,'Our Service Provider has accepted your request and will contact you shortly.',0,'2019-04-26 02:27:25','2019-04-26 02:27:25'),(2064,429,'Your quotation has been approved by customer.',0,'2019-04-26 02:27:57','2019-04-26 02:27:57'),(2065,450,'Our Service Provider has Checked in.',0,'2019-04-26 02:28:06','2019-04-26 02:28:06'),(2066,450,'Our Service Provider has Checked out.',0,'2019-04-26 02:28:09','2019-04-26 02:28:09'),(2067,450,'Our Service Provider has Checked in.',0,'2019-04-26 02:28:10','2019-04-26 02:28:10'),(2068,450,'Our Service Provider has Checked out.',0,'2019-04-26 02:28:12','2019-04-26 02:28:12'),(2069,450,'Our Service Provider has Checked in.',0,'2019-04-26 02:28:13','2019-04-26 02:28:13'),(2070,450,'Our Service Provider has Checked out.',0,'2019-04-26 02:28:15','2019-04-26 02:28:15'),(2071,429,'Our Service Provider has marked the job complete and is waiting for your approval.',0,'2019-04-26 02:28:23','2019-04-26 02:28:23'),(2072,429,'You\'ve got a new quote request.',0,'2019-04-26 02:47:40','2019-04-26 02:47:40'),(2073,461,'You\'ve got a new quote request.',0,'2019-04-26 02:47:41','2019-04-26 02:47:41'),(2074,450,'Our Service Provider has accepted your request and will contact you shortly.',0,'2019-04-26 02:47:57','2019-04-26 02:47:57'),(2075,429,'Your quotation has been approved by customer.',0,'2019-04-26 02:48:49','2019-04-26 02:48:49'),(2076,450,'Our Service Provider has Checked in.',0,'2019-04-26 02:48:55','2019-04-26 02:48:55'),(2077,450,'Our Service Provider has Checked out.',0,'2019-04-26 02:48:56','2019-04-26 02:48:56'),(2078,429,'Our Service Provider has marked the job complete and is waiting for your approval.',0,'2019-04-26 02:49:00','2019-04-26 02:49:00'),(2079,429,'Your quotation has been approved by customer.',0,'2019-04-26 03:07:04','2019-04-26 03:07:04'),(2080,425,'Your quotation has been rejected by omnee.',0,'2019-04-26 03:07:04','2019-04-26 03:07:04'),(2081,425,'You\'ve got a new quote request.',0,'2019-04-26 03:10:19','2019-04-26 03:10:19'),(2082,421,'Our Service Provider has accepted your request and will contact you shortly.',0,'2019-04-26 03:10:33','2019-04-26 03:10:33'),(2083,425,'Your quotation has been approved by customer.',0,'2019-04-26 03:11:05','2019-04-26 03:11:05'),(2084,421,'Our Service Provider has Checked in.',0,'2019-04-26 03:11:49','2019-04-26 03:11:49'),(2085,421,'Our Service Provider has Checked out.',0,'2019-04-26 04:35:41','2019-04-26 04:35:41'),(2086,425,'Our Service Provider has marked the job complete and is waiting for your approval.',0,'2019-04-26 04:35:43','2019-04-26 04:35:43'),(2087,425,'You\'ve got a new quote request.',0,'2019-04-26 04:40:25','2019-04-26 04:40:25'),(2088,429,'You\'ve got a new quote request.',0,'2019-04-26 04:40:27','2019-04-26 04:40:27'),(2089,421,'Our Service Provider has accepted your request and will contact you shortly.',0,'2019-04-26 04:40:38','2019-04-26 04:40:38'),(2090,425,'Your quotation has been approved by customer.',0,'2019-04-26 04:41:11','2019-04-26 04:41:11'),(2091,421,'Our Service Provider has Checked in.',0,'2019-04-26 04:41:21','2019-04-26 04:41:21'),(2092,421,'Our Service Provider has Checked out.',0,'2019-04-26 04:41:23','2019-04-26 04:41:23'),(2093,425,'Our Service Provider has marked the job complete and is waiting for your approval.',0,'2019-04-26 04:41:25','2019-04-26 04:41:25'),(2094,425,'You\'ve got a new quote request.',0,'2019-04-26 04:57:05','2019-04-26 04:57:05'),(2095,429,'You\'ve got a new quote request.',0,'2019-04-26 04:57:06','2019-04-26 04:57:06'),(2096,421,'Our Service Provider has accepted your request and will contact you shortly.',0,'2019-04-26 04:57:15','2019-04-26 04:57:15'),(2097,421,'Our Service Provider has accepted your request and will contact you shortly.',0,'2019-04-26 04:57:28','2019-04-26 04:57:28'),(2098,425,'Your quotation has been approved by customer.',0,'2019-04-26 04:58:55','2019-04-26 04:58:55'),(2099,429,'Your quotation has been rejected by omnee.',0,'2019-04-26 04:58:55','2019-04-26 04:58:55'),(2100,421,'Our Service Provider has Checked in.',0,'2019-04-26 04:59:32','2019-04-26 04:59:32'),(2101,421,'Our Service Provider has Checked out.',0,'2019-04-26 04:59:33','2019-04-26 04:59:33'),(2102,425,'You\'ve got a new quote request.',0,'2019-04-26 07:25:54','2019-04-26 07:25:54'),(2103,429,'You\'ve got a new quote request.',0,'2019-04-26 07:25:56','2019-04-26 07:25:56'),(2104,421,'Our Service Provider has accepted your request and will contact you shortly.',0,'2019-04-26 07:26:15','2019-04-26 07:26:15'),(2105,425,'Your quotation has been approved by customer.',0,'2019-04-26 07:36:52','2019-04-26 07:36:52'),(2106,421,'Our Service Provider has Checked in.',0,'2019-04-26 07:41:06','2019-04-26 07:41:06'),(2107,421,'Our Service Provider has Checked out.',0,'2019-04-26 07:41:16','2019-04-26 07:41:16'),(2108,425,'Our Service Provider has marked the job complete and is waiting for your approval.',0,'2019-04-26 07:41:36','2019-04-26 07:41:36'),(2109,425,'Our Service Provider has marked the job complete and is waiting for your approval.',0,'2019-04-26 07:43:45','2019-04-26 07:43:45'),(2110,425,'You\'ve got a new quote request.',0,'2019-04-26 07:48:15','2019-04-26 07:48:15'),(2111,421,'Our Service Provider has accepted your request and will contact you shortly.',0,'2019-04-26 07:48:27','2019-04-26 07:48:27'),(2112,425,'Your quotation has been approved by customer.',0,'2019-04-26 07:48:51','2019-04-26 07:48:51'),(2113,421,'Our Service Provider has Checked in.',0,'2019-04-26 07:49:00','2019-04-26 07:49:00'),(2114,421,'Our Service Provider has Checked out.',0,'2019-04-26 07:49:02','2019-04-26 07:49:02'),(2115,425,'Our Service Provider has marked the job complete and is waiting for your approval.',0,'2019-04-26 07:49:04','2019-04-26 07:49:04'),(2116,425,'Our Service Provider has marked the job complete and is waiting for your approval.',0,'2019-04-26 07:49:50','2019-04-26 07:49:50'),(2117,429,'You\'ve got a new quote request.',0,'2019-04-26 08:41:37','2019-04-26 08:41:37'),(2118,485,'You\'ve got a new quote request.',0,'2019-04-26 08:41:39','2019-04-26 08:41:39'),(2120,450,'Our Service Provider has accepted your request and will contact you shortly.',0,'2019-04-26 08:41:50','2019-04-26 08:41:50'),(2121,429,'Your quotation has been approved by customer.',0,'2019-04-26 08:43:41','2019-04-26 08:43:41'),(2122,450,'Our Service Provider has Checked in.',0,'2019-04-26 08:44:03','2019-04-26 08:44:03'),(2123,450,'Our Service Provider has Checked out.',0,'2019-04-26 08:44:04','2019-04-26 08:44:04'),(2124,450,'Our Service Provider has Checked in.',0,'2019-04-26 08:44:06','2019-04-26 08:44:06'),(2125,450,'Our Service Provider has Checked out.',0,'2019-04-26 08:44:08','2019-04-26 08:44:08'),(2126,429,'Our Service Provider has marked the job complete and is waiting for your approval.',0,'2019-04-26 08:44:15','2019-04-26 08:44:15'),(2127,429,'You\'ve got a new quote request.',0,'2019-04-26 08:50:37','2019-04-26 08:50:37'),(2128,450,'Our Service Provider has accepted your request and will contact you shortly.',0,'2019-04-26 08:50:46','2019-04-26 08:50:46'),(2129,429,'Your quotation has been approved by customer.',0,'2019-04-26 08:51:18','2019-04-26 08:51:18'),(2130,450,'Our Service Provider has Checked in.',0,'2019-04-26 08:51:27','2019-04-26 08:51:27'),(2131,450,'Our Service Provider has Checked out.',0,'2019-04-26 08:51:28','2019-04-26 08:51:28'),(2132,450,'Our Service Provider has Checked in.',0,'2019-04-26 08:51:30','2019-04-26 08:51:30'),(2133,450,'Our Service Provider has Checked out.',0,'2019-04-26 08:51:37','2019-04-26 08:51:37'),(2134,429,'Our Service Provider has marked the job complete and is waiting for your approval.',0,'2019-04-26 08:51:40','2019-04-26 08:51:40'),(2135,560,'You\'ve got a new quote request.',0,'2019-04-26 09:35:13','2019-04-26 09:35:13'),(2136,561,'Our Service Provider has accepted your request and will contact you shortly.',0,'2019-04-26 09:43:19','2019-04-26 09:43:19'),(2137,560,'Your quotation has been approved by customer.',0,'2019-04-26 10:02:12','2019-04-26 10:02:12'),(2138,561,'Our Service Provider has Checked in.',0,'2019-04-26 10:04:02','2019-04-26 10:04:02'),(2139,561,'Our Service Provider has Checked out.',0,'2019-04-26 10:04:34','2019-04-26 10:04:34'),(2140,560,'Our Service Provider has marked the job complete and is waiting for your approval.',0,'2019-04-26 10:05:21','2019-04-26 10:05:21'),(2141,560,'You\'ve got a new quote request.',0,'2019-04-26 10:11:57','2019-04-26 10:11:57'),(2142,561,'Your quote request has been rejected.',0,'2019-04-26 10:12:32','2019-04-26 10:12:32'),(2143,560,'You\'ve got a new quote request.',0,'2019-04-26 10:22:43','2019-04-26 10:22:43'),(2144,561,'Our Service Provider has accepted your request and will contact you shortly.',0,'2019-04-26 10:24:35','2019-04-26 10:24:35'),(2145,560,'Your quotation has been approved by customer.',0,'2019-04-26 10:41:33','2019-04-26 10:41:33'),(2146,560,'You\'ve got a new quote request.',0,'2019-04-26 10:51:07','2019-04-26 10:51:07'),(2147,561,'Our Service Provider has accepted your request and will contact you shortly.',0,'2019-04-26 10:51:33','2019-04-26 10:51:33'),(2148,560,'Your quotation has been approved by customer.',0,'2019-04-26 10:52:30','2019-04-26 10:52:30'),(2149,561,'Our Service Provider has Checked in.',0,'2019-04-26 10:56:00','2019-04-26 10:56:00'),(2150,561,'Our Service Provider has Checked out.',0,'2019-04-26 10:56:03','2019-04-26 10:56:03'),(2151,560,'Our Service Provider has marked the job complete and is waiting for your approval.',0,'2019-04-26 10:56:07','2019-04-26 10:56:07'),(2152,561,'Our Service Provider has Checked in.',0,'2019-04-26 11:01:10','2019-04-26 11:01:10'),(2153,561,'Our Service Provider has Checked out.',0,'2019-04-26 11:01:12','2019-04-26 11:01:12'),(2154,560,'Our Service Provider has marked the job complete and is waiting for your approval.',0,'2019-04-26 11:01:15','2019-04-26 11:01:15'),(2155,560,'You\'ve got a new quote request.',0,'2019-04-26 11:10:30','2019-04-26 11:10:30'),(2156,561,'Our Service Provider has accepted your request and will contact you shortly.',0,'2019-04-26 11:11:23','2019-04-26 11:11:23'),(2157,560,'Your quotation has been approved by customer.',0,'2019-04-26 11:16:04','2019-04-26 11:16:04'),(2158,561,'Our Service Provider has Checked in.',0,'2019-04-26 11:19:59','2019-04-26 11:19:59'),(2159,561,'Our Service Provider has Checked out.',0,'2019-04-26 11:20:02','2019-04-26 11:20:02'),(2160,560,'Our Service Provider has marked the job complete and is waiting for your approval.',0,'2019-04-26 11:20:29','2019-04-26 11:20:29'),(2161,425,'You\'ve got a new quote request.',0,'2019-04-27 01:12:02','2019-04-27 01:12:02'),(2162,421,'Our Service Provider has accepted your request and will contact you shortly.',0,'2019-04-27 01:12:14','2019-04-27 01:12:14'),(2163,425,'Your quotation has been approved by customer.',0,'2019-04-27 01:13:02','2019-04-27 01:13:02'),(2164,421,'Our Service Provider has Checked in.',0,'2019-04-27 01:13:13','2019-04-27 01:13:13'),(2165,421,'Our Service Provider has Checked out.',0,'2019-04-27 01:13:20','2019-04-27 01:13:20'),(2166,421,'Our Service Provider has Checked in.',0,'2019-04-27 01:13:22','2019-04-27 01:13:22'),(2167,421,'Our Service Provider has Checked out.',0,'2019-04-27 01:13:24','2019-04-27 01:13:24'),(2168,425,'You\'ve got a new quote request.',0,'2019-04-27 01:59:08','2019-04-27 01:59:08'),(2169,429,'You\'ve got a new quote request.',0,'2019-04-27 01:59:10','2019-04-27 01:59:10'),(2170,421,'Our Service Provider has accepted your request and will contact you shortly.',0,'2019-04-27 02:01:43','2019-04-27 02:01:43'),(2171,425,'Your quotation has been approved by customer.',0,'2019-04-27 02:06:31','2019-04-27 02:06:31'),(2172,421,'Our Service Provider has Checked in.',0,'2019-04-27 02:07:02','2019-04-27 02:07:02'),(2173,421,'Our Service Provider has Checked out.',0,'2019-04-27 02:07:11','2019-04-27 02:07:11'),(2174,425,'Our Service Provider has marked the job complete and is waiting for your approval.',0,'2019-04-27 02:07:22','2019-04-27 02:07:22'),(2175,425,'Our Service Provider has marked the job complete and is waiting for your approval.',0,'2019-04-27 02:15:26','2019-04-27 02:15:26'),(2178,425,'You\'ve got a new quote request.',0,'2019-04-27 03:14:20','2019-04-27 03:14:20'),(2179,421,'Our Service Provider has accepted your request and will contact you shortly.',0,'2019-04-27 03:14:30','2019-04-27 03:14:30'),(2209,557,'You\'ve got a new quote request.',0,'2019-04-29 01:35:34','2019-04-29 01:35:34'),(2210,560,'You\'ve got a new quote request.',0,'2019-04-29 01:35:36','2019-04-29 01:35:36'),(2211,561,'Our Service Provider has accepted your request and will contact you shortly.',0,'2019-04-29 01:41:49','2019-04-29 01:41:49'),(2212,561,'Our Service Provider has accepted your request and will contact you shortly.',0,'2019-04-29 01:48:37','2019-04-29 01:48:37'),(2213,557,'Your quotation has been approved by customer.',0,'2019-04-29 01:52:32','2019-04-29 01:52:32'),(2214,560,'Your quotation has been rejected by omnee.',0,'2019-04-29 01:52:32','2019-04-29 01:52:32'),(2215,551,'You\'ve got a new quote request.',0,'2019-04-29 01:53:42','2019-04-29 01:53:42'),(2216,557,'You\'ve got a new quote request.',0,'2019-04-29 01:53:44','2019-04-29 01:53:44'),(2217,560,'You\'ve got a new quote request.',0,'2019-04-29 01:53:45','2019-04-29 01:53:45'),(2218,561,'Our Service Provider has accepted your request and will contact you shortly.',0,'2019-04-29 01:54:04','2019-04-29 01:54:04'),(2219,557,'Your quotation has been approved by customer.',0,'2019-04-29 01:54:43','2019-04-29 01:54:43'),(2220,557,'You\'ve got a new quote request.',0,'2019-04-29 01:59:23','2019-04-29 01:59:23'),(2221,560,'You\'ve got a new quote request.',0,'2019-04-29 01:59:24','2019-04-29 01:59:24'),(2222,561,'Our Service Provider has accepted your request and will contact you shortly.',0,'2019-04-29 01:59:52','2019-04-29 01:59:52'),(2223,561,'Our Service Provider has Checked in.',0,'2019-04-29 02:06:55','2019-04-29 02:06:55'),(2224,561,'Our Service Provider has Checked out.',0,'2019-04-29 02:06:59','2019-04-29 02:06:59'),(2225,557,'Our Service Provider has marked the job complete and is waiting for your approval.',0,'2019-04-29 02:07:04','2019-04-29 02:07:04'),(2227,584,'Our Service Provider has accepted your request and will contact you shortly.',0,'2019-04-29 02:24:11','2019-04-29 02:24:11'),(2228,429,'You\'ve got a new quote request.',0,'2019-04-29 02:33:04','2019-04-29 02:33:04'),(2229,557,'You\'ve got a new quote request.',0,'2019-04-29 02:33:09','2019-04-29 02:33:09'),(2230,560,'You\'ve got a new quote request.',0,'2019-04-29 02:33:11','2019-04-29 02:33:11'),(2231,561,'Our Service Provider has accepted your request and will contact you shortly.',0,'2019-04-29 02:48:00','2019-04-29 02:48:00'),(2232,429,'You\'ve got a new quote request.',0,'2019-04-29 02:48:56','2019-04-29 02:48:56'),(2233,450,'Our Service Provider has accepted your request and will contact you shortly.',0,'2019-04-29 02:49:29','2019-04-29 02:49:29'),(2234,429,'Your quotation has been approved by customer.',0,'2019-04-29 02:50:33','2019-04-29 02:50:33'),(2235,450,'Our Service Provider has Checked in.',0,'2019-04-29 02:51:20','2019-04-29 02:51:20'),(2236,450,'Our Service Provider has Checked out.',0,'2019-04-29 02:51:22','2019-04-29 02:51:22'),(2237,450,'Our Service Provider has Checked in.',0,'2019-04-29 02:51:24','2019-04-29 02:51:24'),(2238,450,'Our Service Provider has Checked out.',0,'2019-04-29 02:51:25','2019-04-29 02:51:25'),(2239,429,'Our Service Provider has marked the job complete and is waiting for your approval.',0,'2019-04-29 02:51:35','2019-04-29 02:51:35'),(2240,560,'Your quotation has been approved by customer.',0,'2019-04-29 02:54:21','2019-04-29 02:54:21'),(2241,561,'Our Service Provider has Checked in.',0,'2019-04-29 02:59:49','2019-04-29 02:59:49'),(2242,561,'Our Service Provider has Checked out.',0,'2019-04-29 02:59:54','2019-04-29 02:59:54'),(2243,560,'Our Service Provider has marked the job complete and is waiting for your approval.',0,'2019-04-29 03:00:11','2019-04-29 03:00:11'),(2244,557,'You\'ve got a new quote request.',0,'2019-04-29 03:03:34','2019-04-29 03:03:34'),(2245,560,'You\'ve got a new quote request.',0,'2019-04-29 03:03:35','2019-04-29 03:03:35'),(2246,561,'Our Service Provider has accepted your request and will contact you shortly.',0,'2019-04-29 03:08:42','2019-04-29 03:08:42'),(2248,584,'Our Service Provider has accepted your request and will contact you shortly.',0,'2019-04-29 03:09:07','2019-04-29 03:09:07'),(2249,561,'Our Service Provider has accepted your request and will contact you shortly.',0,'2019-04-29 03:10:01','2019-04-29 03:10:01'),(2251,584,'Your quote request has been rejected.',0,'2019-04-29 03:11:16','2019-04-29 03:11:16'),(2252,560,'Your quotation has been rejected by omnee.',0,'2019-04-29 03:11:33','2019-04-29 03:11:33'),(2253,561,'Our Service Provider has Checked in.',0,'2019-04-29 03:15:26','2019-04-29 03:15:26'),(2254,561,'Our Service Provider has Checked out.',0,'2019-04-29 03:15:36','2019-04-29 03:15:36'),(2255,557,'Our Service Provider has marked the job complete and is waiting for your approval.',0,'2019-04-29 03:15:41','2019-04-29 03:15:41'),(2256,429,'You\'ve got a new quote request.',0,'2019-04-29 03:19:03','2019-04-29 03:19:03'),(2257,485,'You\'ve got a new quote request.',0,'2019-04-29 03:19:05','2019-04-29 03:19:05'),(2258,450,'Our Service Provider has accepted your request and will contact you shortly.',0,'2019-04-29 03:19:14','2019-04-29 03:19:14'),(2259,429,'Your quotation has been approved by customer.',0,'2019-04-29 03:20:09','2019-04-29 03:20:09'),(2260,450,'Our Service Provider has Checked in.',0,'2019-04-29 03:21:17','2019-04-29 03:21:17'),(2261,450,'Our Service Provider has Checked out.',0,'2019-04-29 03:21:22','2019-04-29 03:21:22'),(2262,429,'Our Service Provider has marked the job complete and is waiting for your approval.',0,'2019-04-29 03:21:43','2019-04-29 03:21:43'),(2263,425,'Your quotation has been approved by customer.',0,'2019-04-29 03:23:40','2019-04-29 03:23:40'),(2264,586,'You\'ve got a new quote request.',0,'2019-04-29 04:28:36','2019-04-29 04:28:36'),(2265,586,'You\'ve got a new quote request.',0,'2019-04-29 04:33:28','2019-04-29 04:33:28'),(2266,586,'You\'ve got a new quote request.',0,'2019-04-29 04:35:14','2019-04-29 04:35:14'),(2267,585,'Our Service Provider has accepted your request and will contact you shortly.',0,'2019-04-29 04:40:10','2019-04-29 04:40:10'),(2268,586,'Your quotation has been approved by customer.',0,'2019-04-29 04:49:20','2019-04-29 04:49:20'),(2269,585,'Our Service Provider has Checked in.',0,'2019-04-29 04:50:00','2019-04-29 04:50:00'),(2270,585,'Our Service Provider has Checked out.',0,'2019-04-29 04:54:00','2019-04-29 04:54:00'),(2271,586,'Our Service Provider has marked the job complete and is waiting for your approval.',0,'2019-04-29 04:55:27','2019-04-29 04:55:27'),(2272,586,'You\'ve got a new quote request.',0,'2019-04-29 04:59:28','2019-04-29 04:59:28'),(2273,585,'Our Service Provider has accepted your request and will contact you shortly.',0,'2019-04-29 04:59:43','2019-04-29 04:59:43'),(2274,586,'Your quotation has been approved by customer.',0,'2019-04-29 05:00:36','2019-04-29 05:00:36'),(2275,585,'Our Service Provider has Checked in.',0,'2019-04-29 05:01:47','2019-04-29 05:01:47'),(2276,585,'Our Service Provider has Checked out.',0,'2019-04-29 05:01:52','2019-04-29 05:01:52'),(2277,586,'Our Service Provider has marked the job complete and is waiting for your approval.',0,'2019-04-29 05:01:56','2019-04-29 05:01:56'),(2278,585,'Our Service Provider has accepted your request and will contact you shortly.',0,'2019-04-29 05:07:50','2019-04-29 05:07:50'),(2279,585,'Your quote request has been rejected.',0,'2019-04-29 05:17:45','2019-04-29 05:17:45'),(2280,429,'You\'ve got a new quote request.',0,'2019-04-29 05:39:03','2019-04-29 05:39:03'),(2281,450,'Our Service Provider has accepted your request and will contact you shortly.',0,'2019-04-29 05:39:27','2019-04-29 05:39:27'),(2282,557,'You\'ve got a new quote request.',0,'2019-04-29 05:40:33','2019-04-29 05:40:33'),(2283,560,'You\'ve got a new quote request.',0,'2019-04-29 05:40:34','2019-04-29 05:40:34'),(2284,586,'You\'ve got a new quote request.',0,'2019-04-29 05:40:35','2019-04-29 05:40:35'),(2285,585,'Our Service Provider has accepted your request and will contact you shortly.',0,'2019-04-29 05:42:07','2019-04-29 05:42:07'),(2286,429,'Your quotation has been approved by customer.',0,'2019-04-29 05:42:40','2019-04-29 05:42:40'),(2287,450,'Our Service Provider has Checked in.',0,'2019-04-29 05:43:51','2019-04-29 05:43:51'),(2288,450,'Our Service Provider has Checked out.',0,'2019-04-29 05:43:54','2019-04-29 05:43:54'),(2289,429,'Our Service Provider has marked the job complete and is waiting for your approval.',0,'2019-04-29 05:43:57','2019-04-29 05:43:57'),(2290,590,'You\'ve got a new quote request.',0,'2019-04-29 05:51:06','2019-04-29 05:51:06'),(2291,425,'You\'ve got a new quote request.',0,'2019-04-29 05:52:46','2019-04-29 05:52:46'),(2292,429,'You\'ve got a new quote request.',0,'2019-04-29 05:52:47','2019-04-29 05:52:47'),(2293,421,'Our Service Provider has accepted your request and will contact you shortly.',0,'2019-04-29 05:53:03','2019-04-29 05:53:03'),(2294,421,'Our Service Provider has accepted your request and will contact you shortly.',0,'2019-04-29 05:53:09','2019-04-29 05:53:09'),(2295,429,'You\'ve got a new quote request.',0,'2019-04-29 05:54:41','2019-04-29 05:54:41'),(2296,450,'Our Service Provider has accepted your request and will contact you shortly.',0,'2019-04-29 05:54:49','2019-04-29 05:54:49'),(2297,589,'Our Service Provider has accepted your request and will contact you shortly.',0,'2019-04-29 05:55:18','2019-04-29 05:55:18'),(2298,429,'Your quotation has been approved by customer.',0,'2019-04-29 05:55:37','2019-04-29 05:55:37'),(2299,450,'Our Service Provider has Checked in.',0,'2019-04-29 05:56:02','2019-04-29 05:56:02'),(2300,450,'Our Service Provider has Checked out.',0,'2019-04-29 05:56:04','2019-04-29 05:56:04'),(2301,450,'Our Service Provider has Checked in.',0,'2019-04-29 05:56:06','2019-04-29 05:56:06'),(2302,450,'Our Service Provider has Checked out.',0,'2019-04-29 05:56:07','2019-04-29 05:56:07'),(2303,450,'Our Service Provider has Checked in.',0,'2019-04-29 05:56:09','2019-04-29 05:56:09'),(2304,450,'Our Service Provider has Checked out.',0,'2019-04-29 05:56:12','2019-04-29 05:56:12'),(2305,429,'Our Service Provider has marked the job complete and is waiting for your approval.',0,'2019-04-29 05:56:16','2019-04-29 05:56:16'),(2306,425,'Your quotation has been approved by customer.',0,'2019-04-29 06:03:42','2019-04-29 06:03:42'),(2307,429,'Your quotation has been rejected by omnee.',0,'2019-04-29 06:03:42','2019-04-29 06:03:42'),(2308,421,'Our Service Provider has Checked in.',0,'2019-04-29 06:06:25','2019-04-29 06:06:25'),(2309,590,'Your quotation has been approved by customer.',0,'2019-04-29 06:10:59','2019-04-29 06:10:59'),(2310,421,'Our Service Provider has Checked out.',0,'2019-04-29 06:15:33','2019-04-29 06:15:33'),(2311,425,'Our Service Provider has marked the job complete and is waiting for your approval.',0,'2019-04-29 06:15:36','2019-04-29 06:15:36'),(2312,450,'Our Service Provider has Checked in.',0,'2019-04-29 06:34:38','2019-04-29 06:34:38'),(2313,450,'Our Service Provider has Checked out.',0,'2019-04-29 06:34:40','2019-04-29 06:34:40'),(2314,450,'Our Service Provider has Checked in.',0,'2019-04-29 06:34:42','2019-04-29 06:34:42'),(2315,450,'Our Service Provider has Checked out.',0,'2019-04-29 06:34:44','2019-04-29 06:34:44'),(2316,429,'Our Service Provider has marked the job complete and is waiting for your approval.',0,'2019-04-29 06:34:47','2019-04-29 06:34:47'),(2317,425,'Your quotation has been declined by customer.',0,'2019-04-29 06:39:29','2019-04-29 06:39:29'),(2318,421,'Our Service Provider has Checked in.',0,'2019-04-29 06:41:10','2019-04-29 06:41:10'),(2319,421,'Our Service Provider has Checked out.',0,'2019-04-29 06:41:13','2019-04-29 06:41:13'),(2320,425,'You\'ve got a new quote request.',0,'2019-04-29 06:42:04','2019-04-29 06:42:04'),(2321,429,'You\'ve got a new quote request.',0,'2019-04-29 06:42:06','2019-04-29 06:42:06'),(2323,421,'Our Service Provider has accepted your request and will contact you shortly.',0,'2019-04-29 06:42:20','2019-04-29 06:42:20'),(2324,421,'Our Service Provider has accepted your request and will contact you shortly.',0,'2019-04-29 06:43:27','2019-04-29 06:43:27'),(2325,425,'Your quotation has been declined by customer.',0,'2019-04-29 06:56:44','2019-04-29 06:56:44'),(2326,425,'You\'ve got a new quote request.',0,'2019-04-29 06:58:49','2019-04-29 06:58:49'),(2327,429,'You\'ve got a new quote request.',0,'2019-04-29 06:58:51','2019-04-29 06:58:51'),(2328,485,'You\'ve got a new quote request.',0,'2019-04-29 06:58:52','2019-04-29 06:58:52'),(2329,421,'Our Service Provider has accepted your request and will contact you shortly.',0,'2019-04-29 06:59:02','2019-04-29 06:59:02'),(2330,421,'Our Service Provider has accepted your request and will contact you shortly.',0,'2019-04-29 06:59:12','2019-04-29 06:59:12'),(2331,429,'Your quotation has been declined by customer.',0,'2019-04-29 07:00:20','2019-04-29 07:00:20'),(2332,425,'You\'ve got a new quote request.',0,'2019-04-29 07:17:59','2019-04-29 07:17:59'),(2333,429,'You\'ve got a new quote request.',0,'2019-04-29 07:18:00','2019-04-29 07:18:00'),(2334,450,'Our Service Provider has accepted your request and will contact you shortly.',0,'2019-04-29 07:18:19','2019-04-29 07:18:19'),(2335,450,'Our Service Provider has accepted your request and will contact you shortly.',0,'2019-04-29 07:19:05','2019-04-29 07:19:05'),(2336,425,'You\'ve got a new quote request.',0,'2019-04-29 07:23:45','2019-04-29 07:23:45'),(2337,429,'You\'ve got a new quote request.',0,'2019-04-29 07:23:46','2019-04-29 07:23:46'),(2338,421,'Our Service Provider has accepted your request and will contact you shortly.',0,'2019-04-29 07:24:01','2019-04-29 07:24:01'),(2339,421,'Our Service Provider has accepted your request and will contact you shortly.',0,'2019-04-29 07:30:48','2019-04-29 07:30:48'),(2340,589,'Our Service Provider has Checked in.',0,'2019-04-29 07:33:05','2019-04-29 07:33:05'),(2341,589,'Our Service Provider has Checked out.',0,'2019-04-29 07:33:11','2019-04-29 07:33:11'),(2342,590,'Our Service Provider has marked the job complete and is waiting for your approval.',0,'2019-04-29 07:33:21','2019-04-29 07:33:21'),(2343,429,'Your quotation has been approved by customer.',0,'2019-04-29 07:40:14','2019-04-29 07:40:14'),(2344,425,'Your quotation has been rejected by omnee.',0,'2019-04-29 07:40:15','2019-04-29 07:40:15'),(2345,586,'You\'ve got a new quote request.',0,'2019-04-29 07:40:55','2019-04-29 07:40:55'),(2346,590,'You\'ve got a new quote request.',0,'2019-04-29 07:40:56','2019-04-29 07:40:56'),(2347,589,'Our Service Provider has accepted your request and will contact you shortly.',0,'2019-04-29 07:42:53','2019-04-29 07:42:53'),(2348,589,'Our Service Provider has accepted your request and will contact you shortly.',0,'2019-04-29 07:44:03','2019-04-29 07:44:03'),(2349,429,'Your quotation has been approved by customer.',0,'2019-04-29 07:44:55','2019-04-29 07:44:55'),(2350,586,'Your quotation has been approved by customer.',0,'2019-04-29 07:45:55','2019-04-29 07:45:55'),(2351,425,'You\'ve got a new quote request.',0,'2019-04-29 07:46:10','2019-04-29 07:46:10'),(2352,429,'You\'ve got a new quote request.',0,'2019-04-29 07:46:11','2019-04-29 07:46:11'),(2353,450,'Our Service Provider has accepted your request and will contact you shortly.',0,'2019-04-29 07:46:26','2019-04-29 07:46:26'),(2354,589,'Our Service Provider has Checked in.',0,'2019-04-29 07:51:34','2019-04-29 07:51:34'),(2355,589,'Our Service Provider has Checked out.',0,'2019-04-29 07:51:49','2019-04-29 07:51:49'),(2356,586,'Our Service Provider has marked the job complete and is waiting for your approval.',0,'2019-04-29 07:52:00','2019-04-29 07:52:00'),(2357,425,'Your quotation has been approved by customer.',0,'2019-04-29 07:54:42','2019-04-29 07:54:42'),(2358,590,'You\'ve got a new quote request.',0,'2019-04-29 07:54:54','2019-04-29 07:54:54'),(2359,421,'Our Service Provider has Checked in.',0,'2019-04-29 07:55:00','2019-04-29 07:55:00'),(2360,421,'Our Service Provider has Checked out.',0,'2019-04-29 07:55:02','2019-04-29 07:55:02'),(2361,425,'Our Service Provider has marked the job complete and is waiting for your approval.',0,'2019-04-29 07:55:04','2019-04-29 07:55:04'),(2362,589,'Your quote request has been rejected.',0,'2019-04-29 07:55:35','2019-04-29 07:55:35'),(2363,425,'You\'ve got a new quote request.',0,'2019-04-29 07:57:04','2019-04-29 07:57:04'),(2364,429,'You\'ve got a new quote request.',0,'2019-04-29 07:57:05','2019-04-29 07:57:05'),(2365,421,'Our Service Provider has accepted your request and will contact you shortly.',0,'2019-04-29 07:57:33','2019-04-29 07:57:33'),(2366,590,'You\'ve got a new quote request.',0,'2019-04-29 07:59:58','2019-04-29 07:59:58'),(2367,589,'Our Service Provider has accepted your request and will contact you shortly.',0,'2019-04-29 08:00:09','2019-04-29 08:00:09'),(2368,429,'Your quotation has been approved by customer.',0,'2019-04-29 08:02:38','2019-04-29 08:02:38'),(2369,590,'Your quotation has been approved by customer.',0,'2019-04-29 08:04:18','2019-04-29 08:04:18'),(2370,589,'Our Service Provider has Checked in.',0,'2019-04-29 08:04:32','2019-04-29 08:04:32'),(2371,425,'You\'ve got a new quote request.',0,'2019-04-29 08:04:36','2019-04-29 08:04:36'),(2372,429,'You\'ve got a new quote request.',0,'2019-04-29 08:04:37','2019-04-29 08:04:37'),(2373,589,'Our Service Provider has Checked out.',0,'2019-04-29 08:04:37','2019-04-29 08:04:37'),(2374,590,'Our Service Provider has marked the job complete and is waiting for your approval.',0,'2019-04-29 08:04:42','2019-04-29 08:04:42'),(2375,450,'Our Service Provider has accepted your request and will contact you shortly.',0,'2019-04-29 08:05:37','2019-04-29 08:05:37'),(2376,429,'Your quotation has been approved by customer.',0,'2019-04-29 08:06:19','2019-04-29 08:06:19'),(2377,450,'Our Service Provider has Checked in.',0,'2019-04-29 08:06:32','2019-04-29 08:06:32'),(2378,450,'Our Service Provider has Checked out.',0,'2019-04-29 08:06:34','2019-04-29 08:06:34'),(2379,450,'Our Service Provider has Checked in.',0,'2019-04-29 08:06:35','2019-04-29 08:06:35'),(2380,450,'Our Service Provider has Checked out.',0,'2019-04-29 08:06:37','2019-04-29 08:06:37'),(2381,450,'Our Service Provider has Checked in.',0,'2019-04-29 08:06:39','2019-04-29 08:06:39'),(2382,450,'Our Service Provider has Checked out.',0,'2019-04-29 08:06:40','2019-04-29 08:06:40'),(2383,450,'Our Service Provider has Checked in.',0,'2019-04-29 08:06:42','2019-04-29 08:06:42'),(2384,450,'Our Service Provider has Checked out.',0,'2019-04-29 08:06:44','2019-04-29 08:06:44'),(2385,429,'Our Service Provider has marked the job complete and is waiting for your approval.',0,'2019-04-29 08:06:47','2019-04-29 08:06:47'),(2386,421,'Our Service Provider has accepted your request and will contact you shortly.',0,'2019-04-29 08:11:12','2019-04-29 08:11:12'),(2387,586,'You\'ve got a new quote request.',0,'2019-04-29 08:12:56','2019-04-29 08:12:56'),(2388,585,'Our Service Provider has accepted your request and will contact you shortly.',0,'2019-04-29 08:13:10','2019-04-29 08:13:10'),(2389,590,'You\'ve got a new quote request.',0,'2019-04-29 08:22:33','2019-04-29 08:22:33'),(2390,429,'Your quotation has been approved by customer.',0,'2019-04-29 08:27:28','2019-04-29 08:27:28'),(2391,586,'Your quotation has been approved by customer.',0,'2019-04-29 08:28:45','2019-04-29 08:28:45'),(2392,425,'You\'ve got a new quote request.',0,'2019-04-29 08:35:52','2019-04-29 08:35:52'),(2393,429,'You\'ve got a new quote request.',0,'2019-04-29 08:35:53','2019-04-29 08:35:53'),(2394,421,'Our Service Provider has accepted your request and will contact you shortly.',0,'2019-04-29 08:36:13','2019-04-29 08:36:13'),(2395,421,'Our Service Provider has accepted your request and will contact you shortly.',0,'2019-04-29 08:36:37','2019-04-29 08:36:37'),(2396,429,'Your quotation has been approved by customer.',0,'2019-04-29 08:37:24','2019-04-29 08:37:24'),(2397,425,'Your quotation has been rejected by omnee.',0,'2019-04-29 08:37:24','2019-04-29 08:37:24'),(2398,421,'Our Service Provider has Checked in.',0,'2019-04-29 08:38:07','2019-04-29 08:38:07'),(2399,421,'Our Service Provider has Checked out.',0,'2019-04-29 08:38:09','2019-04-29 08:38:09'),(2400,421,'Our Service Provider has Checked in.',0,'2019-04-29 08:38:10','2019-04-29 08:38:10'),(2401,421,'Our Service Provider has Checked out.',0,'2019-04-29 08:38:12','2019-04-29 08:38:12'),(2402,429,'Our Service Provider has marked the job complete and is waiting for your approval.',0,'2019-04-29 08:38:16','2019-04-29 08:38:16'),(2403,425,'You\'ve got a new quote request.',0,'2019-04-29 08:38:49','2019-04-29 08:38:49'),(2404,429,'You\'ve got a new quote request.',0,'2019-04-29 08:38:50','2019-04-29 08:38:50'),(2405,421,'Our Service Provider has accepted your request and will contact you shortly.',0,'2019-04-29 08:39:05','2019-04-29 08:39:05'),(2406,421,'Our Service Provider has accepted your request and will contact you shortly.',0,'2019-04-29 08:40:00','2019-04-29 08:40:00'),(2407,425,'Your quotation has been declined by customer.',0,'2019-04-29 08:40:55','2019-04-29 08:40:55'),(2408,429,'Your quotation has been approved by customer.',0,'2019-04-29 08:44:31','2019-04-29 08:44:31'),(2409,425,'You\'ve got a new quote request.',0,'2019-04-29 08:48:35','2019-04-29 08:48:35'),(2410,429,'You\'ve got a new quote request.',0,'2019-04-29 08:48:36','2019-04-29 08:48:36'),(2411,421,'Our Service Provider has accepted your request and will contact you shortly.',0,'2019-04-29 08:48:46','2019-04-29 08:48:46'),(2412,425,'Your quotation has been approved by customer.',0,'2019-04-29 08:49:13','2019-04-29 08:49:13'),(2413,421,'Our Service Provider has Checked in.',0,'2019-04-29 08:49:23','2019-04-29 08:49:23'),(2414,421,'Our Service Provider has Checked out.',0,'2019-04-29 08:49:25','2019-04-29 08:49:25'),(2415,425,'Our Service Provider has marked the job complete and is waiting for your approval.',0,'2019-04-29 08:49:26','2019-04-29 08:49:26'),(2416,425,'You\'ve got a new quote request.',0,'2019-04-29 09:15:05','2019-04-29 09:15:05'),(2417,429,'You\'ve got a new quote request.',0,'2019-04-29 09:15:07','2019-04-29 09:15:07'),(2418,594,'You\'ve got a new quote request.',0,'2019-04-29 09:25:32','2019-04-29 09:25:32'),(2419,594,'You\'ve got a new quote request.',0,'2019-04-29 09:26:03','2019-04-29 09:26:03'),(2420,586,'You\'ve got a new quote request.',0,'2019-04-29 09:26:41','2019-04-29 09:26:41'),(2421,590,'You\'ve got a new quote request.',0,'2019-04-29 09:26:42','2019-04-29 09:26:42'),(2422,594,'You\'ve got a new quote request.',0,'2019-04-29 09:26:43','2019-04-29 09:26:43'),(2423,590,'You\'ve got a new quote request.',0,'2019-04-29 09:27:17','2019-04-29 09:27:17'),(2424,594,'You\'ve got a new quote request.',0,'2019-04-29 09:27:18','2019-04-29 09:27:18'),(2425,593,'Your quote request has been rejected.',0,'2019-04-29 09:28:44','2019-04-29 09:28:44'),(2426,593,'Our Service Provider has accepted your request and will contact you shortly.',0,'2019-04-29 09:30:24','2019-04-29 09:30:24'),(2427,594,'Your quotation has been approved by customer.',0,'2019-04-29 09:32:04','2019-04-29 09:32:04'),(2428,593,'Our Service Provider has Checked in.',0,'2019-04-29 09:40:29','2019-04-29 09:40:29'),(2429,593,'Our Service Provider has Checked out.',0,'2019-04-29 09:40:36','2019-04-29 09:40:36'),(2430,593,'Our Service Provider has Checked in.',0,'2019-04-29 09:42:02','2019-04-29 09:42:02'),(2431,593,'Our Service Provider has Checked out.',0,'2019-04-29 09:42:08','2019-04-29 09:42:08'),(2432,594,'Our Service Provider has marked the job complete and is waiting for your approval.',0,'2019-04-29 09:42:26','2019-04-29 09:42:26'),(2433,593,'Our Service Provider has accepted your request and will contact you shortly.',0,'2019-04-29 09:52:22','2019-04-29 09:52:22'),(2434,594,'You\'ve got a new quote request.',0,'2019-04-29 09:58:43','2019-04-29 09:58:43'),(2435,593,'Our Service Provider has accepted your request and will contact you shortly.',0,'2019-04-29 09:58:56','2019-04-29 09:58:56'),(2436,594,'Your quotation has been declined by customer.',0,'2019-04-29 09:59:38','2019-04-29 09:59:38'),(2437,593,'Our Service Provider has accepted your request and will contact you shortly.',0,'2019-04-29 10:05:01','2019-04-29 10:05:01'),(2438,593,'Our Service Provider has accepted your request and will contact you shortly.',0,'2019-04-29 10:20:15','2019-04-29 10:20:15'),(2439,586,'Your quotation has been approved by customer.',0,'2019-04-29 10:21:12','2019-04-29 10:21:12'),(2440,594,'Your quotation has been rejected by omnee.',0,'2019-04-29 10:21:12','2019-04-29 10:21:12'),(2441,594,'You\'ve got a new quote request.',0,'2019-04-29 10:29:08','2019-04-29 10:29:08'),(2442,596,'Your quote request has been rejected.',0,'2019-04-29 10:29:58','2019-04-29 10:29:58'),(2443,597,'You\'ve got a new quote request.',0,'2019-04-29 10:37:27','2019-04-29 10:37:27'),(2444,596,'Our Service Provider has accepted your request and will contact you shortly.',0,'2019-04-29 10:37:44','2019-04-29 10:37:44'),(2445,597,'Your quotation has been approved by customer.',0,'2019-04-29 10:45:19','2019-04-29 10:45:19'),(2446,596,'Our Service Provider has Checked in.',0,'2019-04-29 10:46:07','2019-04-29 10:46:07'),(2447,596,'Our Service Provider has Checked out.',0,'2019-04-29 10:46:11','2019-04-29 10:46:11'),(2448,597,'Our Service Provider has marked the job complete and is waiting for your approval.',0,'2019-04-29 10:46:31','2019-04-29 10:46:31'),(2449,594,'You\'ve got a new quote request.',0,'2019-04-29 10:50:19','2019-04-29 10:50:19'),(2450,597,'You\'ve got a new quote request.',0,'2019-04-29 10:50:20','2019-04-29 10:50:20'),(2451,596,'Our Service Provider has accepted your request and will contact you shortly.',0,'2019-04-29 10:51:36','2019-04-29 10:51:36'),(2452,596,'Our Service Provider has accepted your request and will contact you shortly.',0,'2019-04-29 10:52:14','2019-04-29 10:52:14'),(2453,597,'Your quotation has been rejected by omnee.',0,'2019-04-29 10:52:49','2019-04-29 10:52:49'),(2454,425,'You\'ve got a new quote request.',0,'2019-04-30 01:10:39','2019-04-30 01:10:39'),(2455,429,'You\'ve got a new quote request.',0,'2019-04-30 01:10:41','2019-04-30 01:10:41'),(2456,421,'Our Service Provider has accepted your request and will contact you shortly.',0,'2019-04-30 01:12:11','2019-04-30 01:12:11'),(2457,421,'Our Service Provider has accepted your request and will contact you shortly.',0,'2019-04-30 01:12:13','2019-04-30 01:12:13'),(2458,429,'Your quotation has been approved by customer.',0,'2019-04-30 01:13:18','2019-04-30 01:13:18'),(2459,425,'Your quotation has been rejected by omnee.',0,'2019-04-30 01:13:19','2019-04-30 01:13:19'),(2460,425,'You\'ve got a new quote request.',0,'2019-04-30 01:25:27','2019-04-30 01:25:27'),(2461,429,'You\'ve got a new quote request.',0,'2019-04-30 01:25:29','2019-04-30 01:25:29'),(2462,450,'Our Service Provider has accepted your request and will contact you shortly.',0,'2019-04-30 01:25:56','2019-04-30 01:25:56'),(2463,450,'Your quote request has been rejected.',0,'2019-04-30 01:27:21','2019-04-30 01:27:21'),(2464,421,'Our Service Provider has Checked in.',0,'2019-04-30 01:30:34','2019-04-30 01:30:34'),(2465,421,'Our Service Provider has Checked out.',0,'2019-04-30 01:30:35','2019-04-30 01:30:35'),(2466,429,'Our Service Provider has marked the job complete and is waiting for your approval.',0,'2019-04-30 01:30:38','2019-04-30 01:30:38'),(2467,425,'You\'ve got a new quote request.',0,'2019-04-30 01:36:34','2019-04-30 01:36:34'),(2468,429,'You\'ve got a new quote request.',0,'2019-04-30 01:36:35','2019-04-30 01:36:35'),(2469,425,'You\'ve got a new quote request.',0,'2019-04-30 01:38:12','2019-04-30 01:38:12'),(2470,429,'You\'ve got a new quote request.',0,'2019-04-30 01:38:13','2019-04-30 01:38:13'),(2471,450,'Our Service Provider has accepted your request and will contact you shortly.',0,'2019-04-30 01:38:17','2019-04-30 01:38:17'),(2472,421,'Our Service Provider has accepted your request and will contact you shortly.',0,'2019-04-30 01:38:18','2019-04-30 01:38:18'),(2473,421,'Our Service Provider has accepted your request and will contact you shortly.',0,'2019-04-30 01:38:48','2019-04-30 01:38:48'),(2474,450,'Our Service Provider has accepted your request and will contact you shortly.',0,'2019-04-30 01:39:22','2019-04-30 01:39:22'),(2475,429,'Your quotation has been approved by customer.',0,'2019-04-30 01:40:53','2019-04-30 01:40:53'),(2476,425,'Your quotation has been rejected by omnee.',0,'2019-04-30 01:40:53','2019-04-30 01:40:53'),(2477,421,'Our Service Provider has Checked in.',0,'2019-04-30 01:41:45','2019-04-30 01:41:45'),(2478,421,'Our Service Provider has Checked out.',0,'2019-04-30 01:41:51','2019-04-30 01:41:51'),(2479,429,'Our Service Provider has marked the job complete and is waiting for your approval.',0,'2019-04-30 01:42:04','2019-04-30 01:42:04'),(2480,425,'You\'ve got a new quote request.',0,'2019-04-30 01:43:39','2019-04-30 01:43:39'),(2481,429,'You\'ve got a new quote request.',0,'2019-04-30 01:43:41','2019-04-30 01:43:41'),(2482,421,'Our Service Provider has accepted your request and will contact you shortly.',0,'2019-04-30 01:43:52','2019-04-30 01:43:52'),(2483,421,'Our Service Provider has accepted your request and will contact you shortly.',0,'2019-04-30 01:43:55','2019-04-30 01:43:55'),(2484,429,'Your quotation has been approved by customer.',0,'2019-04-30 01:48:44','2019-04-30 01:48:44'),(2485,421,'Our Service Provider has Checked in.',0,'2019-04-30 01:48:59','2019-04-30 01:48:59'),(2486,421,'Our Service Provider has Checked out.',0,'2019-04-30 01:49:01','2019-04-30 01:49:01'),(2487,429,'Our Service Provider has marked the job complete and is waiting for your approval.',0,'2019-04-30 01:49:39','2019-04-30 01:49:39'),(2488,425,'You\'ve got a new quote request.',0,'2019-04-30 01:50:45','2019-04-30 01:50:45'),(2489,421,'Our Service Provider has accepted your request and will contact you shortly.',0,'2019-04-30 01:50:55','2019-04-30 01:50:55'),(2490,421,'Our Service Provider has Checked in.',0,'2019-04-30 01:51:36','2019-04-30 01:51:36'),(2491,421,'Our Service Provider has Checked out.',0,'2019-04-30 01:51:37','2019-04-30 01:51:37'),(2492,425,'Our Service Provider has marked the job complete and is waiting for your approval.',0,'2019-04-30 01:51:39','2019-04-30 01:51:39'),(2493,425,'You\'ve got a new quote request.',0,'2019-04-30 02:15:21','2019-04-30 02:15:21'),(2494,429,'You\'ve got a new quote request.',0,'2019-04-30 02:15:23','2019-04-30 02:15:23'),(2495,421,'Our Service Provider has accepted your request and will contact you shortly.',0,'2019-04-30 02:16:28','2019-04-30 02:16:28'),(2496,425,'Your quotation has been approved by customer.',0,'2019-04-30 02:16:54','2019-04-30 02:16:54'),(2497,594,'You\'ve got a new quote request.',0,'2019-04-30 02:32:18','2019-04-30 02:32:18'),(2498,593,'Our Service Provider has accepted your request and will contact you shortly.',0,'2019-04-30 02:32:39','2019-04-30 02:32:39'),(2499,429,'Your quotation has been declined by customer.',0,'2019-04-30 02:37:05','2019-04-30 02:37:05'),(2500,425,'Your quotation has been declined by customer.',0,'2019-04-30 02:37:35','2019-04-30 02:37:35'),(2501,425,'You\'ve got a new quote request.',0,'2019-04-30 02:38:15','2019-04-30 02:38:15'),(2502,429,'You\'ve got a new quote request.',0,'2019-04-30 02:38:17','2019-04-30 02:38:17'),(2503,425,'You\'ve got a new quote request.',0,'2019-04-30 02:46:52','2019-04-30 02:46:52'),(2504,429,'You\'ve got a new quote request.',0,'2019-04-30 02:46:54','2019-04-30 02:46:54'),(2505,450,'Our Service Provider has accepted your request and will contact you shortly.',0,'2019-04-30 02:48:12','2019-04-30 02:48:12'),(2506,429,'Your quotation has been approved by customer.',0,'2019-04-30 02:50:39','2019-04-30 02:50:39'),(2507,450,'Our Service Provider has Checked in.',0,'2019-04-30 02:50:52','2019-04-30 02:50:52'),(2508,450,'Our Service Provider has Checked out.',0,'2019-04-30 02:50:54','2019-04-30 02:50:54'),(2509,450,'Our Service Provider has Checked in.',0,'2019-04-30 02:50:56','2019-04-30 02:50:56'),(2510,450,'Our Service Provider has Checked out.',0,'2019-04-30 02:50:58','2019-04-30 02:50:58'),(2511,429,'Our Service Provider has marked the job complete and is waiting for your approval.',0,'2019-04-30 02:51:02','2019-04-30 02:51:02'),(2512,421,'Our Service Provider has accepted your request and will contact you shortly.',0,'2019-04-30 03:05:35','2019-04-30 03:05:35'),(2513,429,'Your quotation has been approved by customer.',0,'2019-04-30 03:15:19','2019-04-30 03:15:19'),(2514,450,'Our Service Provider has Checked in.',0,'2019-04-30 03:15:52','2019-04-30 03:15:52'),(2515,450,'Our Service Provider has Checked out.',0,'2019-04-30 03:15:54','2019-04-30 03:15:54'),(2516,450,'Our Service Provider has Checked in.',0,'2019-04-30 03:15:56','2019-04-30 03:15:56'),(2517,450,'Our Service Provider has Checked out.',0,'2019-04-30 03:15:58','2019-04-30 03:15:58'),(2518,429,'Our Service Provider has marked the job complete and is waiting for your approval.',0,'2019-04-30 03:16:01','2019-04-30 03:16:01'),(2519,425,'You\'ve got a new quote request.',0,'2019-04-30 03:21:43','2019-04-30 03:21:43'),(2520,429,'You\'ve got a new quote request.',0,'2019-04-30 03:21:45','2019-04-30 03:21:45'),(2521,450,'Your quote request has been rejected.',0,'2019-04-30 03:21:59','2019-04-30 03:21:59'),(2522,425,'You\'ve got a new quote request.',0,'2019-04-30 03:24:36','2019-04-30 03:24:36'),(2523,429,'You\'ve got a new quote request.',0,'2019-04-30 03:24:38','2019-04-30 03:24:38'),(2524,450,'Our Service Provider has accepted your request and will contact you shortly.',0,'2019-04-30 03:24:50','2019-04-30 03:24:50'),(2525,429,'Your quotation has been approved by customer.',0,'2019-04-30 03:25:52','2019-04-30 03:25:52'),(2526,450,'Our Service Provider has Checked in.',0,'2019-04-30 03:26:00','2019-04-30 03:26:00'),(2527,425,'You\'ve got a new quote request.',0,'2019-04-30 03:29:32','2019-04-30 03:29:32'),(2528,429,'You\'ve got a new quote request.',0,'2019-04-30 03:29:33','2019-04-30 03:29:33'),(2529,450,'Our Service Provider has accepted your request and will contact you shortly.',0,'2019-04-30 03:33:49','2019-04-30 03:33:49'),(2530,429,'Your quotation has been approved by customer.',0,'2019-04-30 03:35:56','2019-04-30 03:35:56'),(2531,450,'Our Service Provider has Checked in.',0,'2019-04-30 03:36:02','2019-04-30 03:36:02'),(2532,450,'Our Service Provider has Checked out.',0,'2019-04-30 03:36:08','2019-04-30 03:36:08'),(2533,450,'Our Service Provider has Checked in.',0,'2019-04-30 03:36:12','2019-04-30 03:36:12'),(2534,450,'Our Service Provider has Checked out.',0,'2019-04-30 03:36:14','2019-04-30 03:36:14'),(2535,429,'Our Service Provider has marked the job complete and is waiting for your approval.',0,'2019-04-30 03:36:22','2019-04-30 03:36:22'),(2536,425,'You\'ve got a new quote request.',0,'2019-04-30 03:40:37','2019-04-30 03:40:37'),(2537,429,'You\'ve got a new quote request.',0,'2019-04-30 03:40:39','2019-04-30 03:40:39'),(2538,421,'Our Service Provider has accepted your request and will contact you shortly.',0,'2019-04-30 03:40:57','2019-04-30 03:40:57'),(2539,421,'Our Service Provider has accepted your request and will contact you shortly.',0,'2019-04-30 03:40:58','2019-04-30 03:40:58'),(2540,429,'Your quotation has been approved by customer.',0,'2019-04-30 03:41:55','2019-04-30 03:41:55'),(2541,425,'Your quotation has been rejected by omnee.',0,'2019-04-30 03:41:55','2019-04-30 03:41:55'),(2542,421,'Our Service Provider has Checked in.',0,'2019-04-30 03:42:43','2019-04-30 03:42:43'),(2543,421,'Our Service Provider has Checked out.',0,'2019-04-30 03:42:45','2019-04-30 03:42:45'),(2544,429,'Our Service Provider has marked the job complete and is waiting for your approval.',0,'2019-04-30 03:42:54','2019-04-30 03:42:54'),(2545,425,'You\'ve got a new quote request.',0,'2019-04-30 03:43:37','2019-04-30 03:43:37'),(2546,429,'You\'ve got a new quote request.',0,'2019-04-30 03:43:38','2019-04-30 03:43:38'),(2547,450,'Our Service Provider has accepted your request and will contact you shortly.',0,'2019-04-30 03:43:53','2019-04-30 03:43:53'),(2548,450,'Our Service Provider has accepted your request and will contact you shortly.',0,'2019-04-30 03:45:08','2019-04-30 03:45:08'),(2549,425,'Your quotation has been declined by customer.',0,'2019-04-30 03:45:37','2019-04-30 03:45:37'),(2550,594,'You\'ve got a new quote request.',0,'2019-04-30 03:55:25','2019-04-30 03:55:25'),(2551,429,'Your quotation has been approved by customer.',0,'2019-04-30 04:49:07','2019-04-30 04:49:07'),(2552,450,'Our Service Provider has Checked in.',0,'2019-04-30 04:49:23','2019-04-30 04:49:23'),(2553,450,'Our Service Provider has Checked out.',0,'2019-04-30 04:49:25','2019-04-30 04:49:25'),(2554,450,'Our Service Provider has Checked in.',0,'2019-04-30 04:49:26','2019-04-30 04:49:26'),(2555,450,'Our Service Provider has Checked out.',0,'2019-04-30 04:49:28','2019-04-30 04:49:28'),(2556,429,'Our Service Provider has marked the job complete and is waiting for your approval.',0,'2019-04-30 04:49:31','2019-04-30 04:49:31'),(2557,425,'You\'ve got a new quote request.',0,'2019-04-30 04:53:45','2019-04-30 04:53:45'),(2558,429,'You\'ve got a new quote request.',0,'2019-04-30 04:53:46','2019-04-30 04:53:46'),(2559,421,'Our Service Provider has accepted your request and will contact you shortly.',0,'2019-04-30 04:54:23','2019-04-30 04:54:23'),(2560,421,'Our Service Provider has accepted your request and will contact you shortly.',0,'2019-04-30 04:54:25','2019-04-30 04:54:25'),(2561,429,'Your quotation has been declined by customer.',0,'2019-04-30 04:55:17','2019-04-30 04:55:17'),(2562,425,'Your quotation has been approved by customer.',0,'2019-04-30 04:55:31','2019-04-30 04:55:31'),(2563,421,'Our Service Provider has Checked in.',0,'2019-04-30 04:59:03','2019-04-30 04:59:03'),(2564,421,'Our Service Provider has Checked out.',0,'2019-04-30 04:59:11','2019-04-30 04:59:11'),(2565,425,'Our Service Provider has marked the job complete and is waiting for your approval.',0,'2019-04-30 04:59:13','2019-04-30 04:59:13'),(2566,425,'You\'ve got a new quote request.',0,'2019-04-30 04:59:52','2019-04-30 04:59:52'),(2567,429,'You\'ve got a new quote request.',0,'2019-04-30 04:59:53','2019-04-30 04:59:53'),(2568,421,'Our Service Provider has accepted your request and will contact you shortly.',0,'2019-04-30 05:00:08','2019-04-30 05:00:08'),(2569,421,'Our Service Provider has accepted your request and will contact you shortly.',0,'2019-04-30 05:00:09','2019-04-30 05:00:09'),(2570,429,'Your quotation has been approved by customer.',0,'2019-04-30 05:01:04','2019-04-30 05:01:04'),(2571,425,'Your quotation has been rejected by omnee.',0,'2019-04-30 05:01:04','2019-04-30 05:01:04'),(2572,421,'Our Service Provider has Checked in.',0,'2019-04-30 05:02:04','2019-04-30 05:02:04'),(2573,421,'Our Service Provider has Checked out.',0,'2019-04-30 05:02:06','2019-04-30 05:02:06'),(2574,425,'You\'ve got a new quote request.',0,'2019-04-30 05:02:45','2019-04-30 05:02:45'),(2575,429,'You\'ve got a new quote request.',0,'2019-04-30 05:02:46','2019-04-30 05:02:46'),(2576,421,'Our Service Provider has accepted your request and will contact you shortly.',0,'2019-04-30 05:02:57','2019-04-30 05:02:57'),(2577,421,'Our Service Provider has accepted your request and will contact you shortly.',0,'2019-04-30 05:03:03','2019-04-30 05:03:03'),(2578,425,'Your quotation has been approved by customer.',0,'2019-04-30 05:03:57','2019-04-30 05:03:57'),(2579,429,'Your quotation has been rejected by omnee.',0,'2019-04-30 05:03:58','2019-04-30 05:03:58'),(2580,425,'You\'ve got a new quote request.',0,'2019-04-30 05:04:50','2019-04-30 05:04:50'),(2581,429,'You\'ve got a new quote request.',0,'2019-04-30 05:04:51','2019-04-30 05:04:51'),(2582,421,'Our Service Provider has accepted your request and will contact you shortly.',0,'2019-04-30 05:05:09','2019-04-30 05:05:09'),(2583,421,'Our Service Provider has accepted your request and will contact you shortly.',0,'2019-04-30 05:05:21','2019-04-30 05:05:21'),(2584,429,'Your quotation has been declined by customer.',0,'2019-04-30 05:06:44','2019-04-30 05:06:44'),(2585,594,'Your quotation has been approved by customer.',0,'2019-04-30 05:08:04','2019-04-30 05:08:04'),(2586,593,'Our Service Provider has Checked in.',0,'2019-04-30 05:08:19','2019-04-30 05:08:19'),(2587,593,'Our Service Provider has Checked out.',0,'2019-04-30 05:08:22','2019-04-30 05:08:22'),(2588,594,'Our Service Provider has marked the job complete and is waiting for your approval.',0,'2019-04-30 05:08:25','2019-04-30 05:08:25'),(2589,425,'You\'ve got a new quote request.',0,'2019-04-30 05:08:33','2019-04-30 05:08:33'),(2590,429,'You\'ve got a new quote request.',0,'2019-04-30 05:08:34','2019-04-30 05:08:34'),(2591,450,'Your quote request has been rejected.',0,'2019-04-30 05:09:20','2019-04-30 05:09:20'),(2592,425,'Your quotation has been approved by customer.',0,'2019-04-30 05:11:20','2019-04-30 05:11:20'),(2593,425,'You\'ve got a new quote request.',0,'2019-04-30 05:11:41','2019-04-30 05:11:41'),(2594,429,'You\'ve got a new quote request.',0,'2019-04-30 05:11:42','2019-04-30 05:11:42'),(2595,450,'Our Service Provider has accepted your request and will contact you shortly.',0,'2019-04-30 05:12:36','2019-04-30 05:12:36'),(2596,425,'Your quotation has been approved by customer.',0,'2019-04-30 05:13:03','2019-04-30 05:13:03'),(2597,450,'Our Service Provider has Checked in.',0,'2019-04-30 05:13:26','2019-04-30 05:13:26'),(2598,450,'Our Service Provider has Checked out.',0,'2019-04-30 05:13:55','2019-04-30 05:13:55'),(2599,425,'Our Service Provider has marked the job complete and is waiting for your approval.',0,'2019-04-30 05:13:57','2019-04-30 05:13:57'),(2600,425,'You\'ve got a new quote request.',0,'2019-04-30 05:21:03','2019-04-30 05:21:03'),(2601,429,'You\'ve got a new quote request.',0,'2019-04-30 05:21:04','2019-04-30 05:21:04'),(2602,421,'Our Service Provider has accepted your request and will contact you shortly.',0,'2019-04-30 05:21:18','2019-04-30 05:21:18'),(2603,421,'Our Service Provider has accepted your request and will contact you shortly.',0,'2019-04-30 05:21:31','2019-04-30 05:21:31'),(2604,429,'Your quotation has been approved by customer.',0,'2019-04-30 05:22:27','2019-04-30 05:22:27'),(2605,425,'Your quotation has been rejected by omnee.',0,'2019-04-30 05:22:28','2019-04-30 05:22:28'),(2606,425,'You\'ve got a new quote request.',0,'2019-04-30 05:35:19','2019-04-30 05:35:19'),(2607,429,'You\'ve got a new quote request.',0,'2019-04-30 05:35:20','2019-04-30 05:35:20'),(2608,450,'Your quote request has been rejected.',0,'2019-04-30 05:35:26','2019-04-30 05:35:26'),(2609,450,'Our Service Provider has accepted your request and will contact you shortly.',0,'2019-04-30 05:36:27','2019-04-30 05:36:27'),(2610,421,'Our Service Provider has Checked in.',0,'2019-04-30 05:37:00','2019-04-30 05:37:00'),(2611,421,'Our Service Provider has Checked out.',0,'2019-04-30 05:37:02','2019-04-30 05:37:02'),(2612,421,'Our Service Provider has Checked in.',0,'2019-04-30 05:37:04','2019-04-30 05:37:04'),(2613,421,'Our Service Provider has Checked out.',0,'2019-04-30 05:37:06','2019-04-30 05:37:06'),(2614,429,'Our Service Provider has marked the job complete and is waiting for your approval.',0,'2019-04-30 05:37:09','2019-04-30 05:37:09'),(2615,450,'Our Service Provider has Checked out.',0,'2019-04-30 05:37:27','2019-04-30 05:37:27'),(2616,425,'Your quotation has been approved by customer.',0,'2019-04-30 05:38:20','2019-04-30 05:38:20'),(2617,450,'Our Service Provider has Checked in.',0,'2019-04-30 05:38:28','2019-04-30 05:38:28'),(2618,450,'Our Service Provider has Checked out.',0,'2019-04-30 05:38:31','2019-04-30 05:38:31'),(2619,425,'Our Service Provider has marked the job complete and is waiting for your approval.',0,'2019-04-30 05:38:33','2019-04-30 05:38:33'),(2620,425,'You\'ve got a new quote request.',0,'2019-04-30 05:41:46','2019-04-30 05:41:46'),(2621,429,'You\'ve got a new quote request.',0,'2019-04-30 05:41:47','2019-04-30 05:41:47'),(2622,421,'Our Service Provider has accepted your request and will contact you shortly.',0,'2019-04-30 05:41:57','2019-04-30 05:41:57'),(2623,421,'Our Service Provider has accepted your request and will contact you shortly.',0,'2019-04-30 05:42:07','2019-04-30 05:42:07'),(2624,425,'Your quotation has been approved by customer.',0,'2019-04-30 05:42:57','2019-04-30 05:42:57'),(2625,429,'Your quotation has been rejected by omnee.',0,'2019-04-30 05:42:57','2019-04-30 05:42:57'),(2626,425,'You\'ve got a new quote request.',0,'2019-04-30 05:43:52','2019-04-30 05:43:52'),(2627,429,'You\'ve got a new quote request.',0,'2019-04-30 05:43:53','2019-04-30 05:43:53'),(2628,421,'Our Service Provider has accepted your request and will contact you shortly.',0,'2019-04-30 05:44:12','2019-04-30 05:44:12'),(2629,421,'Our Service Provider has accepted your request and will contact you shortly.',0,'2019-04-30 05:44:15','2019-04-30 05:44:15'),(2630,429,'Your quotation has been declined by customer.',0,'2019-04-30 05:46:11','2019-04-30 05:46:11'),(2631,597,'You\'ve got a new quote request.',0,'2019-04-30 05:46:15','2019-04-30 05:46:15'),(2632,596,'Our Service Provider has accepted your request and will contact you shortly.',0,'2019-04-30 05:46:37','2019-04-30 05:46:37'),(2633,425,'Your quotation has been approved by customer.',0,'2019-04-30 05:47:03','2019-04-30 05:47:03'),(2634,590,'You\'ve got a new quote request.',0,'2019-04-30 05:49:13','2019-04-30 05:49:13'),(2635,594,'You\'ve got a new quote request.',0,'2019-04-30 05:49:14','2019-04-30 05:49:14'),(2636,597,'You\'ve got a new quote request.',0,'2019-04-30 05:49:15','2019-04-30 05:49:15'),(2637,596,'Our Service Provider has accepted your request and will contact you shortly.',0,'2019-04-30 05:52:27','2019-04-30 05:52:27'),(2638,596,'Our Service Provider has accepted your request and will contact you shortly.',0,'2019-04-30 05:52:41','2019-04-30 05:52:41'),(2639,425,'You\'ve got a new quote request.',0,'2019-04-30 05:53:45','2019-04-30 05:53:45'),(2640,429,'You\'ve got a new quote request.',0,'2019-04-30 05:53:46','2019-04-30 05:53:46'),(2641,421,'Our Service Provider has accepted your request and will contact you shortly.',0,'2019-04-30 05:54:13','2019-04-30 05:54:13'),(2642,421,'Our Service Provider has accepted your request and will contact you shortly.',0,'2019-04-30 05:54:25','2019-04-30 05:54:25'),(2643,594,'Your quotation has been declined by customer.',0,'2019-04-30 05:54:30','2019-04-30 05:54:30'),(2644,429,'Your quotation has been declined by customer.',0,'2019-04-30 05:55:19','2019-04-30 05:55:19'),(2645,425,'Your quotation has been approved by customer.',0,'2019-04-30 05:55:28','2019-04-30 05:55:28'),(2646,425,'You\'ve got a new quote request.',0,'2019-04-30 05:55:53','2019-04-30 05:55:53'),(2647,429,'You\'ve got a new quote request.',0,'2019-04-30 05:55:55','2019-04-30 05:55:55'),(2648,450,'Our Service Provider has accepted your request and will contact you shortly.',0,'2019-04-30 05:56:14','2019-04-30 05:56:14'),(2649,597,'Your quotation has been approved by customer.',0,'2019-04-30 05:57:01','2019-04-30 05:57:01'),(2650,429,'Your quotation has been approved by customer.',0,'2019-04-30 05:58:10','2019-04-30 05:58:10'),(2651,450,'Our Service Provider has Checked in.',0,'2019-04-30 05:58:56','2019-04-30 05:58:56'),(2652,450,'Our Service Provider has Checked out.',0,'2019-04-30 05:58:58','2019-04-30 05:58:58'),(2653,450,'Our Service Provider has Checked in.',0,'2019-04-30 05:58:59','2019-04-30 05:58:59'),(2654,450,'Our Service Provider has Checked out.',0,'2019-04-30 05:59:02','2019-04-30 05:59:02'),(2655,429,'Our Service Provider has marked the job complete and is waiting for your approval.',0,'2019-04-30 05:59:23','2019-04-30 05:59:23'),(2656,421,'Our Service Provider has Checked in.',0,'2019-04-30 05:59:28','2019-04-30 05:59:28'),(2657,421,'Our Service Provider has Checked out.',0,'2019-04-30 05:59:30','2019-04-30 05:59:30'),(2658,425,'Our Service Provider has marked the job complete and is waiting for your approval.',0,'2019-04-30 05:59:33','2019-04-30 05:59:33'),(2659,425,'You\'ve got a new quote request.',0,'2019-04-30 06:02:03','2019-04-30 06:02:03'),(2660,421,'Our Service Provider has accepted your request and will contact you shortly.',0,'2019-04-30 06:02:12','2019-04-30 06:02:12'),(2661,425,'Your quotation has been approved by customer.',0,'2019-04-30 06:02:44','2019-04-30 06:02:44'),(2662,421,'Our Service Provider has Checked in.',0,'2019-04-30 06:02:59','2019-04-30 06:02:59'),(2663,421,'Our Service Provider has Checked out.',0,'2019-04-30 06:03:02','2019-04-30 06:03:02'),(2664,425,'Our Service Provider has marked the job complete and is waiting for your approval.',0,'2019-04-30 06:03:05','2019-04-30 06:03:05'),(2665,425,'You\'ve got a new quote request.',0,'2019-04-30 06:04:36','2019-04-30 06:04:36'),(2666,429,'You\'ve got a new quote request.',0,'2019-04-30 06:04:38','2019-04-30 06:04:38'),(2667,421,'Your quote request has been rejected.',0,'2019-04-30 06:04:47','2019-04-30 06:04:47'),(2668,596,'Our Service Provider has Checked in.',0,'2019-04-30 06:06:10','2019-04-30 06:06:10'),(2669,425,'You\'ve got a new quote request.',0,'2019-04-30 06:06:18','2019-04-30 06:06:18'),(2670,429,'You\'ve got a new quote request.',0,'2019-04-30 06:06:19','2019-04-30 06:06:19'),(2671,596,'Our Service Provider has Checked out.',0,'2019-04-30 06:06:19','2019-04-30 06:06:19'),(2672,597,'Our Service Provider has marked the job complete and is waiting for your approval.',0,'2019-04-30 06:06:24','2019-04-30 06:06:24'),(2673,593,'Our Service Provider has accepted your request and will contact you shortly.',0,'2019-04-30 06:07:00','2019-04-30 06:07:00'),(2674,594,'Your quotation has been approved by customer.',0,'2019-04-30 06:08:31','2019-04-30 06:08:31'),(2675,593,'Our Service Provider has Checked in.',0,'2019-04-30 06:08:42','2019-04-30 06:08:42'),(2676,593,'Our Service Provider has Checked out.',0,'2019-04-30 06:08:44','2019-04-30 06:08:44'),(2677,594,'Our Service Provider has marked the job complete and is waiting for your approval.',0,'2019-04-30 06:08:47','2019-04-30 06:08:47'),(2678,421,'Your quote request has been rejected.',0,'2019-04-30 06:09:23','2019-04-30 06:09:23'),(2679,429,'Our Service Provider has marked the job complete and is waiting for your approval.',0,'2019-04-30 06:10:13','2019-04-30 06:10:13'),(2680,425,'You\'ve got a new quote request.',0,'2019-04-30 06:11:05','2019-04-30 06:11:05'),(2681,429,'You\'ve got a new quote request.',0,'2019-04-30 06:11:06','2019-04-30 06:11:06'),(2682,421,'Our Service Provider has accepted your request and will contact you shortly.',0,'2019-04-30 06:13:06','2019-04-30 06:13:06'),(2683,425,'You\'ve got a new quote request.',0,'2019-04-30 06:21:24','2019-04-30 06:21:24'),(2684,429,'You\'ve got a new quote request.',0,'2019-04-30 06:21:26','2019-04-30 06:21:26'),(2685,594,'You\'ve got a new quote request.',0,'2019-04-30 06:40:13','2019-04-30 06:40:13'),(2686,593,'Your quote request has been rejected.',0,'2019-04-30 06:41:32','2019-04-30 06:41:32'),(2687,594,'You\'ve got a new quote request.',0,'2019-04-30 06:42:29','2019-04-30 06:42:29'),(2688,593,'Our Service Provider has accepted your request and will contact you shortly.',0,'2019-04-30 06:42:43','2019-04-30 06:42:43'),(2689,594,'Your quotation has been approved by customer.',0,'2019-04-30 06:45:37','2019-04-30 06:45:37'),(2690,593,'Our Service Provider has Checked in.',0,'2019-04-30 06:50:17','2019-04-30 06:50:17'),(2691,593,'Our Service Provider has Checked out.',0,'2019-04-30 06:50:21','2019-04-30 06:50:21'),(2694,594,'You\'ve got a new quote request.',0,'2019-04-30 06:52:16','2019-04-30 06:52:16'),(2695,590,'You\'ve got a new quote request.',0,'2019-04-30 06:52:49','2019-04-30 06:52:49'),(2696,594,'You\'ve got a new quote request.',0,'2019-04-30 06:52:50','2019-04-30 06:52:50'),(2697,597,'You\'ve got a new quote request.',0,'2019-04-30 06:52:51','2019-04-30 06:52:51'),(2698,593,'Our Service Provider has accepted your request and will contact you shortly.',0,'2019-04-30 06:53:03','2019-04-30 06:53:03'),(2699,594,'Your quotation has been declined by customer.',0,'2019-04-30 06:54:20','2019-04-30 06:54:20'),(2700,593,'Your quote request has been rejected.',0,'2019-04-30 06:55:54','2019-04-30 06:55:54'),(2701,594,'You\'ve got a new quote request.',0,'2019-04-30 06:56:49','2019-04-30 06:56:49'),(2703,593,'Our Service Provider has accepted your request and will contact you shortly.',0,'2019-04-30 06:57:05','2019-04-30 06:57:05'),(2704,594,'Your quotation has been approved by customer.',0,'2019-04-30 06:57:41','2019-04-30 06:57:41'),(2705,593,'Our Service Provider has Checked in.',0,'2019-04-30 06:57:51','2019-04-30 06:57:51'),(2706,593,'Our Service Provider has Checked out.',0,'2019-04-30 06:57:53','2019-04-30 06:57:53'),(2707,594,'Our Service Provider has marked the job complete and is waiting for your approval.',0,'2019-04-30 06:57:55','2019-04-30 06:57:55'),(2710,594,'Our Service Provider has marked the job complete and is waiting for your approval.',0,'2019-04-30 07:01:31','2019-04-30 07:01:31'),(2716,421,'Our Service Provider has accepted your request and will contact you shortly.',0,'2019-04-30 07:13:34','2019-04-30 07:13:34'),(2730,594,'You\'ve got a new quote request.',0,'2019-04-30 07:53:43','2019-04-30 07:53:43'),(2732,593,'Our Service Provider has accepted your request and will contact you shortly.',0,'2019-04-30 07:57:09','2019-04-30 07:57:09'),(2733,594,'Your quotation has been approved by customer.',0,'2019-04-30 07:57:53','2019-04-30 07:57:53'),(2735,593,'Our Service Provider has Checked in.',0,'2019-04-30 07:58:04','2019-04-30 07:58:04'),(2736,593,'Our Service Provider has Checked out.',0,'2019-04-30 07:58:06','2019-04-30 07:58:06'),(2737,594,'Our Service Provider has marked the job complete and is waiting for your approval.',0,'2019-04-30 07:58:09','2019-04-30 07:58:09'),(2738,425,'You\'ve got a new quote request.',0,'2019-04-30 07:58:19','2019-04-30 07:58:19'),(2739,429,'You\'ve got a new quote request.',0,'2019-04-30 07:58:21','2019-04-30 07:58:21'),(2740,421,'Our Service Provider has accepted your request and will contact you shortly.',0,'2019-04-30 07:58:31','2019-04-30 07:58:31'),(2747,425,'You\'ve got a new quote request.',0,'2019-04-30 08:02:35','2019-04-30 08:02:35'),(2748,429,'You\'ve got a new quote request.',0,'2019-04-30 08:02:37','2019-04-30 08:02:37'),(2749,421,'Your quote request has been rejected.',0,'2019-04-30 08:02:46','2019-04-30 08:02:46'),(2750,429,'You\'ve got a new quote request.',0,'2019-04-30 08:05:14','2019-04-30 08:05:14'),(2752,421,'Your quote request has been rejected.',0,'2019-04-30 08:05:23','2019-04-30 08:05:23'),(2760,425,'You\'ve got a new quote request.',0,'2019-04-30 08:10:35','2019-04-30 08:10:35'),(2761,429,'You\'ve got a new quote request.',0,'2019-04-30 08:10:37','2019-04-30 08:10:37'),(2762,425,'You\'ve got a new quote request.',0,'2019-04-30 08:10:59','2019-04-30 08:10:59'),(2763,429,'You\'ve got a new quote request.',0,'2019-04-30 08:11:00','2019-04-30 08:11:00'),(2764,450,'Our Service Provider has accepted your request and will contact you shortly.',0,'2019-04-30 08:11:10','2019-04-30 08:11:10'),(2765,450,'Our Service Provider has accepted your request and will contact you shortly.',0,'2019-04-30 08:11:28','2019-04-30 08:11:28'),(2766,429,'Your quotation has been declined by customer.',0,'2019-04-30 08:12:15','2019-04-30 08:12:15'),(2767,421,'Our Service Provider has accepted your request and will contact you shortly.',0,'2019-04-30 08:19:28','2019-04-30 08:19:28'),(2768,425,'Your quotation has been declined by customer.',0,'2019-04-30 08:20:43','2019-04-30 08:20:43'),(2769,425,'You\'ve got a new quote request.',0,'2019-04-30 08:26:11','2019-04-30 08:26:11'),(2770,429,'You\'ve got a new quote request.',0,'2019-04-30 08:26:13','2019-04-30 08:26:13'),(2772,450,'Our Service Provider has accepted your request and will contact you shortly.',0,'2019-04-30 08:26:29','2019-04-30 08:26:29'),(2773,429,'Your quotation has been approved by customer.',0,'2019-04-30 08:26:48','2019-04-30 08:26:48'),(2774,450,'Our Service Provider has Checked in.',0,'2019-04-30 08:26:54','2019-04-30 08:26:54'),(2775,450,'Our Service Provider has Checked out.',0,'2019-04-30 08:26:56','2019-04-30 08:26:56'),(2776,429,'Our Service Provider has marked the job complete and is waiting for your approval.',0,'2019-04-30 08:26:58','2019-04-30 08:26:58'),(2780,425,'You\'ve got a new quote request.',0,'2019-04-30 08:31:18','2019-04-30 08:31:18'),(2781,421,'Your quote request has been rejected.',0,'2019-04-30 08:31:28','2019-04-30 08:31:28'),(2782,425,'You\'ve got a new quote request.',0,'2019-04-30 08:32:08','2019-04-30 08:32:08'),(2783,421,'Our Service Provider has accepted your request and will contact you shortly.',0,'2019-04-30 08:32:28','2019-04-30 08:32:28'),(2785,425,'Your quotation has been declined by customer.',0,'2019-04-30 08:33:17','2019-04-30 08:33:17'),(2790,425,'You\'ve got a new quote request.',0,'2019-04-30 08:39:02','2019-04-30 08:39:02'),(2791,421,'Our Service Provider has accepted your request and will contact you shortly.',0,'2019-04-30 08:39:12','2019-04-30 08:39:12'),(2792,421,'Our Service Provider has accepted your request and will contact you shortly.',0,'2019-04-30 08:40:17','2019-04-30 08:40:17'),(2793,597,'You\'ve got a new quote request.',0,'2019-04-30 08:41:26','2019-04-30 08:41:26'),(2794,425,'Your quotation has been declined by customer.',0,'2019-04-30 08:42:35','2019-04-30 08:42:35'),(2795,425,'You\'ve got a new quote request.',0,'2019-04-30 08:43:18','2019-04-30 08:43:18'),(2796,429,'You\'ve got a new quote request.',0,'2019-04-30 08:43:20','2019-04-30 08:43:20'),(2797,421,'Our Service Provider has accepted your request and will contact you shortly.',0,'2019-04-30 08:43:28','2019-04-30 08:43:28'),(2798,425,'You\'ve got a new quote request.',0,'2019-04-30 08:43:31','2019-04-30 08:43:31'),(2799,429,'You\'ve got a new quote request.',0,'2019-04-30 08:43:33','2019-04-30 08:43:33'),(2800,597,'You\'ve got a new quote request.',0,'2019-04-30 08:43:37','2019-04-30 08:43:37'),(2801,450,'Your quote request has been rejected.',0,'2019-04-30 08:43:45','2019-04-30 08:43:45'),(2802,421,'Our Service Provider has accepted your request and will contact you shortly.',0,'2019-04-30 08:44:26','2019-04-30 08:44:26'),(2803,596,'Our Service Provider has accepted your request and will contact you shortly.',0,'2019-04-30 08:44:29','2019-04-30 08:44:29'),(2804,425,'Your quotation has been declined by customer.',0,'2019-04-30 08:45:04','2019-04-30 08:45:04'),(2805,429,'Your quotation has been approved by customer.',0,'2019-04-30 08:45:14','2019-04-30 08:45:14'),(2806,596,'Your quote request has been rejected.',0,'2019-04-30 08:46:07','2019-04-30 08:46:07'),(2807,425,'You\'ve got a new quote request.',0,'2019-04-30 08:46:32','2019-04-30 08:46:32'),(2808,429,'You\'ve got a new quote request.',0,'2019-04-30 08:46:33','2019-04-30 08:46:33'),(2809,450,'Our Service Provider has accepted your request and will contact you shortly.',0,'2019-04-30 08:47:03','2019-04-30 08:47:03'),(2810,429,'Your quotation has been declined by customer.',0,'2019-04-30 08:47:49','2019-04-30 08:47:49'),(2811,425,'You\'ve got a new quote request.',0,'2019-04-30 08:49:11','2019-04-30 08:49:11'),(2812,429,'You\'ve got a new quote request.',0,'2019-04-30 08:49:12','2019-04-30 08:49:12'),(2813,450,'Our Service Provider has accepted your request and will contact you shortly.',0,'2019-04-30 08:49:21','2019-04-30 08:49:21'),(2814,429,'Your quotation has been approved by customer.',0,'2019-04-30 08:49:49','2019-04-30 08:49:49'),(2815,450,'Our Service Provider has Checked in.',0,'2019-04-30 08:50:00','2019-04-30 08:50:00'),(2816,450,'Our Service Provider has Checked out.',0,'2019-04-30 08:50:01','2019-04-30 08:50:01'),(2817,450,'Our Service Provider has Checked in.',0,'2019-04-30 08:50:03','2019-04-30 08:50:03'),(2818,450,'Our Service Provider has Checked out.',0,'2019-04-30 08:50:04','2019-04-30 08:50:04'),(2819,429,'Our Service Provider has marked the job complete and is waiting for your approval.',0,'2019-04-30 08:50:07','2019-04-30 08:50:07'),(2820,597,'Your quotation has been approved by customer.',0,'2019-04-30 08:51:24','2019-04-30 08:51:24'),(2821,596,'Our Service Provider has Checked in.',0,'2019-04-30 08:51:40','2019-04-30 08:51:40'),(2822,596,'Our Service Provider has Checked out.',0,'2019-04-30 08:51:43','2019-04-30 08:51:43'),(2823,597,'Our Service Provider has marked the job complete and is waiting for your approval.',0,'2019-04-30 08:51:50','2019-04-30 08:51:50'),(2830,597,'Your quotation has been approved by customer.',0,'2019-04-30 09:00:55','2019-04-30 09:00:55'),(2831,596,'Our Service Provider has Checked in.',0,'2019-04-30 09:01:13','2019-04-30 09:01:13'),(2832,596,'Our Service Provider has Checked out.',0,'2019-04-30 09:01:15','2019-04-30 09:01:15'),(2833,597,'Our Service Provider has marked the job complete and is waiting for your approval.',0,'2019-04-30 09:01:21','2019-04-30 09:01:21'),(2834,590,'You\'ve got a new quote request.',0,'2019-04-30 09:07:04','2019-04-30 09:07:04'),(2835,594,'You\'ve got a new quote request.',0,'2019-04-30 09:07:06','2019-04-30 09:07:06'),(2836,597,'You\'ve got a new quote request.',0,'2019-04-30 09:07:07','2019-04-30 09:07:07'),(2837,596,'Our Service Provider has accepted your request and will contact you shortly.',0,'2019-04-30 09:08:51','2019-04-30 09:08:51'),(2838,596,'Our Service Provider has accepted your request and will contact you shortly.',0,'2019-04-30 09:09:48','2019-04-30 09:09:48'),(2839,594,'Your quotation has been approved by customer.',0,'2019-04-30 09:10:33','2019-04-30 09:10:33'),(2840,593,'Our Service Provider has accepted your request and will contact you shortly.',0,'2019-04-30 09:12:21','2019-04-30 09:12:21'),(2841,594,'You\'ve got a new quote request.',0,'2019-04-30 09:14:15','2019-04-30 09:14:15'),(2842,597,'You\'ve got a new quote request.',0,'2019-04-30 09:14:17','2019-04-30 09:14:17'),(2843,596,'Our Service Provider has accepted your request and will contact you shortly.',0,'2019-04-30 09:15:11','2019-04-30 09:15:11'),(2844,596,'Our Service Provider has accepted your request and will contact you shortly.',0,'2019-04-30 09:15:29','2019-04-30 09:15:29'),(2845,594,'Your quotation has been approved by customer.',0,'2019-04-30 09:16:35','2019-04-30 09:16:35'),(2846,597,'Your quotation has been rejected by omnee.',0,'2019-04-30 09:16:35','2019-04-30 09:16:35'),(2847,597,'Your quotation has been approved by customer.',0,'2019-04-30 09:17:30','2019-04-30 09:17:30'),(2848,593,'Our Service Provider has Checked in.',0,'2019-04-30 09:22:52','2019-04-30 09:22:52'),(2849,593,'Our Service Provider has Checked out.',0,'2019-04-30 09:23:15','2019-04-30 09:23:15'),(2850,597,'Our Service Provider has marked the job complete and is waiting for your approval.',0,'2019-04-30 09:30:38','2019-04-30 09:30:38'),(2851,597,'You\'ve got a new quote request.',0,'2019-04-30 09:38:53','2019-04-30 09:38:53'),(2852,596,'Our Service Provider has accepted your request and will contact you shortly.',0,'2019-04-30 09:39:30','2019-04-30 09:39:30'),(2853,597,'Your quotation has been declined by customer.',0,'2019-04-30 09:40:04','2019-04-30 09:40:04'),(2854,594,'You\'ve got a new quote request.',0,'2019-04-30 09:47:27','2019-04-30 09:47:27'),(2855,597,'You\'ve got a new quote request.',0,'2019-04-30 09:47:29','2019-04-30 09:47:29'),(2856,596,'Your quote request has been rejected.',0,'2019-04-30 09:48:15','2019-04-30 09:48:15'),(2857,596,'Our Service Provider has accepted your request and will contact you shortly.',0,'2019-04-30 09:48:53','2019-04-30 09:48:53'),(2858,597,'You\'ve got a new quote request.',0,'2019-05-01 03:54:56','2019-05-01 03:54:56'),(2859,599,'Your quote request has been rejected.',0,'2019-05-01 03:55:52','2019-05-01 03:55:52'),(2860,597,'You\'ve got a new quote request.',0,'2019-05-01 04:34:58','2019-05-01 04:34:58'),(2861,594,'You\'ve got a new quote request.',0,'2019-05-01 04:51:25','2019-05-01 04:51:25'),(2862,589,'Your quote request has been rejected.',0,'2019-05-01 04:51:36','2019-05-01 04:51:36'),(2863,594,'You\'ve got a new quote request.',0,'2019-05-01 04:52:57','2019-05-01 04:52:57'),(2864,597,'You\'ve got a new quote request.',0,'2019-05-01 04:52:58','2019-05-01 04:52:58'),(2865,425,'You\'ve got a new quote request.',0,'2019-05-01 04:53:02','2019-05-01 04:53:02'),(2866,429,'You\'ve got a new quote request.',0,'2019-05-01 04:53:04','2019-05-01 04:53:04'),(2867,589,'Your quote request has been rejected.',0,'2019-05-01 04:53:46','2019-05-01 04:53:46'),(2868,589,'Our Service Provider has accepted your request and will contact you shortly.',0,'2019-05-01 04:54:06','2019-05-01 04:54:06'),(2869,594,'Your quotation has been declined by customer.',0,'2019-05-01 04:54:49','2019-05-01 04:54:49'),(2870,594,'You\'ve got a new quote request.',0,'2019-05-01 04:55:39','2019-05-01 04:55:39'),(2871,589,'Our Service Provider has accepted your request and will contact you shortly.',0,'2019-05-01 04:57:05','2019-05-01 04:57:05'),(2872,594,'Your quotation has been declined by customer.',0,'2019-05-01 04:57:44','2019-05-01 04:57:44'),(2873,594,'You\'ve got a new quote request.',0,'2019-05-01 05:04:55','2019-05-01 05:04:55'),(2874,589,'Our Service Provider has accepted your request and will contact you shortly.',0,'2019-05-01 05:05:12','2019-05-01 05:05:12'),(2875,596,'Our Service Provider has accepted your request and will contact you shortly.',0,'2019-05-01 05:06:08','2019-05-01 05:06:08'),(2876,594,'Your quotation has been approved by customer.',0,'2019-05-01 05:06:34','2019-05-01 05:06:34'),(2877,594,'You\'ve got a new quote request.',0,'2019-05-01 05:07:05','2019-05-01 05:07:05'),(2878,597,'You\'ve got a new quote request.',0,'2019-05-01 05:07:06','2019-05-01 05:07:06'),(2879,589,'Your quote request has been rejected.',0,'2019-05-01 05:07:58','2019-05-01 05:07:58'),(2880,589,'Your quote request has been rejected.',0,'2019-05-01 05:08:03','2019-05-01 05:08:03'),(2881,450,'Our Service Provider has accepted your request and will contact you shortly.',0,'2019-05-01 05:15:34','2019-05-01 05:15:34'),(2882,594,'You\'ve got a new quote request.',0,'2019-05-01 05:16:20','2019-05-01 05:16:20'),(2883,597,'You\'ve got a new quote request.',0,'2019-05-01 05:16:22','2019-05-01 05:16:22'),(2884,589,'Our Service Provider has accepted your request and will contact you shortly.',0,'2019-05-01 05:16:38','2019-05-01 05:16:38'),(2885,429,'Your quotation has been approved by customer.',0,'2019-05-01 05:17:02','2019-05-01 05:17:02'),(2886,450,'Our Service Provider has Checked in.',0,'2019-05-01 05:17:26','2019-05-01 05:17:26'),(2887,450,'Our Service Provider has Checked out.',0,'2019-05-01 05:17:28','2019-05-01 05:17:28'),(2888,450,'Our Service Provider has Checked in.',0,'2019-05-01 05:17:31','2019-05-01 05:17:31'),(2889,450,'Our Service Provider has Checked out.',0,'2019-05-01 05:17:36','2019-05-01 05:17:36'),(2890,429,'Our Service Provider has marked the job complete and is waiting for your approval.',0,'2019-05-01 05:17:39','2019-05-01 05:17:39'),(2891,589,'Our Service Provider has accepted your request and will contact you shortly.',0,'2019-05-01 05:17:54','2019-05-01 05:17:54'),(2892,597,'Your quotation has been declined by customer.',0,'2019-05-01 05:18:38','2019-05-01 05:18:38'),(2893,594,'You\'ve got a new quote request.',0,'2019-05-01 05:20:27','2019-05-01 05:20:27'),(2894,597,'You\'ve got a new quote request.',0,'2019-05-01 05:20:29','2019-05-01 05:20:29'),(2895,589,'Your quote request has been rejected.',0,'2019-05-01 05:20:39','2019-05-01 05:20:39'),(2896,589,'Our Service Provider has accepted your request and will contact you shortly.',0,'2019-05-01 05:21:16','2019-05-01 05:21:16'),(2897,594,'Your quotation has been declined by customer.',0,'2019-05-01 05:22:01','2019-05-01 05:22:01'),(2898,425,'You\'ve got a new quote request.',0,'2019-05-01 05:26:16','2019-05-01 05:26:16'),(2899,429,'You\'ve got a new quote request.',0,'2019-05-01 05:26:17','2019-05-01 05:26:17'),(2900,490,'You\'ve got a new quote request.',0,'2019-05-01 05:26:18','2019-05-01 05:26:18'),(2901,450,'Our Service Provider has accepted your request and will contact you shortly.',0,'2019-05-01 05:26:38','2019-05-01 05:26:38'),(2902,429,'Your quotation has been approved by customer.',0,'2019-05-01 05:27:48','2019-05-01 05:27:48'),(2903,450,'Our Service Provider has Checked in.',0,'2019-05-01 05:28:11','2019-05-01 05:28:11'),(2904,450,'Our Service Provider has Checked out.',0,'2019-05-01 05:28:12','2019-05-01 05:28:12'),(2905,450,'Our Service Provider has Checked in.',0,'2019-05-01 05:28:14','2019-05-01 05:28:14'),(2906,450,'Our Service Provider has Checked out.',0,'2019-05-01 05:28:16','2019-05-01 05:28:16'),(2907,429,'Our Service Provider has marked the job complete and is waiting for your approval.',0,'2019-05-01 05:28:18','2019-05-01 05:28:18'),(2908,594,'You\'ve got a new quote request.',0,'2019-05-01 05:36:55','2019-05-01 05:36:55'),(2909,597,'You\'ve got a new quote request.',0,'2019-05-01 05:36:56','2019-05-01 05:36:56'),(2910,589,'Your quote request has been rejected.',0,'2019-05-01 05:38:08','2019-05-01 05:38:08'),(2911,589,'Your quote request has been rejected.',0,'2019-05-01 05:38:39','2019-05-01 05:38:39'),(2912,597,'You\'ve got a new quote request.',0,'2019-05-01 05:42:25','2019-05-01 05:42:25'),(2913,594,'You\'ve got a new quote request.',0,'2019-05-01 05:42:50','2019-05-01 05:42:50'),(2914,597,'You\'ve got a new quote request.',0,'2019-05-01 05:42:51','2019-05-01 05:42:51'),(2915,589,'Our Service Provider has accepted your request and will contact you shortly.',0,'2019-05-01 05:43:11','2019-05-01 05:43:11'),(2916,589,'Your quote request has been rejected.',0,'2019-05-01 05:44:01','2019-05-01 05:44:01'),(2917,589,'Our Service Provider has Checked in.',0,'2019-05-01 05:45:21','2019-05-01 05:45:21'),(2918,589,'Our Service Provider has Checked out.',0,'2019-05-01 05:45:23','2019-05-01 05:45:23'),(2919,597,'Our Service Provider has marked the job complete and is waiting for your approval.',0,'2019-05-01 05:45:25','2019-05-01 05:45:25'),(2920,429,'Your quotation has been approved by customer.',0,'2019-05-01 05:55:47','2019-05-01 05:55:47'),(2921,425,'You\'ve got a new quote request.',0,'2019-05-01 05:57:00','2019-05-01 05:57:00'),(2922,429,'You\'ve got a new quote request.',0,'2019-05-01 05:57:01','2019-05-01 05:57:01'),(2923,421,'Our Service Provider has accepted your request and will contact you shortly.',0,'2019-05-01 05:58:02','2019-05-01 05:58:02'),(2924,594,'You\'ve got a new quote request.',0,'2019-05-01 06:07:07','2019-05-01 06:07:07'),(2925,597,'You\'ve got a new quote request.',0,'2019-05-01 06:07:09','2019-05-01 06:07:09'),(2926,589,'Our Service Provider has accepted your request and will contact you shortly.',0,'2019-05-01 06:07:20','2019-05-01 06:07:20'),(2927,597,'Your quotation has been approved by customer.',0,'2019-05-01 06:07:45','2019-05-01 06:07:45'),(2928,594,'You\'ve got a new quote request.',0,'2019-05-01 06:10:52','2019-05-01 06:10:52'),(2929,597,'You\'ve got a new quote request.',0,'2019-05-01 06:10:53','2019-05-01 06:10:53'),(2930,589,'Our Service Provider has accepted your request and will contact you shortly.',0,'2019-05-01 06:11:02','2019-05-01 06:11:02'),(2931,594,'Your quotation has been approved by customer.',0,'2019-05-01 06:11:33','2019-05-01 06:11:33'),(2932,589,'Our Service Provider has Checked in.',0,'2019-05-01 06:13:18','2019-05-01 06:13:18'),(2933,589,'Our Service Provider has Checked out.',0,'2019-05-01 06:14:02','2019-05-01 06:14:02'),(2934,597,'Our Service Provider has marked the job complete and is waiting for your approval.',0,'2019-05-01 06:14:05','2019-05-01 06:14:05'),(2935,425,'Your quotation has been approved by customer.',0,'2019-05-01 06:14:54','2019-05-01 06:14:54'),(2936,594,'You\'ve got a new quote request.',0,'2019-05-01 07:21:59','2019-05-01 07:21:59'),(2937,600,'You\'ve got a new quote request.',0,'2019-05-01 07:22:01','2019-05-01 07:22:01'),(2938,599,'Your quote request has been rejected.',0,'2019-05-01 07:24:35','2019-05-01 07:24:35'),(2939,599,'Your quote request has been rejected.',0,'2019-05-01 07:25:08','2019-05-01 07:25:08'),(2940,594,'You\'ve got a new quote request.',0,'2019-05-01 07:25:57','2019-05-01 07:25:57'),(2941,600,'You\'ve got a new quote request.',0,'2019-05-01 07:25:59','2019-05-01 07:25:59'),(2942,599,'Our Service Provider has accepted your request and will contact you shortly.',0,'2019-05-01 07:26:14','2019-05-01 07:26:14'),(2943,599,'Our Service Provider has accepted your request and will contact you shortly.',0,'2019-05-01 07:26:27','2019-05-01 07:26:27'),(2944,600,'Your quotation has been declined by customer.',0,'2019-05-01 07:27:39','2019-05-01 07:27:39'),(2945,594,'Your quotation has been declined by customer.',0,'2019-05-01 07:28:49','2019-05-01 07:28:49'),(2946,594,'You\'ve got a new quote request.',0,'2019-05-01 07:32:49','2019-05-01 07:32:49'),(2947,600,'You\'ve got a new quote request.',0,'2019-05-01 07:32:50','2019-05-01 07:32:50'),(2948,599,'Our Service Provider has accepted your request and will contact you shortly.',0,'2019-05-01 07:36:17','2019-05-01 07:36:17'),(2949,599,'Our Service Provider has accepted your request and will contact you shortly.',0,'2019-05-01 07:36:33','2019-05-01 07:36:33'),(2950,594,'Your quotation has been approved by customer.',0,'2019-05-01 07:37:04','2019-05-01 07:37:04'),(2951,599,'Our Service Provider has Checked in.',0,'2019-05-01 07:47:10','2019-05-01 07:47:10'),(2952,599,'Our Service Provider has Checked out.',0,'2019-05-01 07:47:13','2019-05-01 07:47:13'),(2953,594,'Our Service Provider has marked the job complete and is waiting for your approval.',0,'2019-05-01 07:47:16','2019-05-01 07:47:16'),(2954,600,'You\'ve got a new quote request.',0,'2019-05-01 07:49:58','2019-05-01 07:49:58'),(2955,594,'You\'ve got a new quote request.',0,'2019-05-01 07:50:46','2019-05-01 07:50:46'),(2956,600,'You\'ve got a new quote request.',0,'2019-05-01 07:50:47','2019-05-01 07:50:47'),(2957,599,'Our Service Provider has accepted your request and will contact you shortly.',0,'2019-05-01 07:50:53','2019-05-01 07:50:53'),(2958,599,'Our Service Provider has accepted your request and will contact you shortly.',0,'2019-05-01 07:51:01','2019-05-01 07:51:01'),(2959,600,'Your quotation has been declined by customer.',0,'2019-05-01 07:52:41','2019-05-01 07:52:41'),(2960,594,'Your quotation has been declined by customer.',0,'2019-05-01 07:53:54','2019-05-01 07:53:54'),(2961,594,'You\'ve got a new quote request.',0,'2019-05-01 07:55:01','2019-05-01 07:55:01'),(2962,600,'You\'ve got a new quote request.',0,'2019-05-01 07:55:02','2019-05-01 07:55:02'),(2963,599,'Our Service Provider has accepted your request and will contact you shortly.',0,'2019-05-01 07:55:21','2019-05-01 07:55:21'),(2964,599,'Our Service Provider has accepted your request and will contact you shortly.',0,'2019-05-01 07:55:25','2019-05-01 07:55:25'),(2965,594,'Your quotation has been approved by customer.',0,'2019-05-01 07:56:19','2019-05-01 07:56:19'),(2966,600,'Your quotation has been rejected by omnee.',0,'2019-05-01 07:56:19','2019-05-01 07:56:19'),(2967,599,'Our Service Provider has Checked in.',0,'2019-05-01 07:56:53','2019-05-01 07:56:53'),(2968,599,'Our Service Provider has Checked out.',0,'2019-05-01 07:56:55','2019-05-01 07:56:55'),(2969,594,'Our Service Provider has marked the job complete and is waiting for your approval.',0,'2019-05-01 07:56:57','2019-05-01 07:56:57'),(2970,594,'You\'ve got a new quote request.',0,'2019-05-01 07:59:35','2019-05-01 07:59:35'),(2971,600,'You\'ve got a new quote request.',0,'2019-05-01 07:59:37','2019-05-01 07:59:37'),(2972,599,'Your quote request has been rejected.',0,'2019-05-01 08:00:02','2019-05-01 08:00:02'),(2973,599,'Our Service Provider has accepted your request and will contact you shortly.',0,'2019-05-01 08:00:15','2019-05-01 08:00:15'),(2974,600,'Your quotation has been declined by customer.',0,'2019-05-01 08:00:59','2019-05-01 08:00:59'),(2975,599,'Our Service Provider has accepted your request and will contact you shortly.',0,'2019-05-01 08:05:13','2019-05-01 08:05:13'),(2976,600,'Your quotation has been approved by customer.',0,'2019-05-01 08:05:53','2019-05-01 08:05:53'),(2977,599,'Our Service Provider has Checked in.',0,'2019-05-01 08:06:06','2019-05-01 08:06:06'),(2978,599,'Our Service Provider has Checked out.',0,'2019-05-01 08:06:08','2019-05-01 08:06:08'),(2979,600,'Our Service Provider has marked the job complete and is waiting for your approval.',0,'2019-05-01 08:06:13','2019-05-01 08:06:13'),(2980,600,'You\'ve got a new quote request.',0,'2019-05-01 08:12:31','2019-05-01 08:12:31'),(2981,425,'You\'ve got a new quote request.',0,'2019-05-02 02:27:50','2019-05-02 02:27:50'),(2982,429,'You\'ve got a new quote request.',0,'2019-05-02 02:27:53','2019-05-02 02:27:53'),(2983,421,'Our Service Provider has accepted your request and will contact you shortly.',0,'2019-05-02 02:28:42','2019-05-02 02:28:42'),(2984,421,'Your quote request has been rejected.',0,'2019-05-02 02:32:03','2019-05-02 02:32:03'),(2985,425,'Your quotation has been declined by customer.',0,'2019-05-02 02:33:50','2019-05-02 02:33:50'),(2986,425,'You\'ve got a new quote request.',0,'2019-05-02 02:35:32','2019-05-02 02:35:32'),(2987,429,'You\'ve got a new quote request.',0,'2019-05-02 02:35:34','2019-05-02 02:35:34'),(2988,450,'Our Service Provider has accepted your request and will contact you shortly.',0,'2019-05-02 02:35:49','2019-05-02 02:35:49'),(2989,450,'Our Service Provider has Checked in.',0,'2019-05-02 02:36:53','2019-05-02 02:36:53'),(2990,450,'Our Service Provider has Checked out.',0,'2019-05-02 02:36:57','2019-05-02 02:36:57'),(2991,429,'Our Service Provider has marked the job complete and is waiting for your approval.',0,'2019-05-02 02:37:08','2019-05-02 02:37:08'),(2992,425,'You\'ve got a new quote request.',0,'2019-05-02 02:45:33','2019-05-02 02:45:33'),(2993,421,'Our Service Provider has accepted your request and will contact you shortly.',0,'2019-05-02 02:45:45','2019-05-02 02:45:45'),(2994,429,'You\'ve got a new quote request.',0,'2019-05-02 02:51:31','2019-05-02 02:51:31'),(2995,485,'You\'ve got a new quote request.',0,'2019-05-02 02:51:33','2019-05-02 02:51:33'),(2996,450,'Our Service Provider has accepted your request and will contact you shortly.',0,'2019-05-02 02:51:59','2019-05-02 02:51:59'),(2997,450,'Our Service Provider has Checked in.',0,'2019-05-02 02:57:09','2019-05-02 02:57:09'),(2998,425,'Your quotation has been declined by customer.',0,'2019-05-02 03:05:35','2019-05-02 03:05:35'),(2999,425,'You\'ve got a new quote request.',0,'2019-05-02 03:09:16','2019-05-02 03:09:16'),(3000,429,'You\'ve got a new quote request.',0,'2019-05-02 03:09:17','2019-05-02 03:09:17'),(3001,421,'Your quote request has been rejected.',0,'2019-05-02 03:09:42','2019-05-02 03:09:42'),(3002,421,'Your quote request has been rejected.',0,'2019-05-02 03:11:53','2019-05-02 03:11:53'),(3003,597,'You\'ve got a new quote request.',0,'2019-05-02 03:13:10','2019-05-02 03:13:10'),(3004,594,'You\'ve got a new quote request.',0,'2019-05-02 03:14:47','2019-05-02 03:14:47'),(3005,589,'Our Service Provider has accepted your request and will contact you shortly.',0,'2019-05-02 03:15:09','2019-05-02 03:15:09'),(3006,450,'Our Service Provider has Checked out.',0,'2019-05-02 03:18:41','2019-05-02 03:18:41'),(3007,600,'You\'ve got a new quote request.',0,'2019-05-02 03:18:48','2019-05-02 03:18:48'),(3008,450,'Our Service Provider has Checked in.',0,'2019-05-02 03:19:04','2019-05-02 03:19:04'),(3009,450,'Our Service Provider has Checked out.',0,'2019-05-02 03:19:05','2019-05-02 03:19:05'),(3010,429,'Our Service Provider has marked the job complete and is waiting for your approval.',0,'2019-05-02 03:19:31','2019-05-02 03:19:31'),(3011,425,'You\'ve got a new quote request.',0,'2019-05-02 03:23:36','2019-05-02 03:23:36'),(3012,429,'You\'ve got a new quote request.',0,'2019-05-02 03:23:37','2019-05-02 03:23:37'),(3013,450,'Our Service Provider has accepted your request and will contact you shortly.',0,'2019-05-02 03:23:42','2019-05-02 03:23:42'),(3014,429,'Your quotation has been approved by customer.',0,'2019-05-02 03:24:18','2019-05-02 03:24:18'),(3015,450,'Our Service Provider has Checked in.',0,'2019-05-02 03:24:32','2019-05-02 03:24:32'),(3016,450,'Our Service Provider has Checked out.',0,'2019-05-02 03:24:34','2019-05-02 03:24:34'),(3017,450,'Our Service Provider has Checked in.',0,'2019-05-02 03:24:36','2019-05-02 03:24:36'),(3018,450,'Our Service Provider has Checked out.',0,'2019-05-02 03:24:37','2019-05-02 03:24:37'),(3019,429,'Our Service Provider has marked the job complete and is waiting for your approval.',0,'2019-05-02 03:24:40','2019-05-02 03:24:40'),(3020,429,'You\'ve got a new quote request.',0,'2019-05-02 03:26:09','2019-05-02 03:26:09'),(3021,485,'You\'ve got a new quote request.',0,'2019-05-02 03:26:11','2019-05-02 03:26:11'),(3022,450,'Our Service Provider has accepted your request and will contact you shortly.',0,'2019-05-02 03:26:20','2019-05-02 03:26:20'),(3023,429,'Your quotation has been approved by customer.',0,'2019-05-02 03:26:55','2019-05-02 03:26:55'),(3024,450,'Our Service Provider has Checked in.',0,'2019-05-02 03:27:09','2019-05-02 03:27:09'),(3025,450,'Our Service Provider has Checked out.',0,'2019-05-02 03:27:11','2019-05-02 03:27:11'),(3026,450,'Our Service Provider has Checked in.',0,'2019-05-02 03:28:47','2019-05-02 03:28:47'),(3027,450,'Our Service Provider has Checked out.',0,'2019-05-02 03:28:48','2019-05-02 03:28:48'),(3028,429,'Our Service Provider has marked the job complete and is waiting for your approval.',0,'2019-05-02 03:28:52','2019-05-02 03:28:52'),(3029,429,'Your quotation has been approved by customer.',0,'2019-05-02 03:30:09','2019-05-02 03:30:09'),(3030,421,'Our Service Provider has Checked in.',0,'2019-05-02 03:30:21','2019-05-02 03:30:21'),(3031,421,'Our Service Provider has Checked out.',0,'2019-05-02 03:30:32','2019-05-02 03:30:32'),(3032,425,'You\'ve got a new quote request.',0,'2019-05-02 03:49:51','2019-05-02 03:49:51'),(3033,429,'You\'ve got a new quote request.',0,'2019-05-02 03:49:52','2019-05-02 03:49:52'),(3034,450,'Our Service Provider has accepted your request and will contact you shortly.',0,'2019-05-02 03:54:34','2019-05-02 03:54:34'),(3035,429,'Your quotation has been approved by customer.',0,'2019-05-02 03:55:16','2019-05-02 03:55:16'),(3036,450,'Our Service Provider has Checked in.',0,'2019-05-02 03:55:27','2019-05-02 03:55:27'),(3037,450,'Our Service Provider has Checked out.',0,'2019-05-02 03:55:28','2019-05-02 03:55:28'),(3038,429,'Our Service Provider has marked the job complete and is waiting for your approval.',0,'2019-05-02 03:55:31','2019-05-02 03:55:31'),(3039,425,'You\'ve got a new quote request.',0,'2019-05-02 05:23:17','2019-05-02 05:23:17'),(3040,429,'You\'ve got a new quote request.',0,'2019-05-02 05:23:19','2019-05-02 05:23:19'),(3041,450,'Our Service Provider has accepted your request and will contact you shortly.',0,'2019-05-02 05:23:56','2019-05-02 05:23:56'),(3042,429,'Your quotation has been approved by customer.',0,'2019-05-02 05:27:26','2019-05-02 05:27:26'),(3043,450,'Our Service Provider has Checked in.',0,'2019-05-02 05:32:15','2019-05-02 05:32:15'),(3044,450,'Our Service Provider has Checked out.',0,'2019-05-02 05:33:17','2019-05-02 05:33:17'),(3045,450,'Our Service Provider has Checked in.',0,'2019-05-02 05:33:20','2019-05-02 05:33:20'),(3046,450,'Our Service Provider has Checked out.',0,'2019-05-02 05:33:28','2019-05-02 05:33:28'),(3047,421,'Our Service Provider has accepted your request and will contact you shortly.',0,'2019-05-02 05:51:26','2019-05-02 05:51:26'),(3048,450,'Our Service Provider has Checked in.',0,'2019-05-02 06:01:45','2019-05-02 06:01:45'),(3049,450,'Our Service Provider has Checked out.',0,'2019-05-02 06:01:51','2019-05-02 06:01:51'),(3050,429,'Our Service Provider has marked the job complete and is waiting for your approval.',0,'2019-05-02 06:01:57','2019-05-02 06:01:57'),(3051,425,'You\'ve got a new quote request.',0,'2019-05-02 07:21:30','2019-05-02 07:21:30'),(3052,429,'You\'ve got a new quote request.',0,'2019-05-02 07:21:32','2019-05-02 07:21:32'),(3053,421,'Our Service Provider has accepted your request and will contact you shortly.',0,'2019-05-02 07:21:51','2019-05-02 07:21:51'),(3054,429,'Your quotation has been declined by customer.',0,'2019-05-02 07:23:09','2019-05-02 07:23:09'),(3055,425,'You\'ve got a new quote request.',0,'2019-05-06 06:31:36','2019-05-06 06:31:36'),(3056,429,'You\'ve got a new quote request.',0,'2019-05-06 06:31:38','2019-05-06 06:31:38'),(3057,450,'Our Service Provider has accepted your request and will contact you shortly.',0,'2019-05-06 06:31:49','2019-05-06 06:31:49'),(3058,425,'Your quotation has been approved by customer.',0,'2019-05-06 06:36:44','2019-05-06 06:36:44'),(3059,551,'You\'ve got a new quote request.',0,'2019-05-06 06:42:37','2019-05-06 06:42:37'),(3060,425,'You\'ve got a new quote request.',0,'2019-05-07 04:58:05','2019-05-07 04:58:05'),(3061,429,'You\'ve got a new quote request.',0,'2019-05-07 04:58:06','2019-05-07 04:58:06'),(3062,421,'Our Service Provider has accepted your request and will contact you shortly.',0,'2019-05-07 04:58:29','2019-05-07 04:58:29'),(3063,429,'Your quotation has been approved by customer.',0,'2019-05-07 05:17:44','2019-05-07 05:17:44'),(3064,429,'Your quotation has been approved by customer.',0,'2019-05-07 05:18:30','2019-05-07 05:18:30'),(3065,429,'Your quotation has been approved by customer.',0,'2019-05-07 05:18:43','2019-05-07 05:18:43'),(3066,425,'You\'ve got a new quote request.',0,'2019-05-07 05:20:33','2019-05-07 05:20:33'),(3067,429,'You\'ve got a new quote request.',0,'2019-05-07 05:20:34','2019-05-07 05:20:34'),(3068,421,'Our Service Provider has accepted your request and will contact you shortly.',0,'2019-05-07 05:20:50','2019-05-07 05:20:50'),(3069,429,'Your quotation has been approved by customer.',0,'2019-05-07 05:26:38','2019-05-07 05:26:38'),(3070,429,'Your quotation has been approved by customer.',0,'2019-05-07 05:27:31','2019-05-07 05:27:31'),(3071,429,'Your quotation has been approved by customer.',0,'2019-05-07 05:27:46','2019-05-07 05:27:46'),(3072,425,'You\'ve got a new quote request.',0,'2019-05-07 05:36:13','2019-05-07 05:36:13'),(3073,429,'You\'ve got a new quote request.',0,'2019-05-07 05:36:15','2019-05-07 05:36:15'),(3074,421,'Our Service Provider has accepted your request and will contact you shortly.',0,'2019-05-07 05:36:30','2019-05-07 05:36:30'),(3075,429,'Your quotation has been approved by customer.',0,'2019-05-07 05:37:25','2019-05-07 05:37:25'),(3076,425,'You\'ve got a new quote request.',0,'2019-05-07 05:38:49','2019-05-07 05:38:49'),(3077,429,'You\'ve got a new quote request.',0,'2019-05-07 05:38:50','2019-05-07 05:38:50'),(3078,421,'Our Service Provider has accepted your request and will contact you shortly.',0,'2019-05-07 05:39:18','2019-05-07 05:39:18'),(3079,429,'Your quotation has been approved by customer.',0,'2019-05-07 05:43:05','2019-05-07 05:43:05'),(3080,425,'You\'ve got a new quote request.',0,'2019-05-07 05:44:42','2019-05-07 05:44:42'),(3081,429,'You\'ve got a new quote request.',0,'2019-05-07 05:44:44','2019-05-07 05:44:44'),(3082,421,'Our Service Provider has accepted your request and will contact you shortly.',0,'2019-05-07 05:44:56','2019-05-07 05:44:56'),(3083,429,'Your quotation has been approved by customer.',0,'2019-05-07 05:46:06','2019-05-07 05:46:06'),(3084,421,'Our Service Provider has Checked in.',0,'2019-05-07 05:47:06','2019-05-07 05:47:06'),(3085,421,'Our Service Provider has Checked out.',0,'2019-05-07 05:47:08','2019-05-07 05:47:08'),(3086,429,'Our Service Provider has marked the job complete and is waiting for your approval.',0,'2019-05-07 05:47:09','2019-05-07 05:47:09'),(3087,425,'You\'ve got a new quote request.',0,'2019-05-07 05:49:55','2019-05-07 05:49:55'),(3088,429,'You\'ve got a new quote request.',0,'2019-05-07 05:49:56','2019-05-07 05:49:56'),(3089,425,'You\'ve got a new quote request.',0,'2019-05-07 05:51:34','2019-05-07 05:51:34'),(3090,429,'You\'ve got a new quote request.',0,'2019-05-07 05:51:35','2019-05-07 05:51:35'),(3091,421,'Our Service Provider has accepted your request and will contact you shortly.',0,'2019-05-07 05:51:45','2019-05-07 05:51:45'),(3092,429,'Your quotation has been approved by customer.',0,'2019-05-07 05:52:10','2019-05-07 05:52:10'),(3093,421,'Our Service Provider has Checked in.',0,'2019-05-07 05:52:19','2019-05-07 05:52:19'),(3094,421,'Our Service Provider has Checked out.',0,'2019-05-07 05:52:22','2019-05-07 05:52:22'),(3095,429,'Our Service Provider has marked the job complete and is waiting for your approval.',0,'2019-05-07 05:52:47','2019-05-07 05:52:47'),(3096,425,'You\'ve got a new quote request.',0,'2019-05-07 06:00:48','2019-05-07 06:00:48'),(3097,429,'You\'ve got a new quote request.',0,'2019-05-07 06:00:50','2019-05-07 06:00:50'),(3098,421,'Our Service Provider has accepted your request and will contact you shortly.',0,'2019-05-07 06:01:01','2019-05-07 06:01:01'),(3099,429,'Your quotation has been approved by customer.',0,'2019-05-07 06:01:37','2019-05-07 06:01:37'),(3100,421,'Our Service Provider has Checked in.',0,'2019-05-07 06:01:49','2019-05-07 06:01:49'),(3101,421,'Our Service Provider has Checked out.',0,'2019-05-07 06:01:50','2019-05-07 06:01:50'),(3102,429,'Our Service Provider has marked the job complete and is waiting for your approval.',0,'2019-05-07 06:01:52','2019-05-07 06:01:52'),(3103,425,'You\'ve got a new quote request.',0,'2019-05-07 07:19:06','2019-05-07 07:19:06'),(3104,429,'You\'ve got a new quote request.',0,'2019-05-07 07:19:07','2019-05-07 07:19:07'),(3105,421,'Our Service Provider has accepted your request and will contact you shortly.',0,'2019-05-07 07:24:20','2019-05-07 07:24:20'),(3106,429,'Your quotation has been approved by customer.',0,'2019-05-07 07:54:15','2019-05-07 07:54:15'),(3107,425,'You\'ve got a new quote request.',0,'2019-05-07 07:55:06','2019-05-07 07:55:06'),(3108,429,'You\'ve got a new quote request.',0,'2019-05-07 07:55:08','2019-05-07 07:55:08'),(3109,421,'Our Service Provider has accepted your request and will contact you shortly.',0,'2019-05-07 07:55:26','2019-05-07 07:55:26'),(3110,429,'Your quotation has been approved by customer.',0,'2019-05-07 07:56:44','2019-05-07 07:56:44'),(3111,603,'You\'ve got a new quote request.',0,'2019-05-07 08:12:46','2019-05-07 08:12:46'),(3112,604,'Our Service Provider has accepted your request and will contact you shortly.',0,'2019-05-07 08:14:10','2019-05-07 08:14:10'),(3113,603,'Your quotation has been approved by customer.',0,'2019-05-07 08:15:33','2019-05-07 08:15:33'),(3114,604,'Our Service Provider has Checked in.',0,'2019-05-07 08:16:08','2019-05-07 08:16:08'),(3115,604,'Our Service Provider has Checked out.',0,'2019-05-07 08:16:10','2019-05-07 08:16:10'),(3116,604,'Our Service Provider has Checked in.',0,'2019-05-07 08:16:14','2019-05-07 08:16:14'),(3117,604,'Our Service Provider has Checked out.',0,'2019-05-07 08:16:18','2019-05-07 08:16:18'),(3118,604,'Our Service Provider has Checked in.',0,'2019-05-07 08:16:20','2019-05-07 08:16:20'),(3119,604,'Our Service Provider has Checked out.',0,'2019-05-07 08:16:42','2019-05-07 08:16:42'),(3120,604,'Our Service Provider has Checked in.',0,'2019-05-07 08:16:52','2019-05-07 08:16:52'),(3121,604,'Our Service Provider has Checked out.',0,'2019-05-07 08:16:58','2019-05-07 08:16:58'),(3122,603,'Our Service Provider has marked the job complete and is waiting for your approval.',0,'2019-05-07 08:17:00','2019-05-07 08:17:00');
/*!40000 ALTER TABLE `notification` ENABLE KEYS */;
UNLOCK TABLES;

--
-- Table structure for table `notification_settings`
--

DROP TABLE IF EXISTS `notification_settings`;
/*!40101 SET @saved_cs_client     = @@character_set_client */;
/*!40101 SET character_set_client = utf8 */;
CREATE TABLE `notification_settings` (
  `id` int(10) unsigned NOT NULL AUTO_INCREMENT,
  `user_id` int(10) unsigned NOT NULL,
  `on_status_update_for_my_jobs` tinyint(1) NOT NULL DEFAULT '0',
  `on_status_update_for_my_quote` tinyint(1) NOT NULL DEFAULT '0',
  `plan_expires` tinyint(1) NOT NULL DEFAULT '0',
  `tenant_add_new_service_quote` tinyint(1) NOT NULL DEFAULT '0',
  `general_update` tinyint(1) NOT NULL DEFAULT '0',
  `enable_all` tinyint(1) NOT NULL DEFAULT '0',
  `created_at` timestamp NULL DEFAULT NULL,
  `updated_at` timestamp NULL DEFAULT NULL,
  PRIMARY KEY (`id`),
  KEY `notification_settings_user_id_foreign` (`user_id`),
  CONSTRAINT `notification_settings_user_id_foreign` FOREIGN KEY (`user_id`) REFERENCES `users` (`id`) ON DELETE CASCADE ON UPDATE CASCADE
) ENGINE=InnoDB AUTO_INCREMENT=2 DEFAULT CHARSET=utf8mb4 COLLATE=utf8mb4_unicode_ci;
/*!40101 SET character_set_client = @saved_cs_client */;

--
-- Dumping data for table `notification_settings`
--

LOCK TABLES `notification_settings` WRITE;
/*!40000 ALTER TABLE `notification_settings` DISABLE KEYS */;
INSERT INTO `notification_settings` VALUES (1,421,1,1,1,1,1,1,'2019-05-07 08:26:03','2019-05-07 08:26:03');
/*!40000 ALTER TABLE `notification_settings` ENABLE KEYS */;
UNLOCK TABLES;

--
-- Table structure for table `oauth_access_tokens`
--

DROP TABLE IF EXISTS `oauth_access_tokens`;
/*!40101 SET @saved_cs_client     = @@character_set_client */;
/*!40101 SET character_set_client = utf8 */;
CREATE TABLE `oauth_access_tokens` (
  `id` varchar(100) COLLATE utf8mb4_unicode_ci NOT NULL,
  `user_id` int(11) DEFAULT NULL,
  `client_id` int(10) unsigned NOT NULL,
  `name` varchar(191) COLLATE utf8mb4_unicode_ci DEFAULT NULL,
  `scopes` text COLLATE utf8mb4_unicode_ci,
  `revoked` tinyint(1) NOT NULL,
  `created_at` timestamp NULL DEFAULT NULL,
  `updated_at` timestamp NULL DEFAULT NULL,
  `expires_at` datetime DEFAULT NULL,
  PRIMARY KEY (`id`),
  KEY `oauth_access_tokens_user_id_index` (`user_id`)
) ENGINE=InnoDB DEFAULT CHARSET=utf8mb4 COLLATE=utf8mb4_unicode_ci;
/*!40101 SET character_set_client = @saved_cs_client */;

--
-- Dumping data for table `oauth_access_tokens`
--

LOCK TABLES `oauth_access_tokens` WRITE;
/*!40000 ALTER TABLE `oauth_access_tokens` DISABLE KEYS */;
INSERT INTO `oauth_access_tokens` VALUES ('00a9f7f00b1c71d31601e187c64d7f950f265da8839a54e71db53391095979af500434b7e08753e2',28,1,'MyApp','[]',0,'2019-03-29 04:45:59','2019-03-29 04:45:59','2020-03-29 04:45:59'),('00c7f4d727cff33f829b8b301c68b33ab615aaa57c690a0d9f9c377bfdec29aba7b97138d6cc76de',534,1,'MyApp','[]',0,'2019-04-22 09:03:39','2019-04-22 09:03:39','2020-04-22 09:03:39'),('00d5a0e26518af1a4cbf3972892394a095915613d30705bdd989377a31d1e43f3c9e127df6deecf0',450,1,'MyApp','[]',0,'2019-04-23 01:32:20','2019-04-23 01:32:20','2020-04-23 01:32:20'),('00fe460f266b57a906f865a09ccb113232e8b0e956b76a43e4720f12823d72ee9036150c705d3e11',148,1,'MyApp','[]',0,'2019-04-04 09:29:17','2019-04-04 09:29:17','2020-04-04 09:29:17'),('0162d127e739d2b9306aedc0c53b5f45fb77c922c5269ed87cfb4b0ac76c827b5bb8c8ddd88a07e3',557,1,'MyApp','[]',0,'2019-04-24 06:11:27','2019-04-24 06:11:27','2020-04-24 06:11:27'),('016aa5c5f1cc08d10c214ffd0782fbfde496bde0c779b2103170fa7f89f65eda0d6ae7a60e39dfec',89,1,'MyApp','[]',0,'2019-03-26 12:29:41','2019-03-26 12:29:41','2020-03-26 12:29:41'),('01b8e33ac18e1b4e61ebf483835fb7c35c5b58def37635f1c0f6ecdcbd62d2d5f39deabc9a29651b',539,1,'MyApp','[]',0,'2019-04-23 05:33:12','2019-04-23 05:33:12','2020-04-23 05:33:12'),('01ed24f0367fd631730a8038fb55fd92976b2cfee4e62a9743fa27fdd5dd83a61a60eb014047a498',573,1,'MyApp','[]',0,'2019-04-27 07:01:12','2019-04-27 07:01:12','2020-04-27 07:01:12'),('02b3ce6d750fecaed45b5c58a02f0b1b71f9277e9de5bbac76b54869b0c4490c336cf17ec4256160',421,1,'MyApp','[]',0,'2019-04-22 05:36:44','2019-04-22 05:36:44','2020-04-22 05:36:44'),('02db923090ecd3166d2126cf103a2ec1124fdb4e9a08a22085cda8e917700a85e73a6695209cb7ec',450,1,'MyApp','[]',0,'2019-04-23 05:23:40','2019-04-23 05:23:40','2020-04-23 05:23:40'),('030ec1b155ccb88f6881eb3c2b7d995b85125a400b6cfdcc846ea213d108ddb89f057e2d7e04b35a',155,1,'MyApp','[]',0,'2019-04-01 06:10:50','2019-04-01 06:10:50','2020-04-01 06:10:50'),('03c286232f1337106c7225a0898b0b4511aefbca73cb893a880fac06f88be40a60872a01c35969d9',421,1,'MyApp','[]',0,'2019-05-01 06:40:13','2019-05-01 06:40:13','2020-05-01 06:40:13'),('03ed6b8c325fa514ffced1b3ac9a2d3752ee205085af62de2373f55b6c3ab2053467e648191e4b53',554,1,'MyApp','[]',0,'2019-04-24 09:01:37','2019-04-24 09:01:37','2020-04-24 09:01:37'),('04305548c96563bab358211391745c919a604382c4eedfa6ef06567aaa96e2afbbcfe02979cf162f',429,1,'MyApp','[]',0,'2019-04-23 07:39:17','2019-04-23 07:39:17','2020-04-23 07:39:17'),('0506cd5ffc47ef4bdac4bcdd7ba8e5173d5109c253874c9c31dafb7e60cdf26c1493dd3528f44c06',448,1,'MyApp','[]',0,'2019-04-10 10:44:23','2019-04-10 10:44:23','2020-04-10 10:44:23'),('0588fef534976d08988443607cb82185cc4eb960296c168626e9046fad1668ec4f5dfdcaee9fcc65',450,1,'MyApp','[]',0,'2019-04-11 01:19:05','2019-04-11 01:19:05','2020-04-11 01:19:05'),('058c1b5903a5d020a03daacda34f19c33df76da4a63c99aac4b00d8f4ffb953183a63a9b1f8b145a',421,1,'MyApp','[]',0,'2019-05-07 03:33:56','2019-05-07 03:33:56','2020-05-07 03:33:56'),('06f6b6f3bd926b518c23359f8c98d5e92a64e5af518c8cf28f12b2471f46aaa3733d8fe4df829293',435,1,'MyApp','[]',0,'2019-04-10 05:21:21','2019-04-10 05:21:21','2020-04-10 05:21:21'),('075548fa6341bf27921df0676d21c4b1206c425b30a68658a07b6447ae1b06ca3782021a5874d370',543,1,'MyApp','[]',0,'2019-04-23 07:59:37','2019-04-23 07:59:37','2020-04-23 07:59:37'),('079e5a2f4affb62a6942d5d45c9105ae43b22fa330de1e1eeb1961a614eb48f7b67464ac091d338e',429,1,'MyApp','[]',0,'2019-04-25 03:19:18','2019-04-25 03:19:18','2020-04-25 03:19:18'),('07b5e7c0b6acaf242587f044a53a0e5bd037de412a11df220cdb412f63179ca267b6ca2ddc7f3bf4',421,1,'MyApp','[]',0,'2019-05-07 01:03:42','2019-05-07 01:03:42','2020-05-07 01:03:42'),('07f3a2025a99216dd1757af13d48930e058fc20ecf57711eb50da44859b4d46fb1c70c15400ac53e',456,1,'MyApp','[]',0,'2019-04-11 04:56:58','2019-04-11 04:56:58','2020-04-11 04:56:58'),('082ce32f9d62caf43c70f6df5b32689b5e706ea0d64748c89f09878a4fda17d49c3a50623703ec12',478,1,'MyApp','[]',0,'2019-04-16 05:18:45','2019-04-16 05:18:45','2020-04-16 05:18:45'),('0897c73e80e561938d54f531ce92fc7f8873e36c78e7aeb0e54effe8f5fed81637a114102f76a56b',421,1,'MyApp','[]',0,'2019-04-25 07:37:21','2019-04-25 07:37:21','2020-04-25 07:37:21'),('09832dc3ee6699d14aaf12741dcd7b93f97caf2f5997d38e0a8982b169b8ef40ae445d08de604dfb',421,1,'MyApp','[]',0,'2019-04-24 10:15:12','2019-04-24 10:15:12','2020-04-24 10:15:12'),('09b1ae42ea6186d9b117b9feb12a4ad9b745a8e232dd67f4bcde8fac8dc51b96623226986de30c09',180,1,'MyApp','[]',0,'2019-04-03 05:12:39','2019-04-03 05:12:39','2020-04-03 05:12:39'),('09d7c12712114dc34fd7e8a84f916e8f80ddbb2fbbedfcbf425438a22098b6eecb920e8c50dd278d',17,1,'MyApp','[]',0,'2019-03-28 06:17:00','2019-03-28 06:17:00','2020-03-28 06:17:00'),('09e05968cde021e1cae6faa9a9f0d7fbcd30228665c8b2f3f9d636f6b6eea75a323ade279ffb02a8',17,1,'MyApp','[]',0,'2019-03-22 06:20:06','2019-03-22 06:20:06','2020-03-22 06:20:06'),('0a6da58faa8cf10db141739c11e7be2f3effda826686a7ce051c953f1080ae31da577b28584f3a06',429,1,'MyApp','[]',0,'2019-04-26 02:13:33','2019-04-26 02:13:33','2020-04-26 02:13:33'),('0aa36a76b45dfbd19b128d3044d49603b73cd00b5155607bc807da1d7632af0e351216b2260536c2',560,1,'MyApp','[]',0,'2019-04-29 05:41:13','2019-04-29 05:41:13','2020-04-29 05:41:13'),('0afc5356a2a6d22b86ac60ddced3b469e0affa9539fb84f38a7971fdb99b678d260b1186750bea26',430,1,'MyApp','[]',0,'2019-04-10 03:57:10','2019-04-10 03:57:10','2020-04-10 03:57:10'),('0b38fd06ee5d0416b3d5dc2f9f9c3c3f91def47ac491c4f97106a7a6728c8180356603cf94dd83c8',429,1,'MyApp','[]',0,'2019-04-25 03:26:26','2019-04-25 03:26:26','2020-04-25 03:26:26'),('0b3e6e2ff38a8911d9d324b5f0ef90aa9af95a9c82073a21eb8f9d20b4a388c24878998eaec24dfa',339,1,'MyApp','[]',0,'2019-04-05 08:25:39','2019-04-05 08:25:39','2020-04-05 08:25:39'),('0bd391825132a9ab030c3f0fab5697280803c0b497d10d9b51d2399321e66a126ac5f9a452a5b98c',17,1,'MyApp','[]',0,'2019-03-26 12:02:04','2019-03-26 12:02:04','2020-03-26 12:02:04'),('0bd4c06260e8c2e9195db726e2e9af1c66dbfaf86494b7de81c231d75e90131bbd97c50598b265c7',375,1,'MyApp','[]',0,'2019-04-09 00:51:25','2019-04-09 00:51:25','2020-04-09 00:51:25'),('0bea774af74a4bf3ba2a4b0262f4baddc9c382a69062f5bc04a84e4c5c094b9a23b74e75472d409a',277,1,'MyApp','[]',0,'2019-04-05 01:58:44','2019-04-05 01:58:44','2020-04-05 01:58:44'),('0c3339e58042698a0237a482956cc324bdb01d66df75936a920da65786fcf7ad752ba2b4ba37d387',104,1,'MyApp','[]',0,'2019-03-26 15:32:59','2019-03-26 15:32:59','2020-03-26 15:32:59'),('0c3bfca36d0322b505a12522d2cdadebd28e3f6daf2ed7860447d6ac5518fbfd0b8192f5887de8ed',452,1,'MyApp','[]',0,'2019-04-11 02:54:22','2019-04-11 02:54:22','2020-04-11 02:54:22'),('0c68572ce20cb78106b0c738840892e4235fee2ef71992154575a9f81f5ff06eed39606b6c90fa40',302,1,'MyApp','[]',0,'2019-04-05 04:38:36','2019-04-05 04:38:36','2020-04-05 04:38:36'),('0c78f536c9eda8736688162f28d1e53903dfc8f5aad78d3a068361af8223834db042551036f91323',27,1,'MyApp','[]',0,'2019-03-22 11:08:09','2019-03-22 11:08:09','2020-03-22 11:08:09'),('0ce2a924c321141946dba9bbe94ae4fbbf6e593db883a59452d7950f85013b27e99ea5d2acd8bcab',450,1,'MyApp','[]',0,'2019-04-30 02:03:09','2019-04-30 02:03:09','2020-04-30 02:03:09'),('0d05af765eb5559b027ada135b3ea4c68af7b98f7a24e9a027cbea7e8e93874c1ccf60905da50357',336,1,'MyApp','[]',0,'2019-04-05 08:19:15','2019-04-05 08:19:15','2020-04-05 08:19:15'),('0d2d9c32082aeca4c2217952cd6a4ea1826242a6504681139819942b954fb1a1dd682cd0a05d8bcf',479,1,'MyApp','[]',0,'2019-04-16 10:17:12','2019-04-16 10:17:12','2020-04-16 10:17:12'),('0d3fd0f2feb5f26f485b74c9eebca9ea6c00e38b74c45b7f4b6145fae57a08de8332c57a6e031836',414,1,'MyApp','[]',0,'2019-04-09 08:33:35','2019-04-09 08:33:35','2020-04-09 08:33:35'),('0d793fcbc465bc9e788b69e9ed58611199b93488b6e83137269de19b17def8a6548b1f6cd5946cc5',425,1,'MyApp','[]',0,'2019-04-17 07:16:30','2019-04-17 07:16:30','2020-04-17 07:16:30'),('0e64cf2e19d0836772ddb9d53546813395a4a3d3c866e0381cc1f937deb3fb75d69582270a63d09c',294,1,'MyApp','[]',0,'2019-04-05 03:39:57','2019-04-05 03:39:57','2020-04-05 03:39:57'),('0ec269c3d3527fc97ce96c37958de1710355538b59aa2e660caa38030ed887243a5a75935ce2f8bd',386,1,'MyApp','[]',0,'2019-04-09 02:07:24','2019-04-09 02:07:24','2020-04-09 02:07:24'),('0ee2c8397fcdead790c4236919997d1c98f52a5539561cc5a4af745cd19773fa81493e4c45420718',571,1,'MyApp','[]',0,'2019-04-27 02:37:43','2019-04-27 02:37:43','2020-04-27 02:37:43'),('0ef08b624bce3d6626ad894526b583e1098b0b958c646c1bdb04137fd3605e634c9c2893ce916ade',425,1,'MyApp','[]',0,'2019-04-30 02:05:23','2019-04-30 02:05:23','2020-04-30 02:05:23'),('0f143162403736257a3b280c278b990b33f1a661690b83886e6bdbc7dc702e577535e81e1a7d7e7b',421,1,'MyApp','[]',0,'2019-04-23 02:11:42','2019-04-23 02:11:42','2020-04-23 02:11:42'),('0fd57cb4fb10daadf7323465693d5feedb71e3e0e3afddf073298b15280c654c86502bd357ab02e7',502,1,'MyApp','[]',0,'2019-04-17 02:11:35','2019-04-17 02:11:35','2020-04-17 02:11:35'),('10230ebf9fb60931715b1fb27393e11b22326594edde8ac33043c0758ba0e1045f2e2086d59227cb',425,1,'MyApp','[]',0,'2019-04-13 02:10:10','2019-04-13 02:10:10','2020-04-13 02:10:10'),('104cdb75d76716a2f7ac6628cf405cbe596afdb27185296e2654c2c96a5eee57963fc5aee026f143',124,1,'MyApp','[]',0,'2019-04-02 03:05:04','2019-04-02 03:05:04','2020-04-02 03:05:04'),('1146fa14e32dfbefea49e78188059ea68c3ab64fa56db147357582cd44db6409ae0e75d6cebebf31',573,1,'MyApp','[]',0,'2019-04-27 04:38:18','2019-04-27 04:38:18','2020-04-27 04:38:18'),('11618e0eb01fec90dfc8a36fdcbbefe83a2c83e28975e63dc0a1985ac213fbba2c8b7ef97c4db011',504,1,'MyApp','[]',0,'2019-04-17 05:18:49','2019-04-17 05:18:49','2020-04-17 05:18:49'),('11d1281699138b279cae4d92c44b472ee4d3c775788cd526cb08a96595190b66916a2ec0b528958c',429,1,'MyApp','[]',0,'2019-04-16 06:29:08','2019-04-16 06:29:08','2020-04-16 06:29:08'),('12523a58b87ba6a0235e82185f2a0899ae73622183ed25a93fc6fa9b058895d1acc2bf6995d63316',596,1,'MyApp','[]',0,'2019-04-30 02:07:04','2019-04-30 02:07:04','2020-04-30 02:07:04'),('12608db09459e470f820bfafd6b4e850449cff921e4a0e11eca6af56de6395b8969e52b5de8dd092',425,1,'MyApp','[]',0,'2019-04-26 07:41:00','2019-04-26 07:41:00','2020-04-26 07:41:00'),('12cbc8f8fae8d367d09e8a9e53cd26696295b4e1318e3ef773ebb956f14a764b575e6fad55c59ec9',30,1,'MyApp','[]',0,'2019-03-23 10:04:38','2019-03-23 10:04:38','2020-03-23 10:04:38'),('12e11d2e56267df18a07ea943fb395ed25f56358fac43941e2cc64573e88b98f431ef17265053568',405,1,'MyApp','[]',0,'2019-04-09 07:32:01','2019-04-09 07:32:01','2020-04-09 07:32:01'),('130eb3253d6b7b18105cd53d9e7b4bbf3efc458e200868a43d2355edcea9a8e862621f658fc9bebb',421,1,'MyApp','[]',0,'2019-04-11 01:10:25','2019-04-11 01:10:25','2020-04-11 01:10:25'),('131d34082a562e551ba8444dc23a5a03e99b311c810cd5021a2c2c22bf7539b1714850fdd231bf93',546,1,'MyApp','[]',0,'2019-04-23 08:09:29','2019-04-23 08:09:29','2020-04-23 08:09:29'),('1387a92a976b3720bbe120b31c25d6671ff059f2a80a4124eb5b94959a72930ecc349620bc07566d',425,1,'MyApp','[]',0,'2019-04-11 01:39:48','2019-04-11 01:39:48','2020-04-11 01:39:48'),('13a3e58bbb426344d509827d1750611b9fa27bdb902d8e691ce8e4d5b1bb13312307d41513c17b37',270,1,'MyApp','[]',0,'2019-04-04 09:17:17','2019-04-04 09:17:17','2020-04-04 09:17:17'),('13bfd7908ab6f669002b513961daaec60007cf7494bdfc051cb26a08492e5b19c52f2f9c13f898c9',594,1,'MyApp','[]',0,'2019-05-01 06:08:10','2019-05-01 06:08:10','2020-05-01 06:08:10'),('13c36d43b1725bcdfea27aa0431d79cc8bf59a0ca9d6575638384fee87354972e0044cdc0d221417',429,1,'MyApp','[]',0,'2019-04-10 02:36:43','2019-04-10 02:36:43','2020-04-10 02:36:43'),('140cb69b9238249470085ce06223ce0cddaf73b6a8509929f606450229146677b0aa879631e6b620',385,1,'MyApp','[]',0,'2019-04-09 01:44:01','2019-04-09 01:44:01','2020-04-09 01:44:01'),('14574ae1207a97a2d87757d57d58feebe479aea34929a195107bace584067b8decfe2ce4da2cf8e6',274,1,'MyApp','[]',0,'2019-04-05 02:28:16','2019-04-05 02:28:16','2020-04-05 02:28:16'),('147db957916bcb145d995b5a178656704075d0e000d00ae948d6070fefca9412dfb93aec4cd69f47',597,1,'MyApp','[]',0,'2019-04-30 08:40:09','2019-04-30 08:40:09','2020-04-30 08:40:09'),('1485545cd258a26ab99b26ceae668dc1c1811acc821299736a5d7182557dcb19e6d419fc8b80c431',412,1,'MyApp','[]',0,'2019-04-09 08:09:07','2019-04-09 08:09:07','2020-04-09 08:09:07'),('150b2ce926939898b0f136546957f4428fbc6a7990071a8283a8bc1337db588c88a090d28bb7c826',429,1,'MyApp','[]',0,'2019-05-01 05:14:13','2019-05-01 05:14:13','2020-05-01 05:14:13'),('156c798acb7c7d4e6605ac2f0786c982f94a08d08ac88c4814e69626e25862ac704aa436bfbb6641',21,1,'MyApp','[]',0,'2019-03-22 11:02:08','2019-03-22 11:02:08','2020-03-22 11:02:08'),('15b3b7da1f3a48b998660581308fd63d6b52a85a5430f67914d2fb43882bc74322b2ace779e352ab',343,1,'MyApp','[]',0,'2019-04-05 08:38:25','2019-04-05 08:38:25','2020-04-05 08:38:25'),('15c22c8ecc396f2905668378696e0eb31bc6d03278ca33a6c7e99b636f000842629114c39410f2ff',89,1,'MyApp','[]',0,'2019-04-01 06:01:20','2019-04-01 06:01:20','2020-04-01 06:01:20'),('15f6a5bed1682b2797b23e0e7d596a444d615b3dfa0bd58fd20532fc8cc9f93e36e21f345f901a80',438,1,'MyApp','[]',0,'2019-04-10 08:25:01','2019-04-10 08:25:01','2020-04-10 08:25:01'),('1621e333cefb3e617909909d7b82d3910db351af0b3e50bc9f4642c1924c276e102e99f4705c672c',387,1,'MyApp','[]',0,'2019-04-09 01:48:35','2019-04-09 01:48:35','2020-04-09 01:48:35'),('16223cb7b15eb62b3e1c3f343b0bb1a2001a79ddf486c658e187510c69e55b72df891cfe0c669436',419,1,'MyApp','[]',0,'2019-04-09 12:36:05','2019-04-09 12:36:05','2020-04-09 12:36:05'),('1623a59eb8a86b040d78ae5ef0cc612777d39f7572f69e33769f89a0ffba44dfae2c96859ad081d6',142,1,'MyApp','[]',0,'2019-04-02 04:46:19','2019-04-02 04:46:19','2020-04-02 04:46:19'),('165723eba6fab9b79601f4231225ef26d235477c592ede94785419a0dea21e91005ece7f152dc6f8',421,1,'MyApp','[]',0,'2019-04-22 05:30:36','2019-04-22 05:30:36','2020-04-22 05:30:36'),('1671f5881e3feb6022f7d3538046efa5bed700c4d48e0e9b957f550dd80d9829a035c9c66bbc054e',139,1,'MyApp','[]',0,'2019-03-27 07:59:41','2019-03-27 07:59:41','2020-03-27 07:59:41'),('169b182a9fb866e5c4bc6396d47f33c437b04f8a90ffa16095db505f6065468ae3d05518d33bf304',148,1,'MyApp','[]',0,'2019-04-02 07:23:12','2019-04-02 07:23:12','2020-04-02 07:23:12'),('16f2f290da8a710be7131f8a116c1f220e41a671ba909fe33eabf641fe4c9cb2270eaaaa4e7d04d0',425,1,'MyApp','[]',0,'2019-04-13 06:07:51','2019-04-13 06:07:51','2020-04-13 06:07:51'),('16fb2132d9a4d9e18bfcd34260c0ca1ff0433efa965c8e3b697ecc0ba53646c002113c4b19ddaf1f',594,1,'MyApp','[]',0,'2019-04-30 06:41:23','2019-04-30 06:41:23','2020-04-30 06:41:23'),('173ece2ad2621cb3c1d7fb0dd5cd67d2cd8c2e2e65909e635513919baf9927f4f85fc0acff8d6faf',17,1,'MyApp','[]',0,'2019-03-26 12:41:44','2019-03-26 12:41:44','2020-03-26 12:41:44'),('178703ac3c87aa6333b7842ea9c201fd10cdf1a3a761b630fd85a9eaf75cb46de2c0e63b4bf4fa44',507,1,'MyApp','[]',0,'2019-04-22 08:33:16','2019-04-22 08:33:16','2020-04-22 08:33:16'),('17ff56bcf032b6bbb6ea4504b4d3a971900ddfa028b3c17b921a737f2645b5829775e3277ba82459',532,1,'MyApp','[]',0,'2019-04-22 08:35:20','2019-04-22 08:35:20','2020-04-22 08:35:20'),('18795af762529c3d6731fc2e33ef9d193aeb31b648ca374e15ab569558595708a6e9af5e30ce9bee',17,1,'MyApp','[]',0,'2019-03-27 00:42:30','2019-03-27 00:42:30','2020-03-27 00:42:30'),('187f14a0b370a931e4cc69cdca84aa6ca6286cab8a9136216626ba1d731f8e6723518ed8bf870db9',87,1,'MyApp','[]',0,'2019-03-26 11:26:08','2019-03-26 11:26:08','2020-03-26 11:26:08'),('1897cd38a2de44add78ef02f37020782cdf73d9cb89e42f5e4ce8d8b878f499b23b2db72739276dd',89,1,'MyApp','[]',0,'2019-03-27 07:19:35','2019-03-27 07:19:35','2020-03-27 07:19:35'),('18c3907146c82a0efc90fa395863795eca25c242af5b2d52749ffe63068fcbddebc0a41a6c248b1b',418,1,'MyApp','[]',0,'2019-04-09 09:31:07','2019-04-09 09:31:07','2020-04-09 09:31:07'),('18de8746845b85410a70297edbc4d4b02247dfcb8baa620297dd2e89d8f5e11f5e3aee95898ca290',106,1,'MyApp','[]',0,'2019-03-26 15:46:31','2019-03-26 15:46:31','2020-03-26 15:46:31'),('18f2f13e39e3a1bc723543019acafd945415bc9a16654f4246d5b5177ce648e5580861e7ff8c9302',349,1,'MyApp','[]',0,'2019-04-08 02:51:01','2019-04-08 02:51:01','2020-04-08 02:51:01'),('1a011afc6a4989da12f92ce23cbaeda2de1f68495892be8df417795ff16506de01656e7924850109',14,1,'MyApp','[]',0,'2019-03-25 14:05:49','2019-03-25 14:05:49','2020-03-25 14:05:49'),('1a1a8e76f825bbbb4340f6c8b9e403a650e61bddb9d49ce261499ff27abd5b897edf8d9311d98421',507,1,'MyApp','[]',0,'2019-04-22 08:25:35','2019-04-22 08:25:35','2020-04-22 08:25:35'),('1a1b72ec3a5fc4f9e7f253d0146ac14ba4d6941887988c6d4715729b45af6dc8af07098e1e3c54a6',425,1,'MyApp','[]',0,'2019-05-02 00:40:23','2019-05-02 00:40:23','2020-05-02 00:40:23'),('1a3e265043839e61e960af01fcdefb5a3915a5d8756f455f09ed86ab032adb4be05cebdcede466b0',369,1,'MyApp','[]',0,'2019-04-08 08:18:56','2019-04-08 08:18:56','2020-04-08 08:18:56'),('1a7af5bf5357716bc6be24a0d741176870a1f96171cf6fe5619e3383dc126e732afd7b98dde57380',593,1,'MyApp','[]',0,'2019-04-29 09:17:41','2019-04-29 09:17:41','2020-04-29 09:17:41'),('1a84d48505c24c015c2cc94ac81261b60d686149a68cc3334bd9726be1c276b24ef746c851e713fd',421,1,'MyApp','[]',0,'2019-04-10 00:36:23','2019-04-10 00:36:23','2020-04-10 00:36:23'),('1b6268c121cd8d23d0323574a6f2d9eb67dc78fdd08977dc50a105a698bb678bcdd8b8d162f22187',361,1,'MyApp','[]',0,'2019-04-08 06:22:41','2019-04-08 06:22:41','2020-04-08 06:22:41'),('1bbfdb62343c273473432fbb50661b2bf44b006d1172fb39d345b4ad118a01a90a210366503ad0c2',340,1,'MyApp','[]',0,'2019-04-05 08:27:31','2019-04-05 08:27:31','2020-04-05 08:27:31'),('1bd67c726dc38f6567001ff8447eb4309efadf9dbc4dd5b8ffe452ab32fff2686d5d0cc089db7566',176,1,'MyApp','[]',0,'2019-04-02 05:07:51','2019-04-02 05:07:51','2020-04-02 05:07:51'),('1c1fff431d0603b85fb95b0e44202472312ff94c1b27fadb39663bfc9512cec0798ee546558c0ce8',88,1,'MyApp','[]',0,'2019-03-27 06:22:39','2019-03-27 06:22:39','2020-03-27 06:22:39'),('1ccf036923492cec97b10023b95ff5bf0d5daa2244a9cda8ea5907f28f00bf7059de3edfb111c5cb',425,1,'MyApp','[]',0,'2019-04-24 02:28:57','2019-04-24 02:28:57','2020-04-24 02:28:57'),('1cfc1dd64ac80ff4bc6db4f58815e3f797e146cee994915e8ed2cd43381780fc85273b786cae5e10',421,1,'MyApp','[]',0,'2019-05-07 03:30:50','2019-05-07 03:30:50','2020-05-07 03:30:50'),('1d7bfa80d19a7eb43beec45ee66f815da0a90fad1ce73fa2fd39289d6905ae031f7f699227521808',429,1,'MyApp','[]',0,'2019-04-25 03:23:41','2019-04-25 03:23:41','2020-04-25 03:23:41'),('1d8f1d3b737d73563b5b4b19c9ca3c5621acf3c83ecfc301db7d93f5db052e6c82bb14e1259dc735',353,1,'MyApp','[]',0,'2019-04-09 03:23:59','2019-04-09 03:23:59','2020-04-09 03:23:59'),('1da19397f7702b720e202d645cd2306887291f6c3803c179687c84470de441ce759d299cc742fe48',74,1,'MyApp','[]',0,'2019-03-26 10:32:51','2019-03-26 10:32:51','2020-03-26 10:32:51'),('1da840b21597739e4e0ce56132a114b121e015857ccce9d4c210811479d353e91df202b5a3b3aca4',429,1,'MyApp','[]',0,'2019-04-17 06:46:23','2019-04-17 06:46:23','2020-04-17 06:46:23'),('1f133d332511b061683c97527dcfb70a46e6bc7d9fe2fbc955e5399e13a7673b8479bcdcefa338f4',421,1,'MyApp','[]',0,'2019-04-19 05:30:23','2019-04-19 05:30:23','2020-04-19 05:30:23'),('1f1bb22c17c68adb0f92cc03aa5e6176e62c6fc8231de80f5f194dce89f1c54a6a76cf93e8091ef7',357,1,'MyApp','[]',0,'2019-04-08 03:24:50','2019-04-08 03:24:50','2020-04-08 03:24:50'),('1f57dfef2f467bd190e51db7e1af10fd37947770d10f545675d7fe615c279fa6b52303d56323c144',450,1,'MyApp','[]',0,'2019-05-03 02:07:39','2019-05-03 02:07:39','2020-05-03 02:07:39'),('1fa2bbf6c1878dbe9df3110981ed1bc3fa7b47736de5fdb84bed0fa05b0a71fe1782db8266f62f5c',139,1,'MyApp','[]',0,'2019-03-27 07:54:06','2019-03-27 07:54:06','2020-03-27 07:54:06'),('1fd8add68f5e58fe96c88633e376e2938a6df88088d60a6cd8c708d1f48293070bc61a6df9433d19',421,1,'MyApp','[]',0,'2019-04-10 03:09:35','2019-04-10 03:09:35','2020-04-10 03:09:35'),('200afae6cdf9cea9425ae930c7b3e15c544fd08ebae7050a7a6cff70a53546689cdb27259be2a123',421,1,'MyApp','[]',0,'2019-04-16 02:41:13','2019-04-16 02:41:13','2020-04-16 02:41:13'),('201309d10f698fdeecc84cf7000949456d3aadb0f17c98bc6e1dbcf6d7c691edf02dd03b23b92d30',21,1,'MyApp','[]',0,'2019-03-22 11:01:30','2019-03-22 11:01:30','2020-03-22 11:01:30'),('208d8087dd01490b3c7ff5771e568b848a1025a5544b9f9703f1cb6defab21c8f81f4351914008ba',421,1,'MyApp','[]',0,'2019-04-12 09:30:13','2019-04-12 09:30:13','2020-04-12 09:30:13'),('20abb02102f627a81c50afef4e3739f5df0a620ec72cf98c6b70b7b0bd1e80451cf8e45a15189355',450,1,'MyApp','[]',0,'2019-04-30 02:05:28','2019-04-30 02:05:28','2020-04-30 02:05:28'),('20f0973f02491e990de2cfd85b0f7ece98dd9aee202846e8fab699c927e4c5217649b8ca0cab1ba8',596,1,'MyApp','[]',0,'2019-05-01 08:13:45','2019-05-01 08:13:45','2020-05-01 08:13:45'),('212834d0e48c1153fb589bf6033d0393012cb615ba99f9f1199c0b2bc60d39b7d971ed4b92345cfe',337,1,'MyApp','[]',0,'2019-04-05 08:26:48','2019-04-05 08:26:48','2020-04-05 08:26:48'),('22684559e782b36d1c015819fa3d5bc20485bed78821fe929b310bcd8a9c6518697692df5d46723f',450,1,'MyApp','[]',0,'2019-05-07 01:05:34','2019-05-07 01:05:34','2020-05-07 01:05:34'),('227d9dafff971252f384b3729fbcf73d0246a92d768fe59d491a37755943b3e0024b555fcc557dbc',421,1,'MyApp','[]',0,'2019-04-24 01:34:23','2019-04-24 01:34:23','2020-04-24 01:34:23'),('22924c0c51b7778bcb900698593d84305b6ed92824d255e9a9108c59bea18355422d3edd94527816',370,1,'MyApp','[]',0,'2019-04-09 08:17:25','2019-04-09 08:17:25','2020-04-09 08:17:25'),('22d4375664f094c587187c7cd8de6bef574b71b1a1a8515b15b28fda03a88aef7ae009672a2789ed',421,1,'MyApp','[]',0,'2019-04-11 08:35:02','2019-04-11 08:35:02','2020-04-11 08:35:02'),('230d548f6180b897f415b510624478a5e0efd626f9d2ea613a8af9376eba9679681c2522fc446474',176,1,'MyApp','[]',0,'2019-04-05 02:01:33','2019-04-05 02:01:33','2020-04-05 02:01:33'),('239ebcee019c6fa92ade8f959f5fc4c658bd3fb14e9f91e555ffb7028c99da0212e3a15f9297c2f9',550,1,'MyApp','[]',0,'2019-04-24 01:27:31','2019-04-24 01:27:31','2020-04-24 01:27:31'),('23f1e7fb16a82e4c8ff5c3c93e9bf48b452ec7d3ba9e1869c1deb786c8c880d932a6e7fb6347a5a0',275,1,'MyApp','[]',0,'2019-04-05 01:39:17','2019-04-05 01:39:17','2020-04-05 01:39:17'),('2465c37dc50b72f4e46a8374a2fd978b94989e214704bdd79cb563d839f2bd78518312a57c875574',434,1,'MyApp','[]',0,'2019-04-10 05:03:09','2019-04-10 05:03:09','2020-04-10 05:03:09'),('24ff0251abf769504fe5fc785312d5b836bd5cedf95caa6ddde2f5013a65456c4fa1f626d57bccc0',594,1,'MyApp','[]',0,'2019-05-01 05:43:56','2019-05-01 05:43:56','2020-05-01 05:43:56'),('2519d7f0a9de10552bbae639cfbe3b7d375fac5a562b8d5c63637a61262ff7849bf5cef717b6215e',421,1,'MyApp','[]',0,'2019-04-22 08:00:18','2019-04-22 08:00:18','2020-04-22 08:00:18'),('25264529ca32d4612dfd5eb9069ca90fa8bfca6313275502b0544688d97ad48f9768503a4db44585',450,1,'MyApp','[]',0,'2019-05-03 02:18:03','2019-05-03 02:18:03','2020-05-03 02:18:03'),('255f95b21df1840d2b007aeb668ac7114adcc5359a74d2574c8cf9c0eeac0ebe64d9125497dfe309',421,1,'MyApp','[]',0,'2019-04-12 08:47:39','2019-04-12 08:47:39','2020-04-12 08:47:39'),('25dcac87dda08b732b7c1d8485bf181f54b9fb29f34f147a69c68e38b06d5423a5a7fa0dd9059972',230,1,'MyApp','[]',0,'2019-04-05 07:57:12','2019-04-05 07:57:12','2020-04-05 07:57:12'),('25e07c078200f7e02ccefcb84b8dd85a05560f319065e0355e9484d944f86c9142136055cd3e0a4f',421,1,'MyApp','[]',0,'2019-05-07 02:34:52','2019-05-07 02:34:52','2020-05-07 02:34:52'),('26042b8f39ded2d83d09e77568996255838ad555d87e8ecd8fe915fe1e6e883ebabd28324701815d',458,1,'MyApp','[]',0,'2019-04-11 07:24:52','2019-04-11 07:24:52','2020-04-11 07:24:52'),('260ac9a41f39df627626b0ecfdccf52b209b1886f4522134aa9ff979663cbac6dbc89d30a18da888',429,1,'MyApp','[]',0,'2019-04-19 01:17:22','2019-04-19 01:17:22','2020-04-19 01:17:22'),('263128496e853882fccf7546b02ac3c4026faa5f44fb1bb8d31784b1a45ffcff73d78ae79701ae77',586,1,'MyApp','[]',0,'2019-04-29 10:17:17','2019-04-29 10:17:17','2020-04-29 10:17:17'),('26fb19677f51c27387aa3d022a2d46b9c3e455876330c1e0e9d92b1db60099fb5675462555f0a8fd',550,1,'MyApp','[]',0,'2019-04-24 04:34:43','2019-04-24 04:34:43','2020-04-24 04:34:43'),('26fd829b37e127583595069ba34f0075a3dfb2eb696e76c202a1876ba4106be35b56e1fe45802211',421,1,'MyApp','[]',0,'2019-04-19 05:28:33','2019-04-19 05:28:33','2020-04-19 05:28:33'),('27188775e95b75f99eab74e9c5ba31a5be1af4b27510f173ac6fa2ce374334d926ffcefdbe1bec45',21,1,'MyApp','[]',0,'2019-03-22 13:15:10','2019-03-22 13:15:10','2020-03-22 13:15:10'),('277db674729467428f5f2a82c1eb92f5ae394be1f8cfe2e3ce21a8d0470b50fafdb39f4712580b40',32,1,'MyApp','[]',0,'2019-03-23 10:09:16','2019-03-23 10:09:16','2020-03-23 10:09:16'),('27bd3ad923cbdafead98da9c3c5c26c5dfda90d9ee61c485bbb022404159305e93c95700a6caf588',557,1,'MyApp','[]',0,'2019-04-29 03:05:32','2019-04-29 03:05:32','2020-04-29 03:05:32'),('27dbf893196b576b0bd041b361637bdcbee907cabc6d6d29d0b74703da0552e2948a6226dec7b713',450,1,'MyApp','[]',0,'2019-04-24 00:57:22','2019-04-24 00:57:22','2020-04-24 00:57:22'),('286d0843f2b1fce64577568850e7df26a811e7f617f4dc0831502a04caa0f528d9aaf68ac3c0129e',425,1,'MyApp','[]',0,'2019-05-01 05:57:40','2019-05-01 05:57:40','2020-05-01 05:57:40'),('28d0bd09f7974e7e299404772d1351b5b64447dd23eef4822e2710bdab715de9055b88c893626bb3',381,1,'MyApp','[]',0,'2019-04-09 01:40:01','2019-04-09 01:40:01','2020-04-09 01:40:01'),('28e70615ed38ede8e47a9dee08dac3234fa180f8c58b0b0dc893c367c158301e84bb3ca499d57ea9',350,1,'MyApp','[]',0,'2019-04-08 02:51:56','2019-04-08 02:51:56','2020-04-08 02:51:56'),('29002afbeec9c98cb13ba60b0c36c7b50ec525622c358104e3a2d8afcc0c7eb117982a9348e0f640',561,1,'MyApp','[]',0,'2019-04-25 05:28:56','2019-04-25 05:28:56','2020-04-25 05:28:56'),('291f89d72c00abbd8143b9b99022fe218541b699240d44602fbff184fabdf1ab0de8fb905b4ee722',21,1,'MyApp','[]',0,'2019-03-25 12:10:02','2019-03-25 12:10:02','2020-03-25 12:10:02'),('295256c3fb676da59fada8fe1f34f52e9dca61db046675044561ac05dfe8bd0b169fb08523294cd5',17,1,'MyApp','[]',0,'2019-03-22 10:36:59','2019-03-22 10:36:59','2020-03-22 10:36:59'),('295c8dbf729979a6308c2179e4052b80bca71a1d1b2fd5d5486def6b5aa980b44be64047cbe61a82',416,1,'MyApp','[]',0,'2019-04-09 09:28:38','2019-04-09 09:28:38','2020-04-09 09:28:38'),('29659a42d0ebaa7415412f4e62729aae6dd803ba9e92db2739d685935b8c5ac21bcc39342e1f6c0b',425,1,'MyApp','[]',0,'2019-04-18 02:00:41','2019-04-18 02:00:41','2020-04-18 02:00:41'),('29f83beed08fe378b85a704d16519e79a423d11783e74211b96af77a9eb0e6711abecb2166365861',341,1,'MyApp','[]',0,'2019-04-05 08:35:05','2019-04-05 08:35:05','2020-04-05 08:35:05'),('2a46e19a854c15d3e34bbc01357f0a71c5aa8eb31bdff0140459f54591951affdba2bda83dd0adcf',399,1,'MyApp','[]',0,'2019-04-09 06:10:59','2019-04-09 06:10:59','2020-04-09 06:10:59'),('2a47d6dec91cb6e6b02c890e8c3305c8301543daa81adfaea0d107553e4d6bedaa21d3287c8685c5',89,1,'MyApp','[]',0,'2019-04-02 02:44:34','2019-04-02 02:44:34','2020-04-02 02:44:34'),('2a6aa9ef54c364ce06f43a6292ff88f657d3c4ef0adc58d825e3e0371a5154c0c49b2d2df32d0636',556,1,'MyApp','[]',0,'2019-04-24 03:59:12','2019-04-24 03:59:12','2020-04-24 03:59:12'),('2a77302e4e291e5f663f4b9379aebfd6a120bf00206f2e20dda9ea106e4c7b2c2ff90cc8e571b351',557,1,'MyApp','[]',0,'2019-04-29 02:04:45','2019-04-29 02:04:45','2020-04-29 02:04:45'),('2abe58abed08ae39e208c19f4d9480829f1abf23d26b0f118957799d2ec4bb597052f88c5bf285d7',421,1,'MyApp','[]',0,'2019-04-11 04:53:06','2019-04-11 04:53:06','2020-04-11 04:53:06'),('2b5ec6c1231707d906e230ff6b2323eabb6fab383c2cee8b1601468fd8f906513f551a3a21abf8de',89,1,'MyApp','[]',0,'2019-03-26 11:30:05','2019-03-26 11:30:05','2020-03-26 11:30:05'),('2bab6c839a476f4fec6b5a2020bb8f7fbaf78d9d64f0ee2898c7696f392c5f68803b85629d5920a5',542,1,'MyApp','[]',0,'2019-04-23 06:50:33','2019-04-23 06:50:33','2020-04-23 06:50:33'),('2c4135fe0fea122a5e28f92a4a204c9332a26cb18eeb171b44cae4bef87c96e266325140b05cb6a9',602,1,'MyApp','[]',0,'2019-05-07 01:28:49','2019-05-07 01:28:49','2020-05-07 01:28:49'),('2c9d7ac7c3c3ffbb779696984e1cf2da68cd428ee0867d427950f9a89d8497b9171f203f2f0fa5f5',386,1,'MyApp','[]',0,'2019-04-09 01:46:04','2019-04-09 01:46:04','2020-04-09 01:46:04'),('2ce46834ca0571d57ed75078d8f4df4396ebc025c71fda69c671ce65fdd82860cddf467ba14897e7',275,1,'MyApp','[]',0,'2019-04-05 01:26:52','2019-04-05 01:26:52','2020-04-05 01:26:52'),('2d97d4ce6de42a0930fa8047e3dd064763e6823839a622004ee7ef9e8786b3bf1b01a93b7a0e04d2',543,1,'MyApp','[]',0,'2019-04-23 10:05:56','2019-04-23 10:05:56','2020-04-23 10:05:56'),('2db0472d06a891449c07c0adce2347934ec016b1326b5e21780ad0f697d665ac80db2ced8ad4a32a',401,1,'MyApp','[]',0,'2019-04-09 07:13:14','2019-04-09 07:13:14','2020-04-09 07:13:14'),('2dd536e590b65df78dfadad43e12f3256fbe207a2761b5f9a267217b9ff7ae09eb9965dddcea12a8',15,1,'MyApp','[]',0,'2019-03-22 06:11:36','2019-03-22 06:11:36','2020-03-22 06:11:36'),('2ddaf21c86147818a80a79ef0d18a59ed445d90bacd971535133ac9bc7f492f2a2eee93c177f2d9b',417,1,'MyApp','[]',0,'2019-04-09 09:30:43','2019-04-09 09:30:43','2020-04-09 09:30:43'),('2dff39e71e31936cd44a366d83d2230f67a82c317bde745e69fbcbc523a5c1e7c3d1852b6f6ac77b',305,1,'MyApp','[]',0,'2019-04-05 04:45:53','2019-04-05 04:45:53','2020-04-05 04:45:53'),('2e259c661321760ac820612710d1e72010cbae73757c72a9de48290bbed1d3cb2c62598f31a0469f',429,1,'MyApp','[]',0,'2019-04-30 01:11:57','2019-04-30 01:11:57','2020-04-30 01:11:57'),('2e4a992aaab357d3a467821125c36b75f0c53a5157371e603491e07f66c1624b34005b7a37a848aa',421,1,'MyApp','[]',0,'2019-04-10 02:24:59','2019-04-10 02:24:59','2020-04-10 02:24:59'),('2e7f97c90b648bd75eee29743cd936593b2106d5dde6a27c2fe9569703a3935c5d7eeaf5b05f3216',450,1,'MyApp','[]',0,'2019-04-23 06:28:21','2019-04-23 06:28:21','2020-04-23 06:28:21'),('2e88c93ec36d968bb300e6149f5f20e5116802624b26aa50ed77157f2c5b451b89a8b114a60810f5',416,1,'MyApp','[]',0,'2019-04-09 22:00:48','2019-04-09 22:00:48','2020-04-09 22:00:48'),('2eeb1e1b87f2b22a02a51701cd5ddd2ad3f5ce139fe7321da0ac910abe5fbdfe647b9add7bceecc4',573,1,'MyApp','[]',0,'2019-04-27 05:05:25','2019-04-27 05:05:25','2020-04-27 05:05:25'),('2f5940d26a58e7c9825140118def8c34fd79c6d8e4ebdde5ec6845c8662ea3af5e48a421b51b34a3',425,1,'MyApp','[]',0,'2019-04-12 09:33:36','2019-04-12 09:33:36','2020-04-12 09:33:36'),('2f5a5db37ecdae296bdb2e1dfd1be9144a7e7aa556fcb7b7547650cb58aaabf68c4ac8fbc5d3b1d7',599,1,'MyApp','[]',0,'2019-05-01 08:29:01','2019-05-01 08:29:01','2020-05-01 08:29:01'),('302036cd693f138c1a32be8eda1c46b3f8f70c68bbf8db0ff44ae9392ed73b43140ea050e8ff7493',21,1,'MyApp','[]',0,'2019-03-22 10:40:42','2019-03-22 10:40:42','2020-03-22 10:40:42'),('30701ea8b31bde82867c95118e8dfb9a163612df5146264bf702726252d3c23d002a4801911efd04',425,1,'MyApp','[]',0,'2019-04-30 01:00:09','2019-04-30 01:00:09','2020-04-30 01:00:09'),('308bba78fd08fbf2b963a77d5fd74666d71da9adfeaa3d1e11423e0ce548fcfb8f6b0ce5f8d1fd60',18,1,'MyApp','[]',0,'2019-03-22 06:20:29','2019-03-22 06:20:29','2020-03-22 06:20:29'),('30a3f3e745dcd45f18691e0faecc0e136e10d803832190f400c41f7cc0b5a5997707bbd64c87ef42',101,1,'MyApp','[]',0,'2019-03-26 15:09:26','2019-03-26 15:09:26','2020-03-26 15:09:26'),('30e6fdc8ca0878d629987208ef731585f04d1872cebd9c9c7d81606d267be51e1a2097dbde112b46',474,1,'MyApp','[]',0,'2019-04-16 04:46:01','2019-04-16 04:46:01','2020-04-16 04:46:01'),('310349a2310eacc83aa64af4794b47b5b61eef0d8d289bfa0732f8562c77bdaf45fcc2cd88a93ec5',589,1,'MyApp','[]',0,'2019-04-29 05:37:02','2019-04-29 05:37:02','2020-04-29 05:37:02'),('315a8c363309c3c35ac51e401afe27b1fde2d98bb154783d49d2c5c617cc40ea853a2ebc4d7bed83',437,1,'MyApp','[]',0,'2019-04-10 07:40:14','2019-04-10 07:40:14','2020-04-10 07:40:14'),('31c305792bfbc6e8d72f959d38565aecc7bd4c6830474a6832c7ff410ea8db38ba030b300c436e63',432,1,'MyApp','[]',0,'2019-04-10 04:53:47','2019-04-10 04:53:47','2020-04-10 04:53:47'),('31e2ca513dd768367b1b761601552bd333f8ef6bcc5d99112c0c46c72d56c1b413a6e576e6a0fe48',371,1,'MyApp','[]',0,'2019-04-08 09:10:56','2019-04-08 09:10:56','2020-04-08 09:10:56'),('320352b862659eb2222250fab42ed2a4057b28a7bc34952e5d901914512515524e932ba5dcbfbd55',449,1,'MyApp','[]',0,'2019-04-10 10:54:45','2019-04-10 10:54:45','2020-04-10 10:54:45'),('329a5e59066435d08a600bee66fabc21b806d667726fca9a83e4b98160d0d81929b54de45ebe7a26',148,1,'MyApp','[]',0,'2019-04-05 05:06:08','2019-04-05 05:06:08','2020-04-05 05:06:08'),('32e22bf2832ea9dff698e2695d1f85eae212144a494e2c74543ca37e7dfeb90897d76951da65b182',421,1,'MyApp','[]',0,'2019-05-07 07:42:05','2019-05-07 07:42:05','2020-05-07 07:42:05'),('32e8e335398a17a8e55288e6f5dc5820229eb492811a1900e5210a32b3df2e808f36172fd8cc736b',314,1,'MyApp','[]',0,'2019-04-05 05:43:03','2019-04-05 05:43:03','2020-04-05 05:43:03'),('32f61cb3d76f5f3541ccadddca3c8011cdd7b7935c4503c20a921054d567d99a9668e7634d5bc910',337,1,'MyApp','[]',0,'2019-04-05 08:19:50','2019-04-05 08:19:50','2020-04-05 08:19:50'),('33319ab94f976be23f06301c3a995a55752b1978a56ee06ab9e74a6fd7da84819ca2d51a90827a78',440,1,'MyApp','[]',0,'2019-04-10 08:42:27','2019-04-10 08:42:27','2020-04-10 08:42:27'),('3342bfaef59bd7c830817e85f37d40f75faecfda33e0150b0d57d665ee9271b9e93e2591890aa99c',502,1,'MyApp','[]',0,'2019-04-17 02:10:03','2019-04-17 02:10:03','2020-04-17 02:10:03'),('3358addfa70bbc0d85d378c3f2533338de9a7cb83b7d71143c3cccf4be542c8d0d0a4592db409d37',429,1,'MyApp','[]',0,'2019-04-12 08:25:50','2019-04-12 08:25:50','2020-04-12 08:25:50'),('33dece8d1d5d1e04ec89be2d724fe9a72bfa993403977f039fbd22459184eefdf2661baeac615b99',425,1,'MyApp','[]',0,'2019-04-13 02:12:30','2019-04-13 02:12:30','2020-04-13 02:12:30'),('33e00b8cbc23d144422b3f045d4969f7bf1448cc90b26c952d492d18cb28a97826b18bbbda3c06f6',141,1,'MyApp','[]',0,'2019-03-27 07:58:19','2019-03-27 07:58:19','2020-03-27 07:58:19'),('341b21eda64a2349257551a29a54f717c140091cb0ca5bb5ab37635167ca5fb42482c66600804d23',422,1,'MyApp','[]',0,'2019-04-10 03:17:38','2019-04-10 03:17:38','2020-04-10 03:17:38'),('3478d505ec90d43948f58b02142ad302864cd885089d626165b1672e34bafdf8722d978ad0715a55',429,1,'MyApp','[]',0,'2019-04-30 02:01:04','2019-04-30 02:01:04','2020-04-30 02:01:04'),('3502c5039fca9df1a6eca7d7a80c8bdf7564eab3680c3348d4cbce2318eee68c171e42409d5aecc5',425,1,'MyApp','[]',0,'2019-04-12 09:32:56','2019-04-12 09:32:56','2020-04-12 09:32:56'),('35f28d4b68a7e95b4e0c0cc33b225bc53a2152bb57b51bbef49fc7bc62beaefbaa2204a0ea7d9098',155,1,'MyApp','[]',0,'2019-04-01 08:35:20','2019-04-01 08:35:20','2020-04-01 08:35:20'),('363da1b373b3b3f01019fc43d4a1d80160988e80b8cc2bfd4c5c05a7becd891e44b1d9b112b3f0df',557,1,'MyApp','[]',0,'2019-04-24 05:35:22','2019-04-24 05:35:22','2020-04-24 05:35:22'),('36cf5ab053666860b27ad8b10af92cef522c0b45087e88c9c4a8511099223a7f91bcef90a14245c3',560,1,'MyApp','[]',0,'2019-04-29 01:55:01','2019-04-29 01:55:01','2020-04-29 01:55:01'),('36e02971f9c4f2a961334d8806053c7088cad5541ad7b315c2c3724c1dd10fec9ffdb75ae1bbf3a6',277,1,'MyApp','[]',0,'2019-04-05 08:46:13','2019-04-05 08:46:13','2020-04-05 08:46:13'),('36fb4b15c6d1085f49a989a8c54c107cca66bca9ad81f2181bdd01a705471764bbc839cc5b018ca8',450,1,'MyApp','[]',0,'2019-04-25 02:57:08','2019-04-25 02:57:08','2020-04-25 02:57:08'),('372a050e30658feba17562fb577e8b1f140d4dd9e325401b1f072ba83805bfd245719b1c3c1b3374',450,1,'MyApp','[]',0,'2019-05-06 06:27:24','2019-05-06 06:27:24','2020-05-06 06:27:24'),('377181eb4827bdf24243141fc4408f11cb976ac7a6f76cad1920b0167b50032b69ba26a18c66e7d2',254,1,'MyApp','[]',0,'2019-04-03 08:18:38','2019-04-03 08:18:38','2020-04-03 08:18:38'),('379d93ed0f8e52704bc64338ee819e048953a49be4083fe572a45b821d0b3a7ca5c656bf66231f61',421,1,'MyApp','[]',0,'2019-05-07 03:10:47','2019-05-07 03:10:47','2020-05-07 03:10:47'),('37c2a20b8691d38c3d52960dbfafa6dd5c5856dc4e12996fc95fe152015587b5959860ab75dabc73',421,1,'MyApp','[]',0,'2019-05-07 08:29:58','2019-05-07 08:29:58','2020-05-07 08:29:58'),('37de2a6e1cc22f0794d554a1ce94fbb540e469313f7ad1af5aec012ad2ba7f6bf457ac50831ed7c3',429,1,'MyApp','[]',0,'2019-04-17 01:44:35','2019-04-17 01:44:35','2020-04-17 01:44:35'),('3817d6f16c87591483f5a542e21417170aac3c6636858c01eb05a8349da0d08823246220c6ee5ee6',429,1,'MyApp','[]',0,'2019-04-30 04:55:39','2019-04-30 04:55:39','2020-04-30 04:55:39'),('386ff4fc32e075cf0365331be2f177f9994a9f72d2daa249a18dd866396322abfb5f1184b7377150',88,1,'MyApp','[]',0,'2019-03-27 00:47:10','2019-03-27 00:47:10','2020-03-27 00:47:10'),('38ad603f560b001e1f1fc5532bb0fe49b081681304010a907c678870e399497640ccb7efca6f5b51',336,1,'MyApp','[]',0,'2019-04-08 02:58:39','2019-04-08 02:58:39','2020-04-08 02:58:39'),('38f4d93ca7857cdc8a5e3092ff332ad784682ab22f55f9058397acfe4661a76499a97e876efd4988',429,1,'MyApp','[]',0,'2019-04-29 02:42:36','2019-04-29 02:42:36','2020-04-29 02:42:36'),('394bbbf4ac59a0424f6f04e3e61093622e17cfb5eef2c20358db20261db4684ba8fbcb432b58ea06',425,1,'MyApp','[]',0,'2019-04-23 06:23:25','2019-04-23 06:23:25','2020-04-23 06:23:25'),('394d29d33bf29d436b06d862b76aefe901b08174c9439e113f1582ae3b1b643671a202c5db4904ce',354,1,'MyApp','[]',0,'2019-04-08 03:12:14','2019-04-08 03:12:14','2020-04-08 03:12:14'),('399e7221f07cf15339ffbdfb3d2142ea7a2d754b0d5830ebc094933c68c08db6af027e84815074c4',421,1,'MyApp','[]',0,'2019-05-07 06:50:57','2019-05-07 06:50:57','2020-05-07 06:50:57'),('39adace9bba63a23628edfcc3af59a8d04cbafded22b2483d39b59cfc603d8c9b9df13a05bf7e36b',421,1,'MyApp','[]',0,'2019-05-02 00:37:18','2019-05-02 00:37:18','2020-05-02 00:37:18'),('39d830d158ecb20ca4fed39d8d76124bd51e111c4c89c83ade1edd502ce95ea03041a54cb099462d',594,1,'MyApp','[]',0,'2019-05-02 03:21:19','2019-05-02 03:21:19','2020-05-02 03:21:19'),('39f9644193e83382ea5545a361b839c510462e6647a658ff21eeae60cb2a789c061cfd5045be4ec1',560,1,'MyApp','[]',0,'2019-04-26 09:32:58','2019-04-26 09:32:58','2020-04-26 09:32:58'),('3a302eaeb886dcd190c9f9087cc7789442d5dc252c7e3697959a64de5806a5134fc8ab5bb1fccba7',74,1,'MyApp','[]',0,'2019-03-25 18:38:26','2019-03-25 18:38:26','2020-03-25 18:38:26'),('3a39a18b4ab93bd73fbfbca219aa359856204eb97f9f40fe167f69ce8df93d56dfc8ad463b960929',98,1,'MyApp','[]',0,'2019-03-26 14:50:38','2019-03-26 14:50:38','2020-03-26 14:50:38'),('3a6634fa3a2f1b7f97cad9cd30670e164514300ed0a313610bf43b44d08392083e560ead5ed95ed5',373,1,'MyApp','[]',0,'2019-04-08 10:56:21','2019-04-08 10:56:21','2020-04-08 10:56:21'),('3a7e33853ad66c90489a167c7486b3b7df1f7122b36c35bafe6406e6c49445efcb375e92deee83a2',356,1,'MyApp','[]',0,'2019-04-08 03:22:09','2019-04-08 03:22:09','2020-04-08 03:22:09'),('3aa03845ec4e3c2a1d5d0ce9ed9fe9216c605899cf5158ae4cf01ba2d491e02126f4014bf0c1966d',439,1,'MyApp','[]',0,'2019-04-10 08:30:32','2019-04-10 08:30:32','2020-04-10 08:30:32'),('3ae328641cec3b3aa46b48a5b8c5f57933bc812b97e01566d1f00cbdea45e5562aa8684c3df62211',450,1,'MyApp','[]',0,'2019-04-16 10:16:18','2019-04-16 10:16:18','2020-04-16 10:16:18'),('3af666d21f085a8afe2f5514e4a6bb59ea90fc57f5b2c823a3a2d2d2f11abd1dafbb8a2a0e65bc07',586,1,'MyApp','[]',0,'2019-04-29 05:31:15','2019-04-29 05:31:15','2020-04-29 05:31:15'),('3b033c9c48eecf002eae7ace4f48a234ff8b059b4caf2f92569e5d00cf4c9e3d1f53504c1d6b152c',425,1,'MyApp','[]',0,'2019-04-22 07:42:20','2019-04-22 07:42:20','2020-04-22 07:42:20'),('3b1aa00409eedf3cbe713ea3465b1a1e741b13fe1c0ab533cc153c89ced254403820c24e108a6a61',507,1,'MyApp','[]',0,'2019-04-19 06:35:21','2019-04-19 06:35:21','2020-04-19 06:35:21'),('3b2eb74e75fb7cb4ef0d5f9414436f8802b0ba8be40f9ad4d051e6c7e2bd437739d8c2bd020a7418',14,1,'MyApp','[]',0,'2019-03-25 13:16:03','2019-03-25 13:16:03','2020-03-25 13:16:03'),('3b676569b9e8f7dffa27392e6846e2516b5f30371c6da6aa19d6d83de76acea431eaad52ef98bc78',440,1,'MyApp','[]',0,'2019-04-10 08:56:35','2019-04-10 08:56:35','2020-04-10 08:56:35'),('3be8639e7d0bae02e5d8d586eeb8495afd8bee6bfe79da04fdb3d77048075396e089daf455977f13',425,1,'MyApp','[]',0,'2019-05-06 06:31:04','2019-05-06 06:31:04','2020-05-06 06:31:04'),('3bf6fba1196f530a6b96dcd27d679c8115f77174c5d7e7854a02313c399ca1cb53e5400ddfa480b0',581,1,'MyApp','[]',0,'2019-04-27 07:19:21','2019-04-27 07:19:21','2020-04-27 07:19:21'),('3bf954798e922a0cd07d01abf2db6e19781d157b54de7a0025a18e57e04df306d8ab89ee574d1bc9',413,1,'MyApp','[]',0,'2019-04-09 08:21:50','2019-04-09 08:21:50','2020-04-09 08:21:50'),('3c1f82f6c6a618672b9f0b6137cd6ee8ca82e488d8522afe43e568f1e52c72b4f7caefbb329c0aa6',425,1,'MyApp','[]',0,'2019-04-24 00:57:43','2019-04-24 00:57:43','2020-04-24 00:57:43'),('3c53cc3fbc0d1687cca6f1193671d75ac7d8360172a726f83a8b417064c4ecf351d76a359efc8573',34,1,'MyApp','[]',0,'2019-03-23 10:28:37','2019-03-23 10:28:37','2020-03-23 10:28:37'),('3d512189dd211546fd6ee6064a1b3de09ebd14fb54b1b8b9ff14007bb0b59b73120e043bb225c3d1',17,1,'MyApp','[]',0,'2019-03-26 15:05:38','2019-03-26 15:05:38','2020-03-26 15:05:38'),('3d7dfa60132b0a19b0adc35ae82a501fd8713e459f7ece3d9a3e589f481e0a82b16e0ae323f946e0',349,1,'MyApp','[]',0,'2019-04-08 03:52:17','2019-04-08 03:52:17','2020-04-08 03:52:17'),('3df6caa0df882886b25b9cf96386193314feddfad5d61b20b43c0da36c274bfb5cc0caafa9c4f31c',435,1,'MyApp','[]',0,'2019-04-10 06:52:12','2019-04-10 06:52:12','2020-04-10 06:52:12'),('3e127e3e3ca06762216d2ffcb224647105ca503a73372b03c9cab567bce6bc569b7b16d402619ce6',373,1,'MyApp','[]',0,'2019-04-09 04:42:43','2019-04-09 04:42:43','2020-04-09 04:42:43'),('3e6df7c04d3e28f322570842b8b58123b95303d2312af36976ee51dd0a6dfe375e753caa46b7ddec',17,1,'MyApp','[]',0,'2019-03-27 05:55:48','2019-03-27 05:55:48','2020-03-27 05:55:48'),('3e86f834d8becf06ac99f3a4acf8ce9d4366d9ea82d428019022652e27321316b11225af5dc9f962',17,1,'MyApp','[]',0,'2019-03-26 11:33:06','2019-03-26 11:33:06','2020-03-26 11:33:06'),('3ed9c27e5349f4716d1088a02d26bbd4e022155accfe4844a3fa869a142d0bd22ad29ab62e710cd6',176,1,'MyApp','[]',0,'2019-04-03 01:22:58','2019-04-03 01:22:58','2020-04-03 01:22:58'),('3f1e16b5f75c920cca46b91b9df68f3ea7ecf8d028ff72868ddcd00f24cde9af9430951aed7ed377',88,1,'MyApp','[]',0,'2019-04-01 05:08:34','2019-04-01 05:08:34','2020-04-01 05:08:34'),('3fd53c782ee295775be80ceff7126ce4f3197c8cf5b71cc74808bb3d5b126f95d66a6dfb93df4c04',355,1,'MyApp','[]',0,'2019-04-08 03:15:10','2019-04-08 03:15:10','2020-04-08 03:15:10'),('3fe27ca391fff9d7adb9a03cea13e7f6388d7c37dc258e1923f4288a8fc74432c3b5fb65ce414bfe',28,1,'MyApp','[]',0,'2019-03-26 14:55:35','2019-03-26 14:55:35','2020-03-26 14:55:35'),('40825fb6d663b0961a238f2276a651f5e6822b458d0d1d125708ca3b599d89044731bdffdd691e6c',311,1,'MyApp','[]',0,'2019-04-05 05:19:11','2019-04-05 05:19:11','2020-04-05 05:19:11'),('40a27be7d5d7382a0de32bff20646fb3e7cd883522146219127252033a113ef37cec8a769566313a',450,1,'MyApp','[]',0,'2019-04-18 00:53:20','2019-04-18 00:53:20','2020-04-18 00:53:20'),('40a5d2e3c13f7437687421e71bf630935f29eeee8b1f1c6ed9701d9c3ca54b27b830d477f4b1c915',17,1,'MyApp','[]',0,'2019-03-22 13:33:54','2019-03-22 13:33:54','2020-03-22 13:33:54'),('40e077685de023459adff1a2358da744c5f8dfa831385ce975bcfb72788a46e7f3f036ef955f1b09',444,1,'MyApp','[]',0,'2019-04-10 09:28:33','2019-04-10 09:28:33','2020-04-10 09:28:33'),('4175b42932538910701963a64c4301e036ae7241d212871e387c625959ab3ef5c839702964d78616',421,1,'MyApp','[]',0,'2019-04-12 09:35:47','2019-04-12 09:35:47','2020-04-12 09:35:47'),('41a47ba5d8632006c264048715d499940d19540ef6935e30acc8583c346f6616db145d1bdbe72a70',571,1,'MyApp','[]',0,'2019-04-27 07:11:55','2019-04-27 07:11:55','2020-04-27 07:11:55'),('41b6b4c57f20a5a99cf8ee38ebc1a34a70ec5427b924649ac636a8ed8841c985d367d73a0f07e23d',26,1,'MyApp','[]',0,'2019-03-22 11:05:10','2019-03-22 11:05:10','2020-03-22 11:05:10'),('42a47d2f0d25394c04c43a67e9779304afc001fd8c4a21423e62abf69a06c9e646afddb98c31867c',429,1,'MyApp','[]',0,'2019-04-25 01:38:56','2019-04-25 01:38:56','2020-04-25 01:38:56'),('439e9bb5bd95b9e31e03066cfad3d7f18d029a5d071ef0c3ab6fbddd7ac2ac8ae769eee1087f2745',441,1,'MyApp','[]',0,'2019-04-10 08:48:08','2019-04-10 08:48:08','2020-04-10 08:48:08'),('43c5887fa68540a23a3bfee6fcbfdae64e58d208b445e26dc67a0a2caf26dc57ce8c8766099503cb',21,1,'MyApp','[]',0,'2019-03-22 10:15:57','2019-03-22 10:15:57','2020-03-22 10:15:57'),('43dc1039f543ac9449ebc62bc845c48f50da0a3c1e0f79d3b0a3b934cfe00ff24e0d1034b38cfa99',425,1,'MyApp','[]',0,'2019-04-13 02:12:45','2019-04-13 02:12:45','2020-04-13 02:12:45'),('43ec022a72661f5f482c9ef6a495e0ecff79fce6f8d0c49b11e3ec32085746c4297ab19c216226cd',421,1,'MyApp','[]',0,'2019-04-13 06:06:40','2019-04-13 06:06:40','2020-04-13 06:06:40'),('440017af284f3f7b388f8a346c56dc54721ad648ea96944d464b10b4df231d791ab6fda0571ba9b9',547,1,'MyApp','[]',0,'2019-04-24 03:08:29','2019-04-24 03:08:29','2020-04-24 03:08:29'),('442c4a7df594f4185955b82b1a4632dc396640ee60534183e4f2bce89c6dfd2fd86801d6de7bd44c',17,1,'MyApp','[]',0,'2019-03-25 17:56:35','2019-03-25 17:56:35','2020-03-25 17:56:35'),('44938b1982c48117ba35e04b2381fc61e4ebb26fcabe407f4ca605dcb80ed3e079417e0c1e754f21',155,1,'MyApp','[]',0,'2019-04-01 05:56:33','2019-04-01 05:56:33','2020-04-01 05:56:33'),('449cbca447a897fe96142f8e840a7e6586bed590cdabc951951e798c94fa029b4c7d92dba24abe0d',429,1,'MyApp','[]',0,'2019-04-16 09:00:48','2019-04-16 09:00:48','2020-04-16 09:00:48'),('4538036f897ac20aaaef703667983dc9de559bfdf502620b55858dd3e480f78f74b4c1c9057d0608',388,1,'MyApp','[]',0,'2019-04-09 01:50:45','2019-04-09 01:50:45','2020-04-09 01:50:45'),('454ad462f82b89f6cf547c3150c2d3353f74d33e5aad4a09f824281f3f9c7e1a6cda1c0e9bea3e1e',400,1,'MyApp','[]',0,'2019-04-09 06:51:51','2019-04-09 06:51:51','2020-04-09 06:51:51'),('458fcd0f569533a403a71c605826fcac0dfb1b59cb127d5c0c649146e8bbf67664dea5da79344f13',535,1,'MyApp','[]',0,'2019-04-22 09:08:07','2019-04-22 09:08:07','2020-04-22 09:08:07'),('45d5d01bd5a52f19d1eb39d4dd2bbe5828f47d6fae11f1b60b1f01ca2553f0e9b9954cf7a879b9d1',479,1,'MyApp','[]',0,'2019-04-16 08:01:53','2019-04-16 08:01:53','2020-04-16 08:01:53'),('45d979d56f65d26f8158532a096d938850414b62e9a91cba7eb783de27c738c843c8cec4a61583ef',180,1,'MyApp','[]',0,'2019-04-04 01:11:13','2019-04-04 01:11:13','2020-04-04 01:11:13'),('45f790da0347308d72377d40a1094d9d0a5ac31721a6b010800f0b099118bcf0fe364936f078f226',22,1,'MyApp','[]',0,'2019-03-22 10:46:39','2019-03-22 10:46:39','2020-03-22 10:46:39'),('4619030e7070354430bf12408af91136488b381512f57aa5b2b96136a241ab5dd8c6cc56889ab065',139,1,'MyApp','[]',0,'2019-03-27 08:02:28','2019-03-27 08:02:28','2020-03-27 08:02:28'),('46adf37f1c063699a15e9966f2ef0101d06ae1aa1649eda2066a82ada826217632378642dca67d08',279,1,'MyApp','[]',0,'2019-04-05 02:18:02','2019-04-05 02:18:02','2020-04-05 02:18:02'),('46bf3a4edc6410bcf220d10fa416297f8cb2b2d7a9dc775bd6564eb6574ea32e1f3f3b4a4d1c38d9',421,1,'MyApp','[]',0,'2019-04-10 00:54:15','2019-04-10 00:54:15','2020-04-10 00:54:15'),('46cd060622478b91be47b8584bc24925632f2ba66a65ac865e4d6d1a8004e1d3e79df25e5ac7d360',357,1,'MyApp','[]',0,'2019-04-08 03:24:06','2019-04-08 03:24:06','2020-04-08 03:24:06'),('473404c7586fb2bd77e145206903fd0cd212a2fdc92c71aa0bfc39f15cca2370e53ef4c07bf3838b',176,1,'MyApp','[]',0,'2019-04-02 08:05:51','2019-04-02 08:05:51','2020-04-02 08:05:51'),('4764557142d5d5a4243ee65847757f2cd8229a2627ee78d625eed8f573f7475c49096a3ee99b940b',561,1,'MyApp','[]',0,'2019-04-26 10:50:38','2019-04-26 10:50:38','2020-04-26 10:50:38'),('47a8aef40b3b7a5be8a6feab3958d52ee52445fe3690a9bd11896df7b75f9abd2e66d961d9f0f3ea',554,1,'MyApp','[]',0,'2019-04-24 02:24:00','2019-04-24 02:24:00','2020-04-24 02:24:00'),('4819ae09ae58a1a7e317f048367139038061b1db458f02272cac6a63f6367c8d11238bd53ac2f502',594,1,'MyApp','[]',0,'2019-04-30 02:10:16','2019-04-30 02:10:16','2020-04-30 02:10:16'),('486e6bf02c9b22ff2fc53afb4ed1cd9846ac4f93bfd84bfbf36e0e8480ab9152a5a6484ac4c10218',596,1,'MyApp','[]',0,'2019-04-30 05:44:37','2019-04-30 05:44:37','2020-04-30 05:44:37'),('48ebac7e249067a8bc476ea7da991c0fb469cd7626d0c9b28a8981e7bd13ac1474a0db15ee7c47b4',430,1,'MyApp','[]',0,'2019-04-10 03:53:28','2019-04-10 03:53:28','2020-04-10 03:53:28'),('493379ebcb4e6d37bf28267641beaa4b2de13fd007461f1b87298e4187027bbfc6f83e8f8854fdd8',288,1,'MyApp','[]',0,'2019-04-05 03:05:09','2019-04-05 03:05:09','2020-04-05 03:05:09'),('4a98b24be230ca1f2e667e89ee277025cc22baaf999cd3662ec37aaf398119c56b4cb9498532eea1',546,1,'MyApp','[]',0,'2019-04-23 09:36:53','2019-04-23 09:36:53','2020-04-23 09:36:53'),('4ab4b2219443c6cfcf21f4271c4840b22ba3e288d033a90bf4d4eab4adf8ce6530bcaac0523ef2ad',421,1,'MyApp','[]',0,'2019-04-13 07:08:18','2019-04-13 07:08:18','2020-04-13 07:08:18'),('4b622fa41f7741e6cabf5b2c7871fffe835ed8c7daa2593bdfc8afe6cc89605186d5fa517902cb95',421,1,'MyApp','[]',0,'2019-04-22 02:14:25','2019-04-22 02:14:25','2020-04-22 02:14:25'),('4bfca4d845f0769f66aa1a922c1e056c7a5dbf24700d001d81ce9c75f81ace815ad1d6794ec2bfec',180,1,'MyApp','[]',0,'2019-04-04 05:56:44','2019-04-04 05:56:44','2020-04-04 05:56:44'),('4c4c440947520f84bbc3f1b3b0b8eb4c5e9131edbd801e9ea1ca88ccbf361f2dba8963f0ff31f067',280,1,'MyApp','[]',0,'2019-04-05 02:25:36','2019-04-05 02:25:36','2020-04-05 02:25:36'),('4c76117f7379ec610e0c54676f91e8f919de6b431aac7bc14dabf148f432baf83a25b0fe4405eff9',326,1,'MyApp','[]',0,'2019-04-05 07:46:25','2019-04-05 07:46:25','2020-04-05 07:46:25'),('4ccde1fae90cdf0d127775dc64e411fe5ae8e1f0b95e7b4b367c7b224dae003a78987d455a4568ba',300,1,'MyApp','[]',0,'2019-04-05 04:37:05','2019-04-05 04:37:05','2020-04-05 04:37:05'),('4ce58c9832a235c6f69ffec751840b32eca85f0f17d7f157f5952e87b8146118819f8957166fc2ae',14,1,'MyApp','[]',0,'2019-03-25 12:49:59','2019-03-25 12:49:59','2020-03-25 12:49:59'),('4d03299bbb3e64fa84ac0359c114df7ad42ff4d3b5145aa9d939e05161586a797a0b39f486a0afcf',172,1,'MyApp','[]',0,'2019-04-02 03:21:32','2019-04-02 03:21:32','2020-04-02 03:21:32'),('4d1e103bf8db193f04c88fa7c3f132c30c1100a47f1d6e64eb6740f0bbae82917ff1eaa2e268fd66',425,1,'MyApp','[]',0,'2019-04-11 00:39:49','2019-04-11 00:39:49','2020-04-11 00:39:49'),('4d2d14e506c9b52cecbdfba599a9e5d66e7939103dab5bac8d2c5856de264af430954b133376b88b',386,1,'MyApp','[]',0,'2019-04-09 01:50:34','2019-04-09 01:50:34','2020-04-09 01:50:34'),('4dec4b0d76e1de013eeec5593b895638efe36767d17a81183f38228fe8534181c8b2972d4fab3753',555,1,'MyApp','[]',0,'2019-04-24 02:55:12','2019-04-24 02:55:12','2020-04-24 02:55:12'),('4e9c03fb718f324f9077eac7c65b36e6d00e2508c366b4e7a33fe4d0ee0e8403d11cf0dc5c90ae3a',501,1,'MyApp','[]',0,'2019-04-17 01:54:39','2019-04-17 01:54:39','2020-04-17 01:54:39'),('4ebb33cb1d48261b9610d6e0c0a09130e2b7216f30ceccc8fabe89e7dff1584847aa4136722213c7',421,1,'MyApp','[]',0,'2019-04-22 07:08:58','2019-04-22 07:08:58','2020-04-22 07:08:58'),('4f12a4c5ef684e462a13b74517a26a988e60654eeb1360ff85485194ca8c4a80f704c1af5b699d35',488,1,'MyApp','[]',0,'2019-04-16 07:54:21','2019-04-16 07:54:21','2020-04-16 07:54:21'),('4f85f531de326b88c2257dba22f74c171bbce50244024c9719e3a7c22289609ee1289846c448e723',445,1,'MyApp','[]',0,'2019-04-10 09:32:08','2019-04-10 09:32:08','2020-04-10 09:32:08'),('4f88933a7670dc7bd445407299c5b2c8321cf1aa3cb711001256fd5a851845ea67347c8a58388d14',94,1,'MyApp','[]',0,'2019-03-26 12:58:28','2019-03-26 12:58:28','2020-03-26 12:58:28'),('4fa1343331ea4c200b009f5494110a8c9b991f1a85dbac4989fd620bbe0efaf7d6d501467c865587',297,1,'MyApp','[]',0,'2019-04-05 04:31:47','2019-04-05 04:31:47','2020-04-05 04:31:47'),('4ffda818a0b22383b74614062c9d6ba4407e94136c5af8e0f26446d6cbf325ad7be72b5940436b63',17,1,'MyApp','[]',0,'2019-03-22 10:40:49','2019-03-22 10:40:49','2020-03-22 10:40:49'),('503bd147ad3a6ce23d12545cda0b68e9bc73e7e8d039b68bca2a6f8907c489bc28dc567bdee9376b',450,1,'MyApp','[]',0,'2019-04-23 06:01:22','2019-04-23 06:01:22','2020-04-23 06:01:22'),('5049a42ba189237ffb749b8d2676eb82811266934d2877b9ba020b6806b94b53f98455565cf61e55',561,1,'MyApp','[]',0,'2019-04-29 01:34:32','2019-04-29 01:34:32','2020-04-29 01:34:32'),('5057c2aad5035fa5b7768c640deb4dd049789c7dd04623e5034d74d548d256a7be92d7137b6ee49c',317,1,'MyApp','[]',0,'2019-04-05 05:59:35','2019-04-05 05:59:35','2020-04-05 05:59:35'),('50d15b46341b21e2a59df73b117daf45293cfc99a3d5acc35062d0c7ef9f7f1236322106e43e8284',17,1,'MyApp','[]',0,'2019-03-25 16:10:03','2019-03-25 16:10:03','2020-03-25 16:10:03'),('50f8dd65ed2f9defd1906d04566aa2421cc0f3255e1e2bc1b5df91768a1fb428b6a60449b1db4000',88,1,'MyApp','[]',0,'2019-03-26 11:28:12','2019-03-26 11:28:12','2020-03-26 11:28:12'),('51e8338597d8f86b589f7e5aab69f7ffb3a66f37c0180b0c0acc0c9e7116c5e5f8c4ba36dcaf9ef6',421,1,'MyApp','[]',0,'2019-04-16 02:44:05','2019-04-16 02:44:05','2020-04-16 02:44:05'),('528f5705d3e368021e7f2cffda5f251217ed02fa97591f8c37faacc010aa8ab1d267aca117c991bb',100,1,'MyApp','[]',0,'2019-03-26 14:58:41','2019-03-26 14:58:41','2020-03-26 14:58:41'),('52aaa61c929efe3b55b8fcbc15c52bd5815a8345b35c8bffefa2fbcedda9e60b07a50f960b9277b9',421,1,'MyApp','[]',0,'2019-05-07 07:03:01','2019-05-07 07:03:01','2020-05-07 07:03:01'),('52bfb31647fc74c1c50f9b5a1d348067d9c353456795add57ff23a09054732723899914d5705312f',89,1,'MyApp','[]',0,'2019-03-26 18:07:21','2019-03-26 18:07:21','2020-03-26 18:07:21'),('531df2dacb13f4aa41c69c0539fc2d324e6df572a0608872a186914e46cb77aaedec3b53dec9642d',174,1,'MyApp','[]',0,'2019-04-02 03:36:47','2019-04-02 03:36:47','2020-04-02 03:36:47'),('532e12dd54b87cf8afef66d6d600a18fbeb2060636162df7a7a97a7a7f3f7d6a6915f23973961f05',17,1,'MyApp','[]',0,'2019-03-26 10:35:49','2019-03-26 10:35:49','2020-03-26 10:35:49'),('5488c3752ee452c051b824fce4ef01c815be1772b96263ecb314e3f806277a789952b365c8060b82',381,1,'MyApp','[]',0,'2019-04-09 01:39:27','2019-04-09 01:39:27','2020-04-09 01:39:27'),('548f231d4aa9601b8edf4e1559d0e194bf503fb8cdbb03271be3331b1c0991548c0db48b4deccf38',303,1,'MyApp','[]',0,'2019-04-05 04:39:50','2019-04-05 04:39:50','2020-04-05 04:39:50'),('5494169a18bcb04f9953dbe07ae3604e910d2baa7c8cebf09a5de00c2a13bdab534cae4901f4adb1',421,1,'MyApp','[]',0,'2019-04-22 08:39:34','2019-04-22 08:39:34','2020-04-22 08:39:34'),('560eb52b5f0aa5340df3ffaf7677053be990de3cf075fb2b3a62eb0f9efd9df065c2aee9774c367b',361,1,'MyApp','[]',0,'2019-04-08 05:37:14','2019-04-08 05:37:14','2020-04-08 05:37:14'),('56299dc051f24c15d116c7056385da2ce07f554718ae7d1d012d8a5b8a7d65decf261dc8170cca47',560,1,'MyApp','[]',0,'2019-04-29 01:33:32','2019-04-29 01:33:32','2020-04-29 01:33:32'),('5702d4bcd94e5750bc0994e5f255169b6adc642d52dad6ffc2657e8f8b9867b039b2702a5a0dd51d',431,1,'MyApp','[]',0,'2019-04-10 06:06:49','2019-04-10 06:06:49','2020-04-10 06:06:49'),('5712e2c74b02940a34629166ccc4d7a65d4a70d3d67f51725929dc53ab9381582e505ac239942f29',388,1,'MyApp','[]',0,'2019-04-09 01:50:23','2019-04-09 01:50:23','2020-04-09 01:50:23'),('571d57554d5790fbb809fc6e5c0682f13780c498b557703f8a2eb48fd189e0f409321874b9963bff',450,1,'MyApp','[]',0,'2019-04-26 02:16:38','2019-04-26 02:16:38','2020-04-26 02:16:38'),('5762dc3333a4a74490e33c26b5c75577085efa7c7370898500f9b71bca9daa1f7e03a9432a51ea8a',346,1,'MyApp','[]',0,'2019-04-05 10:48:48','2019-04-05 10:48:48','2020-04-05 10:48:48'),('57677641cc5189ae4d4037a4b2f6e3f4431bd331ce893d01baf884e5c2278ba25c303935aab45647',540,1,'MyApp','[]',0,'2019-04-23 05:35:34','2019-04-23 05:35:34','2020-04-23 05:35:34'),('5787df06dd7fff276e96bc08bd642918cdc03ca797fc970d51422a176c4cc3b5e51f715a429cb31e',29,1,'MyApp','[]',0,'2019-04-01 03:19:34','2019-04-01 03:19:34','2020-04-01 03:19:34'),('5801bb41aa6774759c3eed322a0724fa0bdf9ac744f4fe6f9aafd8c81d9ad8897f7e09b26cf79475',597,1,'MyApp','[]',0,'2019-04-30 05:45:35','2019-04-30 05:45:35','2020-04-30 05:45:35'),('582d13b5fd7c9ad5eabcebd63c9390178b537a4fb444bf7215a6404834e57a58dce1e615a36c455a',28,1,'MyApp','[]',0,'2019-03-23 09:42:36','2019-03-23 09:42:36','2020-03-23 09:42:36'),('586cf3e3ee155e2325e38bae99c5a3a2611a835a204ca5b916bf7eeaabadf1e7b24f0c1042451fb9',89,1,'MyApp','[]',0,'2019-03-26 18:17:16','2019-03-26 18:17:16','2020-03-26 18:17:16'),('587c6185cf7d34076fbb6f348f496ee7c1a117705944e9886980a241863f0029225428dca6612975',456,1,'MyApp','[]',0,'2019-04-11 05:07:48','2019-04-11 05:07:48','2020-04-11 05:07:48'),('58e77f141748f4661c370df8b3848c551579878a0f191b430aee95140c7fba5050fa0bc607f50bd4',360,1,'MyApp','[]',0,'2019-04-08 04:06:06','2019-04-08 04:06:06','2020-04-08 04:06:06'),('5933e4f109a74542a4cb28fd5a14601d527f55e92e6868801cdf5731229bc6f407bb20e670de0ab8',182,1,'MyApp','[]',0,'2019-04-02 06:06:16','2019-04-02 06:06:16','2020-04-02 06:06:16'),('59669d540f222253b6de69f82ddea9b5bc9f57292d25fcfefdad2532406327683815955ed7616e5d',333,1,'MyApp','[]',0,'2019-04-05 08:10:39','2019-04-05 08:10:39','2020-04-05 08:10:39'),('597be964d55608507de5c0c4737c5831325256f5cb289f45e709aaab9c3bf54160101624bba4b406',421,1,'MyApp','[]',0,'2019-04-24 06:25:00','2019-04-24 06:25:00','2020-04-24 06:25:00'),('598032517499ca7dadbdfa18465c1095bc8ad429a12308322ea84adca6b91373601f7f63aed855d8',450,1,'MyApp','[]',0,'2019-04-29 08:32:34','2019-04-29 08:32:34','2020-04-29 08:32:34'),('5a37fd74b357efd67180266adf9b04a28d3b6636c91a68b0d67b66c7a9982f3f7a6ded0872f6fd2b',14,1,'MyApp','[]',0,'2019-03-25 12:33:33','2019-03-25 12:33:33','2020-03-25 12:33:33'),('5ab46d31cddd79e0d0475db9e537e7c2a4e40596061129dbb8f1e918472d324011f56eea7e2a7adf',436,1,'MyApp','[]',0,'2019-04-10 07:24:17','2019-04-10 07:24:17','2020-04-10 07:24:17'),('5b202af1e0cca15a62c2042b602d1f6efa4d7c1eca878bfb053668ec1f18e1b78a03a1e5bd8a27ad',561,1,'MyApp','[]',0,'2019-04-26 09:29:14','2019-04-26 09:29:14','2020-04-26 09:29:14'),('5b700c547193baa68e98d3c129aae2e159fe245fcb80fc3a2c118e236c09b9502eb1277b9927ba60',450,1,'MyApp','[]',0,'2019-05-01 04:31:57','2019-05-01 04:31:57','2020-05-01 04:31:57'),('5c1191dafe98b50f41972310c649979abd1a8df8ab5bbdae88992f5d4eb39b02de7adc204e1a487a',177,1,'MyApp','[]',0,'2019-04-02 05:02:07','2019-04-02 05:02:07','2020-04-02 05:02:07'),('5c560604a9e5a2d90ecacf0984cafca16b36bedab44a34142c17e03307ecb64d3fdc350d62b2c354',421,1,'MyApp','[]',0,'2019-04-18 04:39:59','2019-04-18 04:39:59','2020-04-18 04:39:59'),('5c85dadc70129d039c281fbc2aa135d8afbf13e84cf51b210f035350d8905402e6ec010d42fc4e30',410,1,'MyApp','[]',0,'2019-04-09 07:44:15','2019-04-09 07:44:15','2020-04-09 07:44:15'),('5d320ab652c0b0158bc5a375dba90f1b2455f9b3d60ad082e9e2a04fe30309b547e869f0376c45dc',597,1,'MyApp','[]',0,'2019-04-29 10:36:50','2019-04-29 10:36:50','2020-04-29 10:36:50'),('5d48369d7cd77c80601400261b3d6be3fa593d4bdae66f6e6c4faae961d423dc49b9cf3101540e5e',20,1,'MyApp','[]',0,'2019-03-22 09:56:46','2019-03-22 09:56:46','2020-03-22 09:56:46'),('5d5727bc450208d284ab3bea55b5e2c1b68dd0395a0cc7d8518cc0192ec97fef5a6f1aeb6cd3a972',427,1,'MyApp','[]',0,'2019-04-11 05:25:59','2019-04-11 05:25:59','2020-04-11 05:25:59'),('5d60c3d2549945ebbf543a71a2b9ee2ef7ba2af0d9fd3be7dc07a3bb2bd595047cb1ed198d653592',457,1,'MyApp','[]',0,'2019-04-11 07:13:28','2019-04-11 07:13:28','2020-04-11 07:13:28'),('5d7782ad33b57923b60383ed599be51d5d84cfa936b0849d1f901702aea0dc6827ed9e64ed524272',479,1,'MyApp','[]',0,'2019-04-16 05:19:59','2019-04-16 05:19:59','2020-04-16 05:19:59'),('5d8b50655399121558352f814cbcadd36f776fd4d3c04e238f33d166768c1b2f0a576d62f916102d',386,1,'MyApp','[]',0,'2019-04-09 03:24:11','2019-04-09 03:24:11','2020-04-09 03:24:11'),('5da977f6d78750b90783ac48cf9e9b6e42b5c88c8e2769db7b901f9bffc01cdf51bc41e1965a8b3f',413,1,'MyApp','[]',0,'2019-04-09 08:20:51','2019-04-09 08:20:51','2020-04-09 08:20:51'),('5dcf34b7e6d9ea2f2001ee5705b3ce67fc04897d3f7032c35798b9513fdfd54468dcaf532f25b37b',176,1,'MyApp','[]',0,'2019-04-02 06:22:37','2019-04-02 06:22:37','2020-04-02 06:22:37'),('5e395be8f7c39ae0f1c27aefed9d11025ffa1ceaf605830ac19d63917cdcca7d4512bed4d017d056',412,1,'MyApp','[]',0,'2019-04-09 08:06:39','2019-04-09 08:06:39','2020-04-09 08:06:39'),('5e78c199b68817c44123a6829d549558c374cd200055438bb39562f579842ba6485cc68559e89529',422,1,'MyApp','[]',0,'2019-04-10 01:17:44','2019-04-10 01:17:44','2020-04-10 01:17:44'),('5e913fd98768afcde03ebb332adab31e4b5a584ffccab74a8b1a3808296a50325c92309883843a31',429,1,'MyApp','[]',0,'2019-04-10 05:02:34','2019-04-10 05:02:34','2020-04-10 05:02:34'),('5f2c5bdd2a7814ad4b641a1332e599308a41a10f4f769c7fef55ed8bf1df8f4805a2d52601e29f1c',275,1,'MyApp','[]',0,'2019-04-05 01:47:16','2019-04-05 01:47:16','2020-04-05 01:47:16'),('5f2f67121ddff8cead722ea53b645c029cd1a39a6dd550d54cbb7de30cabd92cfdb1c25d9f4dcb21',427,1,'MyApp','[]',0,'2019-04-10 07:17:37','2019-04-10 07:17:37','2020-04-10 07:17:37'),('5f3d13d3dc41d2b3ecc55b9f31842a785bf10f5ceee647811a96171c782df10ea64037bfd26e76e7',474,1,'MyApp','[]',0,'2019-04-16 05:12:04','2019-04-16 05:12:04','2020-04-16 05:12:04'),('5f51bb03889c17c8e64bcfad5483b4c48842f59d011f15ae468c7e23c3b04d01578647f58063bc0c',452,1,'MyApp','[]',0,'2019-04-11 02:53:45','2019-04-11 02:53:45','2020-04-11 02:53:45'),('5f76e96374ff570aeac54c3bfb30e29ac2e8980a623cea8527dd8e18d29db1692d4c08cf7e3524fe',21,1,'MyApp','[]',0,'2019-03-22 11:23:10','2019-03-22 11:23:10','2020-03-22 11:23:10'),('5f99dba89aa39eddd5b10832ec1459e83f1a6932b9e861c9c5d588ce93fc814b86ba3a75165e3e6f',88,1,'MyApp','[]',0,'2019-04-01 08:59:43','2019-04-01 08:59:43','2020-04-01 08:59:43'),('5fab1dd9266277794cb269922b908d5f7a5ca09fc352c7655d1c1ee4460da267d9c1841a4ec1d2d4',604,1,'MyApp','[]',0,'2019-05-07 08:10:19','2019-05-07 08:10:19','2020-05-07 08:10:19'),('5fc445fdcaec7867416c5cc7da6633f3884c14e3d79d9f608cb134d29d1fbc1936f221908fd2929f',33,1,'MyApp','[]',0,'2019-03-23 10:11:23','2019-03-23 10:11:23','2020-03-23 10:11:23'),('6073ecfa0d6b458a083de4c795fee8a1fe486a5112b1aa420601771114af3d457ba1ceb3e38ef2dd',277,1,'MyApp','[]',0,'2019-04-05 08:04:51','2019-04-05 08:04:51','2020-04-05 08:04:51'),('607690158cd7ec3a8ab12256278defbac68fcd52cbf899bd414762bf2b759163ef43483eed025106',337,1,'MyApp','[]',0,'2019-04-05 08:18:37','2019-04-05 08:18:37','2020-04-05 08:18:37'),('6081e769915ae9cde3cc9d9a18e7772c6ab7e630bdc9420d9479be2eab1eb07dd00a56e78dde0485',421,1,'MyApp','[]',0,'2019-05-07 05:17:33','2019-05-07 05:17:33','2020-05-07 05:17:33'),('608d233c4a58d02834ab120d7840c689ca1d2ed1b37a4cf6dd80621f202bdee185b9d72ade8302e1',429,1,'MyApp','[]',0,'2019-04-10 07:28:23','2019-04-10 07:28:23','2020-04-10 07:28:23'),('609d0be619496873a85764bd19823bc268478e41c827a10f4c795fe73e234b80bca4cb53534b2ad8',176,1,'MyApp','[]',0,'2019-04-03 01:19:56','2019-04-03 01:19:56','2020-04-03 01:19:56'),('60da9a1109c3c578d4117885814e17258cc49030ad2486ec8cdba5cffa26d81aec725794eb140ee9',539,1,'MyApp','[]',0,'2019-04-23 02:46:40','2019-04-23 02:46:40','2020-04-23 02:46:40'),('614eeb8a0b4bebdecd3a5df8a60c96fd02c16a944ab4e7c1886f8cd76afe48bd5c05d51e5569a75d',242,1,'MyApp','[]',0,'2019-04-03 02:38:37','2019-04-03 02:38:37','2020-04-03 02:38:37'),('617b892feef151dd23cf3f931eb1d1b49c6cd0cd6d5e6a506041f0f38796e08963502d05c065c521',450,1,'MyApp','[]',0,'2019-04-12 09:26:38','2019-04-12 09:26:38','2020-04-12 09:26:38'),('617f397cb17d0d26643781cc03a8540b4fe5a78c1184887cfdffbecfab20e685f4c80c2b92613bef',458,1,'MyApp','[]',0,'2019-04-11 07:24:04','2019-04-11 07:24:04','2020-04-11 07:24:04'),('62064e013fa6fc171e38f2e0354259c71e8959a75e003424c232b90566e02ef71abb738a1d116797',21,1,'MyApp','[]',0,'2019-03-23 05:25:18','2019-03-23 05:25:18','2020-03-23 05:25:18'),('6258719d59d4947c874cd1e0c5370d438b34033f0f1599ae09f252c0be2d2b4cb5b00327f2f396f2',353,1,'MyApp','[]',0,'2019-04-08 09:49:48','2019-04-08 09:49:48','2020-04-08 09:49:48'),('62ad7fef740cb04eb98050f3c8a4c81fdeed64874546707966a809ae23688ee532ed0efbf7ab82bf',345,1,'MyApp','[]',0,'2019-04-05 09:34:07','2019-04-05 09:34:07','2020-04-05 09:34:07'),('62c9ecab34fec07f9d401cae01a137d2641090a38f2b2b55e0e308f9cfa48ff2b940fadfe1039c56',451,1,'MyApp','[]',0,'2019-04-11 03:52:57','2019-04-11 03:52:57','2020-04-11 03:52:57'),('62e9e6a3c5d90655e7a7a287b0ed89d84a3405c2eec0c57dcdfb4bada8e3040106d9a70f2306283c',74,1,'MyApp','[]',0,'2019-03-25 18:30:10','2019-03-25 18:30:10','2020-03-25 18:30:10'),('6308d34abfe4bd334d6078487c7deab2a79221955f27d86dfacf365b5a303443b766539bf91a0d52',146,1,'MyApp','[]',0,'2019-03-29 02:21:47','2019-03-29 02:21:47','2020-03-29 02:21:47'),('634a64e66ae9fd86eb62e2350b946deb97436a5831807dfb9ded0dfcee4a2cfcd406322ff2039370',421,1,'MyApp','[]',0,'2019-04-25 03:05:40','2019-04-25 03:05:40','2020-04-25 03:05:40'),('6380afa293d6ee25207ebe41e2718641bd15a2cf0211fa3c39a7a0f2531241921bc262064247588b',546,1,'MyApp','[]',0,'2019-04-23 08:05:27','2019-04-23 08:05:27','2020-04-23 08:05:27'),('6384839a6b86c35efa43b63d0100fa6d3c5c47235c160f5cd0c645842c960ef165b715c687e02320',341,1,'MyApp','[]',0,'2019-04-05 08:35:14','2019-04-05 08:35:14','2020-04-05 08:35:14'),('6385685201ec4096edc195760c4ff75a20d6f6573b408ef4732a943fe11c7b806994ae23afc7a305',421,1,'MyApp','[]',0,'2019-05-07 01:01:57','2019-05-07 01:01:57','2020-05-07 01:01:57'),('6410ed109214bc4d56ca534a678ff64bba5f8b8612cbf7c2a028909eaec42fdaeac215aa0491843e',180,1,'MyApp','[]',0,'2019-04-04 09:27:17','2019-04-04 09:27:17','2020-04-04 09:27:17'),('64b5846f791e06ea898f95c83303514eb0f0233a62a479f79844559e1b045ec40238c5018eac10d1',372,1,'MyApp','[]',0,'2019-04-08 09:55:00','2019-04-08 09:55:00','2020-04-08 09:55:00'),('6552f3dc4f34e519c4420a42d6fe02c14f99d917f8e0fc445820940d7cc563159a4271aa9f7e0267',561,1,'MyApp','[]',0,'2019-04-26 11:09:54','2019-04-26 11:09:54','2020-04-26 11:09:54'),('6594a2adf58631a9d1967e04898fb7727d5ac34b53948e0e3c73ce45309932c138cf4377ffc2fd4f',450,1,'MyApp','[]',0,'2019-04-23 01:26:19','2019-04-23 01:26:19','2020-04-23 01:26:19'),('66c0f8ad87eb18097f256091df149742a089e1ab632bd607aea28ae58a21909173e61a43029b3f5c',421,1,'MyApp','[]',0,'2019-05-07 06:31:31','2019-05-07 06:31:31','2020-05-07 06:31:31'),('66d20738cca6613665e070370e47c3d4397accbeb16f205756b2c28eb06004e788226834a1607a92',429,1,'MyApp','[]',0,'2019-04-25 05:10:38','2019-04-25 05:10:38','2020-04-25 05:10:38'),('66efb498021bd57861be2f90f07bce5fc1208200dec2036f718a07de61383b445030b01f7e147aef',448,1,'MyApp','[]',0,'2019-04-11 05:39:25','2019-04-11 05:39:25','2020-04-11 05:39:25'),('66f49fc968b9d145369fa52730f0de71afdeb8d2e39869a8b18afa63adbc34e7f14e479210f00a3b',17,1,'MyApp','[]',0,'2019-03-22 11:41:08','2019-03-22 11:41:08','2020-03-22 11:41:08'),('67490fde50d1a89aaaf1d65dfc986384b6bc00131245db5bd0606f12c21f9be6cf2e6cf25227ccfc',148,1,'MyApp','[]',0,'2019-04-04 08:49:51','2019-04-04 08:49:51','2020-04-04 08:49:51'),('675f0478ce1ca7d1e852048c533896fa1d1715431822b1ad9553bec658fa7c491f8ab548b1371e60',471,1,'MyApp','[]',0,'2019-04-15 03:24:39','2019-04-15 03:24:39','2020-04-15 03:24:39'),('676752a6da03036db5a87e91d5502a8d6fd44d81d7aa70f16afb76ecc044370d8b733fc44250d43c',584,1,'MyApp','[]',0,'2019-04-29 02:11:32','2019-04-29 02:11:32','2020-04-29 02:11:32'),('677b9f817404af2309ffe944ff9ac686906cd92f977b55eac74bf549aed53df5bb83bb1a87331b97',470,1,'MyApp','[]',0,'2019-04-15 03:19:15','2019-04-15 03:19:15','2020-04-15 03:19:15'),('677d0ac38536360b14f57670035ea1a84c7c1c9c9eb6e9d9e96deaafa0ca272a10d00781e8c054d4',447,1,'MyApp','[]',0,'2019-04-10 10:36:14','2019-04-10 10:36:14','2020-04-10 10:36:14'),('67cf5d6ab53a53901e07cf93fc823de2087454d75713d2c956f1f8627654d93484d5ac98f7db9216',436,1,'MyApp','[]',0,'2019-04-10 05:25:10','2019-04-10 05:25:10','2020-04-10 05:25:10'),('67e5197ee184aa20d7167e6aa80b66d73f277e087ebcd92c2fb00628123621d8ef698cc13b53b1a6',17,1,'MyApp','[]',0,'2019-03-25 16:02:32','2019-03-25 16:02:32','2020-03-25 16:02:32'),('67f2c041165a3054a3c024df5322ecebd22ca5a979f27ea2f088c594de52e85d34d6b51c7dcc66ce',414,1,'MyApp','[]',0,'2019-04-09 08:32:45','2019-04-09 08:32:45','2020-04-09 08:32:45'),('685207010332d877afca8fbc2607f365ac735571d31423ecde72bad5e2cd732321ec6523d44f2acc',429,1,'MyApp','[]',0,'2019-04-15 02:17:58','2019-04-15 02:17:58','2020-04-15 02:17:58'),('6854f3c80ed9b147a4ae9bb4cd896148f9b61024013377e99856747fe02b1553f0c531f8dda8c4fa',242,1,'MyApp','[]',0,'2019-04-03 03:27:56','2019-04-03 03:27:56','2020-04-03 03:27:56'),('690c2059c970a3cf8ad5e9c605bb1bfa725058b98ec78d5d89a0a6a3b7cf621a6b576a3dd52fd946',148,1,'MyApp','[]',0,'2019-04-04 08:49:15','2019-04-04 08:49:15','2020-04-04 08:49:15'),('6a1a1bf6130428caff64f780437610802bc58ef4d139d21c8a705a3c17269dc59818ce5133196dd9',418,1,'MyApp','[]',0,'2019-04-09 09:34:09','2019-04-09 09:34:09','2020-04-09 09:34:09'),('6a1f3f5f6054cfd6b3c32731d84a4ac158ea0b38c049fe9fdaf92bd3cdfcd183ce7960f0417d4959',584,1,'MyApp','[]',0,'2019-04-29 02:12:56','2019-04-29 02:12:56','2020-04-29 02:12:56'),('6a5113358a1665c67ad720bb6df3863dea664aefd6621dee4a98aa0c2ff3d39f0f521ae8699f6b7d',425,1,'MyApp','[]',0,'2019-04-17 04:47:54','2019-04-17 04:47:54','2020-04-17 04:47:54'),('6a8324a5c17b373401431d5e2bdb7f3a9b9adfdb664d10c65ab15345fae9f3cd9e6452fc716db26e',425,1,'MyApp','[]',0,'2019-04-17 06:39:02','2019-04-17 06:39:02','2020-04-17 06:39:02'),('6af838ecf470a3b9626c1818cd400f98007b24bf44de467650c0c3e0baded26dfd40b4a56c96b98b',421,1,'MyApp','[]',0,'2019-04-25 03:15:36','2019-04-25 03:15:36','2020-04-25 03:15:36'),('6b609216e1b1e8a73715221bad5e55cd9ce74fb198bb768bcc6d25360139ed6534a97f1b0cb34823',448,1,'MyApp','[]',0,'2019-04-10 10:42:48','2019-04-10 10:42:48','2020-04-10 10:42:48'),('6ba0ae5069e6bc26f3bca567970cacf2c4709dd38b825a6df496c0d627f2800a1bdc162ab001ee00',88,1,'MyApp','[]',0,'2019-03-26 09:47:32','2019-03-26 09:47:32','2020-03-26 09:47:32'),('6bebcdd09c5df0636f209ec24ae0767cfb858fe56bd6077566f3d030c943e11840843ddbf6b7c612',581,1,'MyApp','[]',0,'2019-04-29 03:34:10','2019-04-29 03:34:10','2020-04-29 03:34:10'),('6c1fa9eac2f310d4411d9c4776de36dc61b74ef26a4dcd1c32747e5ebdaf2fdd3f4dd42d2fe5fac7',384,1,'MyApp','[]',0,'2019-04-09 01:43:28','2019-04-09 01:43:28','2020-04-09 01:43:28'),('6c88e63cebdb961fddf010061b354ec99de6fb2951ee69b2410c49c44f35330ec6b7762f24966db6',435,1,'MyApp','[]',0,'2019-04-10 05:18:48','2019-04-10 05:18:48','2020-04-10 05:18:48'),('6c9879f76f4b9f7a1dbb23d2a96955318bf1cc32978dbb0a513d9d25bcda9fdd9c6acd84ed7b58fc',107,1,'MyApp','[]',0,'2019-03-26 16:49:09','2019-03-26 16:49:09','2020-03-26 16:49:09'),('6cc5f2a69229287e81493edecf30eac3a25ec3a278ec435e3c9b3d3020d087c550f41cefe1132ab2',421,1,'MyApp','[]',0,'2019-05-01 05:59:07','2019-05-01 05:59:07','2020-05-01 05:59:07'),('6cc7c44097b0f4f5f3bbe22f960fdf119a06a7cd85bb95087e38ff15b2d0e7bc7193f2133c3cf933',421,1,'MyApp','[]',0,'2019-05-07 02:54:56','2019-05-07 02:54:56','2020-05-07 02:54:56'),('6d60cba9fe58512946e05ff8551c4ef4ceb5aaeef63b58aab456ddecfc7d1f87826f49c2170ef06d',599,1,'MyApp','[]',0,'2019-05-01 07:20:51','2019-05-01 07:20:51','2020-05-01 07:20:51'),('6ddc5b4514fbb6f58d5ba8b888a6a023095b6969a8623984c6664806d606ef070e04cf8d582ed58a',384,1,'MyApp','[]',0,'2019-04-09 01:42:38','2019-04-09 01:42:38','2020-04-09 01:42:38'),('6df65685b31529093e5b45a1c0a02b68a44dec2f0ae9cc093c9f9d4d7c6909840a169f474520acfb',425,1,'MyApp','[]',0,'2019-05-02 00:39:22','2019-05-02 00:39:22','2020-05-02 00:39:22'),('6e00efca42c8afe0bbb0c6ed3d43fd29afdad8bfb4e2f30471f41604a5d8d88657dadf1578f04885',180,1,'MyApp','[]',0,'2019-04-02 05:50:17','2019-04-02 05:50:17','2020-04-02 05:50:17'),('6e081ee4f7c078c4e9d92ff5e919f4d250f9fb3aef28f9c7f5410be606495b4933a149f5bf82a738',600,1,'MyApp','[]',0,'2019-05-01 07:20:12','2019-05-01 07:20:12','2020-05-01 07:20:12'),('6e1ad429e9a3295d8fbdf8e0b52c777e92cbbb7891499a0f17810117b5e0f3cd5ea4547d8a67a145',14,1,'MyApp','[]',0,'2019-03-25 16:58:27','2019-03-25 16:58:27','2020-03-25 16:58:27'),('6e328f448fdd22866e838c000c843c504d7adabcdc7379fb46d09d9ac155ee61b7507bba995ffa30',407,1,'MyApp','[]',0,'2019-04-09 07:34:51','2019-04-09 07:34:51','2020-04-09 07:34:51'),('6ec12a481f6b89e5601aed81ce392b7ebb72a0ca0de7f3fc5d5a9d6fee8c78b9499c3b2614ac2556',445,1,'MyApp','[]',0,'2019-04-10 09:30:36','2019-04-10 09:30:36','2020-04-10 09:30:36'),('6f70a40cc46620bd2905b711a6159c983753fb64c96c5fd199e3ede52bb4475cf2cf2537f100a16d',101,1,'MyApp','[]',0,'2019-03-26 15:14:02','2019-03-26 15:14:02','2020-03-26 15:14:02'),('6f7b06ae2e5972ea562ee4ebab1c49b809048bb20af640ab095644975b7648cc2ab37c540f7a114d',371,1,'MyApp','[]',0,'2019-04-08 09:12:34','2019-04-08 09:12:34','2020-04-08 09:12:34'),('6fb2d46d4f6baa56575dff098e8f04e6c9f1fb9b9e1f1945dacbb3d625721ca8b8e59a2a83774252',277,1,'MyApp','[]',0,'2019-04-05 08:53:45','2019-04-05 08:53:45','2020-04-05 08:53:45'),('6fd54d10f6050df3f72d046653263fc94babc4fe4e4d4f4c6b17e800f6d0ba84497947d78e9ab789',427,1,'MyApp','[]',0,'2019-04-10 06:13:02','2019-04-10 06:13:02','2020-04-10 06:13:02'),('7029774511ecb764d63bd9cab5598f82791dba28f7f173e141382ee3a7bbb5911d9da502e3a10161',176,1,'MyApp','[]',0,'2019-04-03 01:21:37','2019-04-03 01:21:37','2020-04-03 01:21:37'),('7032bde3012556a93c7c6c219f5a7e683282f95d7c86c49cd73da4ed9dec3bff2844029546ce5d2b',421,1,'MyApp','[]',0,'2019-05-01 06:04:28','2019-05-01 06:04:28','2020-05-01 06:04:28'),('703cdce68096726674e7490b5ba889654e7cf40533581572b5799a8396ef4426d68479b8ac02436a',408,1,'MyApp','[]',0,'2019-04-09 08:33:03','2019-04-09 08:33:03','2020-04-09 08:33:03'),('7053b478d4c6f18b0fbc5c047ee857b256c95854c6ea2d5c3e7b1b1cf633ecc23ea9394d4ab25a1f',425,1,'MyApp','[]',0,'2019-04-18 05:24:44','2019-04-18 05:24:44','2020-04-18 05:24:44'),('70a0d8198e74e7d62075d3b7e4390555a02f7aee543616a74c619181a335a2c261b4fbf69731874d',543,1,'MyApp','[]',0,'2019-04-24 02:26:25','2019-04-24 02:26:25','2020-04-24 02:26:25'),('70d623ac3677882400acaa5fab4e04fd1c4af02d8f5581db9144d16c60501a1ccffa00aa91982745',361,1,'MyApp','[]',0,'2019-04-08 04:12:30','2019-04-08 04:12:30','2020-04-08 04:12:30'),('7219bd7b517dbd3de636d7ae172cac77e89bc3aee559216ff0e6e1fe507fbf882c875a025d60ed62',542,1,'MyApp','[]',0,'2019-04-23 06:47:36','2019-04-23 06:47:36','2020-04-23 06:47:36'),('724cb8b868d312d648adafafebf08fdf803f367fa52306d4559b8ff7bb5809efa513fd8f95f276cf',341,1,'MyApp','[]',0,'2019-04-05 08:34:16','2019-04-05 08:34:16','2020-04-05 08:34:16'),('726b263e9a751451745134faa4419866623627983fae84b494b7d05b7fd0f25d1df4a5c089f8f026',360,1,'MyApp','[]',0,'2019-04-08 04:09:53','2019-04-08 04:09:53','2020-04-08 04:09:53'),('726c8b5eb2fa92af14296e216aaf4049a0fe7b0caba65cb898165cac992e95c68a059f60536af8bf',275,1,'MyApp','[]',0,'2019-04-05 02:06:57','2019-04-05 02:06:57','2020-04-05 02:06:57'),('73129df83f564840f1ac0de4434ef12200b6c4cb7763f64f43dc3ec1c343243e3a3ec37be50c70dd',560,1,'MyApp','[]',0,'2019-04-26 11:11:05','2019-04-26 11:11:05','2020-04-26 11:11:05'),('732d773d8359b49385c194781c9798bb403f9df8bb5ac8092742f53f00cfdeeb943180b46f4dafff',429,1,'MyApp','[]',0,'2019-04-30 02:00:52','2019-04-30 02:00:52','2020-04-30 02:00:52'),('7331fe266338482bfb6d32eb66c3c24973f4d15dacd60554b22dd8345f0b144dcd564c7cc6d6a7ff',435,1,'MyApp','[]',0,'2019-04-10 05:26:42','2019-04-10 05:26:42','2020-04-10 05:26:42'),('7376155c16c8a3a689dd178b924332bf3fcfacc20c420d67510084b80c0b86d8ca79c0456a19fe73',139,1,'MyApp','[]',0,'2019-03-27 07:55:27','2019-03-27 07:55:27','2020-03-27 07:55:27'),('7405836d9123a0dce8c076a670aab510e4e82d1da86149d0d30a8c4422bdbd1349ec553f114eee8d',342,1,'MyApp','[]',0,'2019-04-05 08:36:00','2019-04-05 08:36:00','2020-04-05 08:36:00'),('743d385ccff756174a4daa7c498c1d15f7f48a227794c40c5fcfca3cd19d538ba7eae72789af3772',422,1,'MyApp','[]',0,'2019-04-10 02:07:42','2019-04-10 02:07:42','2020-04-10 02:07:42'),('74452c0345d17a653353a61ef42ce0b90630bac816191b1e7df160a96d41bf59372cc1bbdac2d947',357,1,'MyApp','[]',0,'2019-04-08 03:24:37','2019-04-08 03:24:37','2020-04-08 03:24:37'),('748c49353b094bdea8bd7d8945c477aff4e117473b9b801a284483eaf8155a9100e9ac02df7db0a6',277,1,'MyApp','[]',0,'2019-04-05 08:46:33','2019-04-05 08:46:33','2020-04-05 08:46:33'),('74c2a59e6ea95a1103f0c57f967b5ac4e24f10f7a3372be7bf4b716a6c6f697636e72157a7910244',450,1,'MyApp','[]',0,'2019-04-18 00:46:34','2019-04-18 00:46:34','2020-04-18 00:46:34'),('74c3999a19125cee9450bae14cda684792889e476448005312256a25e9b33a9cc5002362febcfa14',312,1,'MyApp','[]',0,'2019-04-05 05:33:42','2019-04-05 05:33:42','2020-04-05 05:33:42'),('753a9554cc17cb8ace70a675f3eaef61456c0bf4d97313fe1f2978a98b03b09e111002adbae53dba',449,1,'MyApp','[]',0,'2019-04-10 10:53:59','2019-04-10 10:53:59','2020-04-10 10:53:59'),('75f9807f8d66606a6e74247c44737b50e031c5753d3347d45abb0aaf5dc7d178ce78aa4fbd640d91',352,1,'MyApp','[]',0,'2019-04-08 03:03:59','2019-04-08 03:03:59','2020-04-08 03:03:59'),('7719a8f65e1cb539fe12ad2d9eee82c24f5648db1c3fdca1eff299ec1c63ed72fa7ebf9bb67f0d93',148,1,'MyApp','[]',0,'2019-04-04 00:50:47','2019-04-04 00:50:47','2020-04-04 00:50:47'),('772a4900239e1fa3e414da242ecfdf7b499d1c61635ff4bd9b791ecbec9ec0d67304ae56917ed2ad',88,1,'MyApp','[]',0,'2019-03-29 08:48:17','2019-03-29 08:48:17','2020-03-29 08:48:17'),('7737314daa8395b67eb3e26cac42c70742a5a411bbcb3019090d1c4c5b66b05d89c210c2b9a64cdb',89,1,'MyApp','[]',0,'2019-03-26 12:04:01','2019-03-26 12:04:01','2020-03-26 12:04:01'),('775803da6504ca74a7eea1e3c715a1ce9c01aad1c7f4f325427f1ce0b200a921bc861094a05a95f4',356,1,'MyApp','[]',0,'2019-04-08 03:21:42','2019-04-08 03:21:42','2020-04-08 03:21:42'),('77598448d788cc077443cb90840a67753035070a2c0bc220c2c9ba8c9388c211942460938ddfac43',421,1,'MyApp','[]',0,'2019-04-22 08:00:18','2019-04-22 08:00:18','2020-04-22 08:00:18'),('775df1d2e4ef5640d2d38b65d1f31e98b0c8420d36de7703fbf4ebcc562a6702b53818181df95355',421,1,'MyApp','[]',0,'2019-05-07 02:36:41','2019-05-07 02:36:41','2020-05-07 02:36:41'),('78348803116c76374ca0053bfb1d32b3a5a1ba0385618ba7db7288f2eb8c79693def5d4c103d3b7e',89,1,'MyApp','[]',0,'2019-04-01 05:42:06','2019-04-01 05:42:06','2020-04-01 05:42:06'),('78373c4e9571a7d42c2437c74a63e71f2fa2f6cb6ae3c0c58482f330697b9f0822e995c4ec67c1c4',429,1,'MyApp','[]',0,'2019-04-25 01:30:46','2019-04-25 01:30:46','2020-04-25 01:30:46'),('790b24f893fff616a35ecb11b6aabecb2ad6a7c901143f72168b947de0dbdcf6232627a4cf25f520',421,1,'MyApp','[]',0,'2019-04-30 02:07:20','2019-04-30 02:07:20','2020-04-30 02:07:20'),('793e1a5b7b1ab6b373f19ca72134cac1207756f4ac394b28ddaceb960320160854c5756916831d75',430,1,'MyApp','[]',0,'2019-04-10 07:16:55','2019-04-10 07:16:55','2020-04-10 07:16:55'),('79656db120c3ebaa1794240c473ace1e9e28d614ace3f18c4576cae18ccaf8940427d53ef8c56282',425,1,'MyApp','[]',0,'2019-04-12 05:26:28','2019-04-12 05:26:28','2020-04-12 05:26:28'),('7970b291e1af6916ff619fe34e93346f4f915928fd96b6bb71c2eb525ba033f97eb6f22013fbe54d',412,1,'MyApp','[]',0,'2019-04-09 07:54:22','2019-04-09 07:54:22','2020-04-09 07:54:22'),('79850f138f5e6f46b004e7049d46eca65fae5359cec878201a4d9f9594fe860ec44fcf667c7a67a2',443,1,'MyApp','[]',0,'2019-04-10 09:06:53','2019-04-10 09:06:53','2020-04-10 09:06:53'),('79b8c7dc96b7df1f46470ad67861b10bb1c8481fe5d4140075837ef5295c7dbf0b5f756fe58c03b1',450,1,'MyApp','[]',0,'2019-04-16 05:55:46','2019-04-16 05:55:46','2020-04-16 05:55:46'),('79f5b31de6de8a7b86bf9ac039032345b770ea267b0721e035c706b533731829dd0b2b9b49ec1253',474,1,'MyApp','[]',0,'2019-04-16 04:45:08','2019-04-16 04:45:08','2020-04-16 04:45:08'),('7b40579c2a8910caef8009dd0fce2ccdddfe300841c512c2201184dd540b5a20ddfdbf3b5d512b40',401,1,'MyApp','[]',0,'2019-04-09 07:16:02','2019-04-09 07:16:02','2020-04-09 07:16:02'),('7bb14fa9e859f14fd89f39329686fef34849ec4ba9f453852ef9e6c54458241378f874c3ebbc9dc1',450,1,'MyApp','[]',0,'2019-04-29 06:52:23','2019-04-29 06:52:23','2020-04-29 06:52:23'),('7bc1bf9bace0db55ca06dcf683bd5d2faa69ab45e1105a0d402bf643342c372db48fc43765944e35',557,1,'MyApp','[]',0,'2019-04-29 01:48:19','2019-04-29 01:48:19','2020-04-29 01:48:19'),('7c0e2dcd68b5c453e1d9784da1a49a7ea25861f20c3e0abb4074c453299e6b0ac12a06b8e725340e',421,1,'MyApp','[]',0,'2019-04-10 07:29:46','2019-04-10 07:29:46','2020-04-10 07:29:46'),('7c329b7d6ca2a609bb73d9bb33015d641c58b326acbc9b4f5452e95bf7160cc23b504c112940d891',584,1,'MyApp','[]',0,'2019-04-29 03:32:51','2019-04-29 03:32:51','2020-04-29 03:32:51'),('7cf5ece2c233cde9a378b086debd4ee5758754356a7ffbc4b715098e4bdf202d2a1e0219ea77a06e',504,1,'MyApp','[]',0,'2019-04-17 06:45:15','2019-04-17 06:45:15','2020-04-17 06:45:15'),('7d222c3e5bdc050f1b3224bbcd685cd15c3a5c1b4b513aabc0c364c58714f5774b81bc63ba29c073',551,1,'MyApp','[]',0,'2019-04-25 03:39:06','2019-04-25 03:39:06','2020-04-25 03:39:06'),('7d6e61c2c2eaf2085a5fec955bca5231d77c499724bd0b1c90c110f7443029c3e680bbe5be90344a',24,1,'MyApp','[]',0,'2019-03-22 10:53:57','2019-03-22 10:53:57','2020-03-22 10:53:57'),('7d9da001d5f1cfbf640d1825e9477008750ae2bdbe52fdab4f2dad037052f69f57dae3bc5211db37',17,1,'MyApp','[]',0,'2019-03-25 18:54:41','2019-03-25 18:54:41','2020-03-25 18:54:41'),('7d9deb074f9e5ef7fa93da5a3f1d2b5c53d22812e87cd8e4383c73235ba2883a52ac6964d3e1f543',421,1,'MyApp','[]',0,'2019-05-07 03:36:47','2019-05-07 03:36:47','2020-05-07 03:36:47'),('7da0e0929a4fbc2360e64e153bf227af8d7ec2eafb5d0f074adafc2f62ce8fdfa37669319a9e0b9e',440,1,'MyApp','[]',0,'2019-04-10 08:42:02','2019-04-10 08:42:02','2020-04-10 08:42:02'),('7dae9ec68cf01b76972120c64c25669675c3f9a9539609970cb3ce1cbbf8b151ff030cd9a9c74102',17,1,'MyApp','[]',0,'2019-03-23 11:13:37','2019-03-23 11:13:37','2020-03-23 11:13:37'),('7dd5e9e63c27a2464213bae75b2b4a699dfc2103d6576643f4b48b985dd98131025256a941c589ac',547,1,'MyApp','[]',0,'2019-04-23 10:08:52','2019-04-23 10:08:52','2020-04-23 10:08:52'),('7e3a716260377ef95c087a11a2a90b92dd2eb36c911aa02357c299cafbd32718bb3fa5731a07fbe8',421,1,'MyApp','[]',0,'2019-04-25 05:09:48','2019-04-25 05:09:48','2020-04-25 05:09:48'),('7e441061b9f2da4499dcedade3a1c9d842378daffab3a3031a50ca61601f2b2462c8d4abfb41cbb8',450,1,'MyApp','[]',0,'2019-04-16 04:14:23','2019-04-16 04:14:23','2020-04-16 04:14:23'),('7e5dcac183e0be75a214995f4bfea87b039915090c16ca94b9f4afec1ac8d1ba737c9575d59db6ba',334,1,'MyApp','[]',0,'2019-04-05 08:14:38','2019-04-05 08:14:38','2020-04-05 08:14:38'),('7e6265508e81d33a711550e8c923bd0916454dd081f6542e12910058ce2e60f161dabcbd2526439b',422,1,'MyApp','[]',0,'2019-04-10 01:22:57','2019-04-10 01:22:57','2020-04-10 01:22:57'),('7e9f1de7e33e9f8017ef21fb8de2278958298f50d669a8aa293c7c741b51d2b833ce4bab7a9a5902',421,1,'MyApp','[]',0,'2019-04-11 01:09:24','2019-04-11 01:09:24','2020-04-11 01:09:24'),('7f0b1a49f634bcf5e318174429eb98544d6ab6d6fec8812d3e1767da7b82a0615a760291b0b138ec',230,1,'MyApp','[]',0,'2019-04-03 02:44:59','2019-04-03 02:44:59','2020-04-03 02:44:59'),('7f256a5e740bc2f327edfd3684620791ad5bd095206fffdc40299047928761d8d98ccda29781bc5b',14,1,'MyApp','[]',0,'2019-03-25 17:21:47','2019-03-25 17:21:47','2020-03-25 17:21:47'),('7f2851d80827a89d9eb02c2b55b03f0067eaefe8ae5e3b539dd3e50e608ca221864ea55a6419eaec',421,1,'MyApp','[]',0,'2019-04-19 03:16:08','2019-04-19 03:16:08','2020-04-19 03:16:08'),('7f487cf906577e45d4113a6e4552d358bcf8493a203f228b0ad1891e2abbcd421b254a18e1fa6747',425,1,'MyApp','[]',0,'2019-04-13 00:35:30','2019-04-13 00:35:30','2020-04-13 00:35:30'),('7f9bee96a46fa985c7177658862933cd231cfc316be14b3ac4e02a0680dfc56f3d323c208f22af64',412,1,'MyApp','[]',0,'2019-04-09 07:54:47','2019-04-09 07:54:47','2020-04-09 07:54:47'),('7fbda5548b18b9cb31e73875b0fe3cf42482ead02d54868e900ad6c6863e3d95e1c724e96cb52633',395,1,'MyApp','[]',0,'2019-04-09 06:41:45','2019-04-09 06:41:45','2020-04-09 06:41:45'),('7fbf7d36333a3a6fc9f04e69343876d26ac70bf4a4d31f479317010c0f3818b1e40d0f0b23c49226',597,1,'MyApp','[]',0,'2019-05-01 05:17:49','2019-05-01 05:17:49','2020-05-01 05:17:49'),('7fc4c7b61b872eadfb22de9a406a138583bacd924983cc82033b1b29e26f037bcf063a536b96556f',588,1,'MyApp','[]',0,'2019-04-29 05:35:23','2019-04-29 05:35:23','2020-04-29 05:35:23'),('7fdff74c87fef8d82bf7fe6098f016a1457cc89c5eac672aea5ab728b566c8eac5640d70a415d625',246,1,'MyApp','[]',0,'2019-04-03 08:57:45','2019-04-03 08:57:45','2020-04-03 08:57:45'),('7ff6b6b80ac3b5ce88f1e1cadef517d1ec56a1e507e02f0979832986a7b9ad12d3db1b9e1ec6c238',425,1,'MyApp','[]',0,'2019-04-11 00:38:31','2019-04-11 00:38:31','2020-04-11 00:38:31'),('8006edf0297af97778f46df716826a8707525767b226e4ae1c0f7dc5bba2d3bb8e1cd13ef5b10269',429,1,'MyApp','[]',0,'2019-04-26 08:19:47','2019-04-26 08:19:47','2020-04-26 08:19:47'),('80811fc29773461a1ac90faacfc7aaafde263de986eb04f6ae8c8854dd1b515d82f2a3845f4311aa',421,1,'MyApp','[]',0,'2019-04-25 01:31:33','2019-04-25 01:31:33','2020-04-25 01:31:33'),('80af8ba92c8267df15508b5053b0fe5b5f70575ba4f680a8aaa5c3ee32883bed7be95e5036515a78',466,1,'MyApp','[]',0,'2019-04-15 03:12:33','2019-04-15 03:12:33','2020-04-15 03:12:33'),('80e5b0354f4c44731a6810030211ce9bf5159dc9ef95d291084f486b9c6eba746a39d837db58d0cf',586,1,'MyApp','[]',0,'2019-04-29 07:43:57','2019-04-29 07:43:57','2020-04-29 07:43:57'),('8137042e30e892aabaa517a7f8f92d9a803f46b7a23556ff10d4391ac6af0133c6e2d2e2cb0c2831',327,1,'MyApp','[]',0,'2019-04-05 07:50:02','2019-04-05 07:50:02','2020-04-05 07:50:02'),('816749bd2da208fde4209346d6925e1cb39a138667c957889e1dd4054fb453ed70e0613fce196ef7',571,1,'MyApp','[]',0,'2019-04-27 02:35:12','2019-04-27 02:35:12','2020-04-27 02:35:12'),('819e3a6761d9ef32f2137e0e9e1b986c7f38fe225b9b76235347a4bd674fbb4bdb2ab9c6842de4b8',141,1,'MyApp','[]',0,'2019-03-27 08:01:40','2019-03-27 08:01:40','2020-03-27 08:01:40'),('81f90bd23dd5330192aa2fae356429d5982dbdf844832548f25efc1729f1c572c04ac1963d316057',452,1,'MyApp','[]',0,'2019-04-11 03:06:05','2019-04-11 03:06:05','2020-04-11 03:06:05'),('8205ea95cf15171174bf11ace9e71b20ed3cbd615e24e16adefb4bafd16f4f93975809e9bbef3198',451,1,'MyApp','[]',0,'2019-04-11 02:38:16','2019-04-11 02:38:16','2020-04-11 02:38:16'),('822764acd00c90ab53b802c4eb14d0fcd2605a8aa93201fc52fab3ce0a85cb7ea375dc705f2c56f9',441,1,'MyApp','[]',0,'2019-04-10 08:48:47','2019-04-10 08:48:47','2020-04-10 08:48:47'),('8263a125a532fae3f442ba957cf49f0cefa8037f22404322bbf8a2fa1c56178b6647450af7280019',155,1,'MyApp','[]',0,'2019-04-01 05:53:44','2019-04-01 05:53:44','2020-04-01 05:53:44'),('83053d1cfd7af0ee8638d45c648d4b9c081c2aa87abc1cd7ca68e1e370458e91e0c4bb4952ecab8d',425,1,'MyApp','[]',0,'2019-04-22 08:00:11','2019-04-22 08:00:11','2020-04-22 08:00:11'),('833f1052990363af540d39fb15feb939608d7e709941f9a8f316f7abcc69e1c45b4ede9418e00749',425,1,'MyApp','[]',0,'2019-04-19 05:09:12','2019-04-19 05:09:12','2020-04-19 05:09:12'),('836347c950aa4eac6f1e20363aeacce0dd21859d197bf4b7c394bd6e20571fbb69d548d1defaf2b9',425,1,'MyApp','[]',0,'2019-04-25 02:34:43','2019-04-25 02:34:43','2020-04-25 02:34:43'),('83868012569c54ceccde52ed226ff9af929580aaae3ff63945f257dc9f959afafa71fa859958def1',377,1,'MyApp','[]',0,'2019-04-09 00:57:08','2019-04-09 00:57:08','2020-04-09 00:57:08'),('838f8c5272a833dfff33188e52837278fcf57557b92defe62644b1de3a86476e335123acf04021d7',298,1,'MyApp','[]',0,'2019-04-05 04:33:50','2019-04-05 04:33:50','2020-04-05 04:33:50'),('84143aa604130c028a6cbfbdf9c970fdc2ab0b556b0465eac4d54b84b120467386755971a033ebaf',421,1,'MyApp','[]',0,'2019-04-30 01:00:29','2019-04-30 01:00:29','2020-04-30 01:00:29'),('841c33ec70db860476bd24289370ab2f00bc5625f31c2e8c844ac233b4e9fd131656d12c6de56897',450,1,'MyApp','[]',0,'2019-04-23 07:59:49','2019-04-23 07:59:49','2020-04-23 07:59:49'),('843750fb390309a0ab07a997b0e589c765a97f2124f7bb138f89ce16fccf6ce181f72d327fd3ec25',406,1,'MyApp','[]',0,'2019-04-09 07:33:18','2019-04-09 07:33:18','2020-04-09 07:33:18'),('843d66d1935c313d99d11e4b5b326d7f3accf746ccfde290d7f23de9161b2e7688d863904ab76fc8',180,1,'MyApp','[]',0,'2019-04-04 09:28:57','2019-04-04 09:28:57','2020-04-04 09:28:57'),('853599398d8e974f279285ebaa6838281aca3e1de5c52208f5f9c37c1b729ad9b022d1c3c918ee03',315,1,'MyApp','[]',0,'2019-04-05 05:50:54','2019-04-05 05:50:54','2020-04-05 05:50:54'),('85449e57da31b75c967e2c92a7fa25a8f76f4eae3dc4b5c0acd65ccdb58b2c35d40f81add02b0164',343,1,'MyApp','[]',0,'2019-04-05 08:37:23','2019-04-05 08:37:23','2020-04-05 08:37:23'),('857d11114947b80b355f4f9f023914a8f789650d83e23bca1edaa5df6869f961575ee97221d87491',581,1,'MyApp','[]',0,'2019-04-29 02:22:10','2019-04-29 02:22:10','2020-04-29 02:22:10'),('85c43bab41a8984c5da219ef359b60b52268156176273367c53c51ec8819a6e80f5ed67b91c10570',231,1,'MyApp','[]',0,'2019-04-03 01:01:18','2019-04-03 01:01:18','2020-04-03 01:01:18'),('86047548c036ec653d93f89a5f3c106336d0711eaa49fa6e976bfdb4b337c1b5a359e9ca95e24c54',180,1,'MyApp','[]',0,'2019-04-05 06:28:11','2019-04-05 06:28:11','2020-04-05 06:28:11'),('8637f2e5eadc0eb1e66d1968307a2822c713ccb2ec935b4df044993ea965c098743f839684d3c29d',596,1,'MyApp','[]',0,'2019-04-29 10:28:17','2019-04-29 10:28:17','2020-04-29 10:28:17'),('868db3275b89d793b4bead6499701131001b65b34fb40efdb7c544f62e9d9d1057111a788911ad72',469,1,'MyApp','[]',0,'2019-04-15 03:15:49','2019-04-15 03:15:49','2020-04-15 03:15:49'),('86a1d87fd1873a379db5c062e6ce2f88d15fcd13c8dce5fc437756af6437a0e8cd0f745e97f60247',450,1,'MyApp','[]',0,'2019-04-13 05:07:01','2019-04-13 05:07:01','2020-04-13 05:07:01'),('86ccae4949a230d5088b4ec469f0c2f5b5bef8a92dab4f7c6cb7041c740f846d937e68e7b4a2a8ed',507,1,'MyApp','[]',0,'2019-04-22 05:41:25','2019-04-22 05:41:25','2020-04-22 05:41:25'),('874485b91daf742c469f04dbcbc9119175e8862bafc285a174de6e521d8633daf379ad62fc043395',405,1,'MyApp','[]',0,'2019-04-09 07:34:04','2019-04-09 07:34:04','2020-04-09 07:34:04'),('87dcfcaa2c433bf2cf03ba88c92d1027f7819394a92cbc8990f49a1868c59acb775513a27c6b8dc3',88,1,'MyApp','[]',0,'2019-03-26 12:48:56','2019-03-26 12:48:56','2020-03-26 12:48:56'),('87fdeb491b1da2af7227cbbf2ef8021f91e4c5b80de0181699925e2e36a6bbdaf8c4ee8a3ed6ee14',338,1,'MyApp','[]',0,'2019-04-05 08:24:45','2019-04-05 08:24:45','2020-04-05 08:24:45'),('886e29f14700ae6a5410a02ed71a2bcba8250f73b5671f3f9e36c8c25ef7b455ea55328cc4c47023',450,1,'MyApp','[]',0,'2019-04-12 08:50:51','2019-04-12 08:50:51','2020-04-12 08:50:51'),('88f39f0141e9231b5d0ac8805c51ba1c29d4b87b02add54277b93a9eaec2f17e57abd3dd9ef3b8ec',155,1,'MyApp','[]',0,'2019-04-01 08:06:25','2019-04-01 08:06:25','2020-04-01 08:06:25'),('892b07fd63a84e688825b1f8514763335150483bc1fbdf6fc549712c622eb59e7a6481a0cfb42f3c',374,1,'MyApp','[]',0,'2019-04-09 00:49:37','2019-04-09 00:49:37','2020-04-09 00:49:37'),('894b42af0f8bcfb5b6cc58e98506aafdcb6be94bc3c42a6c1bb1b9420b84f383ff823b8a38325938',394,1,'MyApp','[]',0,'2019-04-09 05:33:18','2019-04-09 05:33:18','2020-04-09 05:33:18'),('899ebfb4e0b3217f205b6fbe3cb130969f34ea4b75c13d7f3db34d4d78d49a6531ccb54d19476a28',547,1,'MyApp','[]',0,'2019-04-23 08:16:57','2019-04-23 08:16:57','2020-04-23 08:16:57'),('89af4c9d456a70ad6cd9cf1809d6c294c2726638abc358f870d50c5db4337877cf782cd5ea33ba45',176,1,'MyApp','[]',0,'2019-04-02 09:10:37','2019-04-02 09:10:37','2020-04-02 09:10:37'),('8a03532ff11c7c7c0ac478f0d25928606a654e841f3a64a635b42aace9b480846e1cf6fbcc07acf0',450,1,'MyApp','[]',0,'2019-05-07 01:14:55','2019-05-07 01:14:55','2020-05-07 01:14:55'),('8a1dafe97ccf4e5ec3b15306a935bf4585a01957776639163fa20ca9c227db168b9c49b7b45c862c',421,1,'MyApp','[]',0,'2019-05-01 06:52:29','2019-05-01 06:52:29','2020-05-01 06:52:29'),('8a28ec70b4c129be31f8317da8da215464ed2d4dd36099918b3a7864a911fb479921778d4e82e5e9',571,1,'MyApp','[]',0,'2019-04-30 06:39:35','2019-04-30 06:39:35','2020-04-30 06:39:35'),('8a8023283ca08507e56ca8c3f3581f0916571b63245e063649abd1a1c9b0e9a9e80bfd42e69e06a5',373,1,'MyApp','[]',0,'2019-04-08 10:53:58','2019-04-08 10:53:58','2020-04-08 10:53:58'),('8b1e124b3dbbd512aad84688c43fd2eb9ec76f6ee943924260e1dc15af1f4e63aa1000adf7854a7a',589,1,'MyApp','[]',0,'2019-05-01 08:27:11','2019-05-01 08:27:11','2020-05-01 08:27:11'),('8b29bc1bb66d669856697ad076942bbb7d3c142d7d0d44e9cee9cd7d11ba6fe5ba8b6515c3d558a6',148,1,'MyApp','[]',0,'2019-03-29 04:47:36','2019-03-29 04:47:36','2020-03-29 04:47:36'),('8b4da4fda1128ea76dafff9a33ea7902158eaa9b6b4b12d6778fd8c94058e27f90ac9a8e2a5705d3',429,1,'MyApp','[]',0,'2019-04-10 08:35:00','2019-04-10 08:35:00','2020-04-10 08:35:00'),('8bb9c5907a45fbc196dbb91ba09cf835135c81d8915000619e4d537dff2ad326b128fe1e10bfdf10',450,1,'MyApp','[]',0,'2019-04-17 01:56:28','2019-04-17 01:56:28','2020-04-17 01:56:28'),('8c7f8b517b583da7943b063c93145dad153216a848f79ab0bd0290b7fd6f4925ae69886ce293b98b',597,1,'MyApp','[]',0,'2019-05-01 06:11:49','2019-05-01 06:11:49','2020-05-01 06:11:49'),('8ca0299aa4b4c1ef15c037b06d65101f3c41b3e8cdfa3b6863cc9036d5bcfd2e026c194d72f405d2',395,1,'MyApp','[]',0,'2019-04-09 05:52:21','2019-04-09 05:52:21','2020-04-09 05:52:21'),('8caf61bb7418de5c9c54454f307f37601317239947804b31155aa1723d690e6ea6f5d82da1c346b3',425,1,'MyApp','[]',0,'2019-04-12 09:28:43','2019-04-12 09:28:43','2020-04-12 09:28:43'),('8cfa8bb6c39c19fd11499022fc6c80316c34d6ab300dfab5428e5c28a096de89892352039a2916db',425,1,'MyApp','[]',0,'2019-04-17 09:20:08','2019-04-17 09:20:08','2020-04-17 09:20:08'),('8cfd3dc36244dbf1d33c6490972a354a92411df8dbb64eb36a8000259b701501f6693bb9b27f7010',421,1,'MyApp','[]',0,'2019-04-22 08:00:18','2019-04-22 08:00:18','2020-04-22 08:00:18'),('8d9cf94c2b1812429c3c2684d82886796e8a081c5510c3f483998ab749cd0c0c1e3161fdd99991b9',548,1,'MyApp','[]',0,'2019-04-24 02:30:12','2019-04-24 02:30:12','2020-04-24 02:30:12'),('8e0a89ff51c083c4404af76c5a2c77f1907311d6c2128d3a1265b744c1fa95819f10b42c6c5e0f0d',386,1,'MyApp','[]',0,'2019-04-09 02:38:37','2019-04-09 02:38:37','2020-04-09 02:38:37'),('8e40bce098628cdf514e4ef1c20e75da42e946f98d6d3656a42363f6252df6ab90f351ce087f17bf',550,1,'MyApp','[]',0,'2019-04-24 01:26:24','2019-04-24 01:26:24','2020-04-24 01:26:24'),('8e53b1923eb78ea84b131a1a3d04f4eed946cc849ac17b4dfb24c86e4b31e5a777dd1d6f8345b772',370,1,'MyApp','[]',0,'2019-04-08 08:49:22','2019-04-08 08:49:22','2020-04-08 08:49:22'),('8e5d13bb2773913f6e6edb01ec43aec46a72489b3f07063f94c3b6338d5b0b34925be6109320a08c',424,1,'MyApp','[]',0,'2019-04-10 05:05:33','2019-04-10 05:05:33','2020-04-10 05:05:33'),('8ea816091d28c278564f0fe7503e6099ee147ddc68dd9b170001ce66581a075635a802c91a0a0549',561,1,'MyApp','[]',0,'2019-04-26 10:17:59','2019-04-26 10:17:59','2020-04-26 10:17:59'),('8eaf27222ee1a84dede3e8ca8cca2cf9e0bd3b1c21a7400fde0367616f806b70c0afeb685dabac55',444,1,'MyApp','[]',0,'2019-04-10 09:29:08','2019-04-10 09:29:08','2020-04-10 09:29:08'),('8f2196c58d20a19434395909c678a54d17f48f72c84bd67aa1eff64a3c5ee3af3940a551d785b598',450,1,'MyApp','[]',0,'2019-04-29 07:04:22','2019-04-29 07:04:22','2020-04-29 07:04:22'),('8f2b302e5b055d2828593834a0fc012a586afb0d8551d8216712c9cc99755e338a3abbecbb44376c',416,1,'MyApp','[]',0,'2019-04-09 12:06:06','2019-04-09 12:06:06','2020-04-09 12:06:06'),('8f4f4aa7481cfa3a46225dd65cac3baf2d63174888d21fbfc80f372288e97bc18656f3260d2b186d',590,1,'MyApp','[]',0,'2019-04-29 05:49:05','2019-04-29 05:49:05','2020-04-29 05:49:05'),('8f87dd21eea5568b4bad9faf92ee25c93479565141333996cbf5ddd8cd3bacdf656cead17c057fe1',182,1,'MyApp','[]',0,'2019-04-02 05:58:12','2019-04-02 05:58:12','2020-04-02 05:58:12'),('8ff0e1b1480e57ca8b7793fdc9c226f39ae07afaacf6e47edc6559fa5a392cd4d68a3c9240bed617',421,1,'MyApp','[]',0,'2019-04-22 05:40:53','2019-04-22 05:40:53','2020-04-22 05:40:53'),('9052cb0e566fd7bd5f64b588de38e4b7eca760a8b5cfc2d741c7a721c9b69cadee253744d4aade74',139,1,'MyApp','[]',0,'2019-03-27 07:57:03','2019-03-27 07:57:03','2020-03-27 07:57:03'),('9122ff6397dab6d87e16035353a162ee82efc27fc9ae09534b4e39c16055f88d7985f49de43ca180',421,1,'MyApp','[]',0,'2019-05-07 01:36:11','2019-05-07 01:36:11','2020-05-07 01:36:11'),('913d83ee44f9c041a69325a47cc1292b622da16e18a0f8f3bec3a8639204451856d2ef7fe49c58e8',336,1,'MyApp','[]',0,'2019-04-05 08:18:26','2019-04-05 08:18:26','2020-04-05 08:18:26'),('9187278fa207db2fe1b16d60c2e8af72dbdd2c7c665d82ee966b8011dad862397372c9b3e45cb7b0',367,1,'MyApp','[]',0,'2019-04-08 07:27:23','2019-04-08 07:27:23','2020-04-08 07:27:23'),('922d59e7a251612b6d15c96955d1f3046900c27189d570fa4257cd60b3378cd6a3ba1d544e5c4573',88,1,'MyApp','[]',0,'2019-03-26 12:39:39','2019-03-26 12:39:39','2020-03-26 12:39:39'),('92340c98802a0e002a77911df19027cd16b2d9c4d91dac858c5abb19e538f8dfd25ff52af7e7655a',589,1,'MyApp','[]',0,'2019-04-29 05:38:00','2019-04-29 05:38:00','2020-04-29 05:38:00'),('9277b68c1cc180a96dc9d4f39a3cccf39d80eae89fa87ce9fde8090033d725615ee2f5bed48763d3',551,1,'MyApp','[]',0,'2019-04-24 02:56:39','2019-04-24 02:56:39','2020-04-24 02:56:39'),('92b76be35ab14a9f7433e0fc5539650c73d35ac8eafd68b0262d19e73e4950abcda34dc6f651232e',399,1,'MyApp','[]',0,'2019-04-09 06:10:33','2019-04-09 06:10:33','2020-04-09 06:10:33'),('92bd9999f221dda068db7b8d71a15aeae6db002cc6ed256db57d4474ac1313066f786a66ae8b6cf7',594,1,'MyApp','[]',0,'2019-05-01 06:15:21','2019-05-01 06:15:21','2020-05-01 06:15:21'),('92e758dd103d23efe9f33d681ecb5fa98d947dd530652a9511ba8976e74d3ebd5e1fbac22b749678',421,1,'MyApp','[]',0,'2019-05-07 03:18:21','2019-05-07 03:18:21','2020-05-07 03:18:21'),('933de260d86fa11776c68590ecda03e46e0b37739c5b72b24de0944c568ef5c088ece2c28e2c5d66',597,1,'MyApp','[]',0,'2019-05-01 05:45:14','2019-05-01 05:45:14','2020-05-01 05:45:14'),('9351d70ed5d7c60c8f3c0a83e89ce2cde9ebc11f917fa237dd2148f10eb828f2c9b5bd8dd0f4e79e',442,1,'MyApp','[]',0,'2019-04-10 09:03:48','2019-04-10 09:03:48','2020-04-10 09:03:48'),('93ae4908f155023e3bb110f61c8a6adce32adc2b7b593baba42ae58daae88d1dc4730cce98c357fd',417,1,'MyApp','[]',0,'2019-04-09 09:28:15','2019-04-09 09:28:15','2020-04-09 09:28:15'),('93bd52f670f57f35e217de047361e6ecbb8224f940c5f9f4f82da361a1431e48a7ffeecfec92b51d',17,1,'MyApp','[]',0,'2019-03-26 11:35:35','2019-03-26 11:35:35','2020-03-26 11:35:35'),('93f7ab3c393baaeea5342db3b59bd350c3615a7b81ac0ae1ad7096380a4a26c1e59321c5c287095f',17,1,'MyApp','[]',0,'2019-03-26 10:53:13','2019-03-26 10:53:13','2020-03-26 10:53:13'),('941f35842fcc961e708b9819ed4b5266c68dcc39c40e9ab6aa88a47059f75fdd8600a58c5557f774',421,1,'MyApp','[]',0,'2019-05-07 00:39:41','2019-05-07 00:39:41','2020-05-07 00:39:41'),('945a1227ea3349423ccee33c96b840d62432a0a687e2d06bc478d189998f207099cf2d0a3ca80e3a',378,1,'MyApp','[]',0,'2019-04-09 01:10:40','2019-04-09 01:10:40','2020-04-09 01:10:40'),('946e64df82b3703cbf3690de2b592e187678606007afef9f5b5d646121a2119a94e64d296536ef96',369,1,'MyApp','[]',0,'2019-04-08 08:22:51','2019-04-08 08:22:51','2020-04-08 08:22:51'),('94755cfee35918c2d954a3beefd1449696ad185ae7ee91aeec3b37b8a4860eb7b0ed5d54641c6905',398,1,'MyApp','[]',0,'2019-04-09 06:09:06','2019-04-09 06:09:06','2020-04-09 06:09:06'),('94b39b36fb150ed1e0a6adb72b94db58add36f1ddba674be184cfe30afa8c27daa78425addbb9477',596,1,'MyApp','[]',0,'2019-04-29 10:16:27','2019-04-29 10:16:27','2020-04-29 10:16:27'),('94d61e81cc05209985be014f216a8f09f586eb3adf90322b094bf252fffba250bd66dfe96bcb06bc',421,1,'MyApp','[]',0,'2019-04-30 04:52:30','2019-04-30 04:52:30','2020-04-30 04:52:30'),('95c2cf511d018d3ec92d0affc1da28b5883b2fe59b4a675cd69738391dc815dd178b3746b35404ed',425,1,'MyApp','[]',0,'2019-04-22 07:54:17','2019-04-22 07:54:17','2020-04-22 07:54:17'),('95dbb4ec87f8908979cb78a20c33d622a83509707fdf22c7749961775fe1768c402f6a585a0ff7ec',315,1,'MyApp','[]',0,'2019-04-05 05:58:00','2019-04-05 05:58:00','2020-04-05 05:58:00'),('9602df47e86f179bccfae44fb4007aaff22b552c1cc6cfd66f6c0ba6be0070a3af16704bea90a039',429,1,'MyApp','[]',0,'2019-04-29 02:44:07','2019-04-29 02:44:07','2020-04-29 02:44:07'),('960e3d1a763aa4622452f7b54dae0bcd05eab194d21d9decad523876406e4b230b460f8d257c9072',585,1,'MyApp','[]',0,'2019-04-29 04:21:15','2019-04-29 04:21:15','2020-04-29 04:21:15'),('9633fe303b68bdace59217467938caf121829fde36a0564eab5a8df960a20d392be9deffa5517ebb',74,1,'MyApp','[]',0,'2019-03-25 18:29:44','2019-03-25 18:29:44','2020-03-25 18:29:44'),('965f16a38f374dc5f0ded51a78eb088f81d86e077f36585df32ea545520fdee9df6bf7a6952744f8',437,1,'MyApp','[]',0,'2019-04-10 07:38:55','2019-04-10 07:38:55','2020-04-10 07:38:55'),('9698f79955eab61c5ac573bcde155580dae932b9a6a2a350df908658d4fb9b3186da49a2f692754c',148,1,'MyApp','[]',0,'2019-04-02 06:59:46','2019-04-02 06:59:46','2020-04-02 06:59:46'),('96d5cfd5f62f81f9962c08bef089db85345c05ceb210d950e933e68d7c5007660008c6a8a19b522a',230,1,'MyApp','[]',0,'2019-04-03 00:59:18','2019-04-03 00:59:18','2020-04-03 00:59:18'),('96ebe5482f1c1e82df15488939b484ec03e2616d99db682d753cc84bf7f693594081117f628060bc',425,1,'MyApp','[]',0,'2019-04-12 05:27:29','2019-04-12 05:27:29','2020-04-12 05:27:29'),('9700923bcbf847573d4947a14269db5ef2e6a28cda55f5cc82391d282fbcf05fd67b23be6f21ef46',458,1,'MyApp','[]',0,'2019-04-11 07:31:44','2019-04-11 07:31:44','2020-04-11 07:31:44'),('9744805df20e9b7962fa317077348493147c648e3584e7f70e77691653b363d2876dabbc1474c347',438,1,'MyApp','[]',0,'2019-04-10 08:25:54','2019-04-10 08:25:54','2020-04-10 08:25:54'),('979a509ba6fe48b8f7b076b6901cb0d19da98df29d77a7fc11c59b6631fceb90ad7e9a4b0c279f14',584,1,'MyApp','[]',0,'2019-04-29 03:33:09','2019-04-29 03:33:09','2020-04-29 03:33:09'),('981e9d48fd54fb30674d60fddb5ad64fc4d1dd8f958205418e11bc50a089e50c58abc09c4bdd3b65',429,1,'MyApp','[]',0,'2019-04-10 05:20:55','2019-04-10 05:20:55','2020-04-10 05:20:55'),('9897a0924d1e65aa8a32d0fd01233a792e870153b073fe3d0f03f4201a221e88e3fb6e0a43240480',442,1,'MyApp','[]',0,'2019-04-10 09:04:19','2019-04-10 09:04:19','2020-04-10 09:04:19'),('98ec923adecc5b58de86522e13937390d08f54cd1e75ef2511f21c747c355bbb32c6b37eaf89edab',429,1,'MyApp','[]',0,'2019-05-02 03:11:47','2019-05-02 03:11:47','2020-05-02 03:11:47'),('99e40d82c488925f06fd43a6b618e91b517a006329bc9ca13385afb7e424fe29384cf20ba90e2446',539,1,'MyApp','[]',0,'2019-04-23 02:44:55','2019-04-23 02:44:55','2020-04-23 02:44:55'),('9a37b61ec865b71285c78bbcca7d5cdbcc03d95d30dc06f8b70b255fa95f6b19f2a3be344af1c0f1',425,1,'MyApp','[]',0,'2019-04-25 03:05:24','2019-04-25 03:05:24','2020-04-25 03:05:24'),('9a3d7bac54a7789b9ee80e9067c9d497c0c44ba5a8f2c0de138c3226bc98ef19a1031ef2f383b820',421,1,'MyApp','[]',0,'2019-04-30 08:03:37','2019-04-30 08:03:37','2020-04-30 08:03:37'),('9a4dbb3453fe326a68c5ff67fdb6ab98bb1a8425b3938f8de156b6638989faf8b6b4f878da46cc10',367,1,'MyApp','[]',0,'2019-04-08 07:17:44','2019-04-08 07:17:44','2020-04-08 07:17:44'),('9ab763190281c5d67fc23842d15bce16c2190a744c1318fcef4c68343d4f2508e987881161439774',246,1,'MyApp','[]',0,'2019-04-04 08:31:32','2019-04-04 08:31:32','2020-04-04 08:31:32'),('9aba43bd6e6c8d6fe220abaa606c8b5a4677ed00f3821d7d8445d9cfd7a645efde8c2d176ad83f13',277,1,'MyApp','[]',0,'2019-04-05 08:46:22','2019-04-05 08:46:22','2020-04-05 08:46:22'),('9afa367d2c684216aac95dbc9ea8bae2323b6d68e395c3a84cc508a361caf144d43c733d2c0529b7',429,1,'MyApp','[]',0,'2019-04-17 09:14:18','2019-04-17 09:14:18','2020-04-17 09:14:18'),('9b08a90bd61ba8ec5b51a63adf1e3228ad9c4bc30f5fd28e4eef6df2d408f0f8ee9d28d68182089f',421,1,'MyApp','[]',0,'2019-05-07 02:00:50','2019-05-07 02:00:50','2020-05-07 02:00:50'),('9bc5473dcab492dae0c9cc77426cec285b28e9c026b13e52b885d1b3892c79925b768a40fdea4982',421,1,'MyApp','[]',0,'2019-04-22 08:00:17','2019-04-22 08:00:17','2020-04-22 08:00:17'),('9bfac8a6a1d914ee328083b993a0a08f1721d6776eb3cc96595d6c58d30702d91586109bc21a5851',17,1,'MyApp','[]',0,'2019-03-26 14:36:59','2019-03-26 14:36:59','2020-03-26 14:36:59'),('9d8b66298386f777844969ea684f43ecba72b27eb34538f774636d6a6b43fbadd9b932f00981ebcf',594,1,'MyApp','[]',0,'2019-05-01 04:50:17','2019-05-01 04:50:17','2020-05-01 04:50:17'),('9db1428ab9d8276129484f00e0537c53e00a784b03ee2c836e9507d11d09dcb81403e3482e8b401a',176,1,'MyApp','[]',0,'2019-04-05 01:35:44','2019-04-05 01:35:44','2020-04-05 01:35:44'),('9dca73b79903dcb71a7de5cc5fae1ae5e0c039c0252c90ed4c423034f8bcee7a32f0c63cca51fe71',275,1,'MyApp','[]',0,'2019-04-05 01:44:10','2019-04-05 01:44:10','2020-04-05 01:44:10'),('9edcc76f6dae72234358237dc389ad211e275223b8460c43892f43952a796c7645d6c7a288f4abec',17,1,'MyApp','[]',0,'2019-03-22 13:33:14','2019-03-22 13:33:14','2020-03-22 13:33:14'),('9f152df28db06ffe3fa6f20474601028a2062f0f7721e06bae168087d4ac8e771b43abbe65cfd2f5',421,1,'MyApp','[]',0,'2019-05-07 04:54:38','2019-05-07 04:54:38','2020-05-07 04:54:38'),('9f3d73f2a1e055b0e8793676e6c861117d2253261a883fce35411d7942677602d043b00c433f3f69',349,1,'MyApp','[]',0,'2019-04-09 06:48:04','2019-04-09 06:48:04','2020-04-09 06:48:04'),('9f548cd3262c15aac2841492f0489a460dbb23d5a68d6a4086889d0a21d35ef1462838080c0b1af6',17,1,'MyApp','[]',0,'2019-03-27 07:55:34','2019-03-27 07:55:34','2020-03-27 07:55:34'),('9f57562e2f5cbeed11597d9e897f6c4a2a1ef861aca33a383ec9e362b902d9bfbd71bbfaec9320fc',155,1,'MyApp','[]',0,'2019-04-01 05:56:17','2019-04-01 05:56:17','2020-04-01 05:56:17'),('9fcfcbbb638a6c1ff250882573da4e22c7a9525edab7db70e54691c7a4aad4b22c94195a16edaca4',434,1,'MyApp','[]',0,'2019-04-10 04:59:07','2019-04-10 04:59:07','2020-04-10 04:59:07'),('9fe1ca45a116b70dd3932844362af6e0b0c7a442117f626eebbd1fb55f2c194d8b0c16d4b756e714',425,1,'MyApp','[]',0,'2019-04-13 00:37:17','2019-04-13 00:37:17','2020-04-13 00:37:17'),('a00783cb348d56e0c2366f6fcc14aaac6208c0d04a614b7f452989f0ea5ad1a115273eced9c2154a',176,1,'MyApp','[]',0,'2019-04-02 06:38:25','2019-04-02 06:38:25','2020-04-02 06:38:25'),('a070118c02ca6713730df331f13957824cf48f58241147abe9d32d99a10f663dba3cf67778e89d19',450,1,'MyApp','[]',0,'2019-04-16 02:38:01','2019-04-16 02:38:01','2020-04-16 02:38:01'),('a07aa414b88d7968d429094f8714fe1f497dcfc837b89a02d82258e340daa59b7bcff6d35b92283b',429,1,'MyApp','[]',0,'2019-04-25 01:36:35','2019-04-25 01:36:35','2020-04-25 01:36:35'),('a0e1381453461dd1e61acac8ad2c8a033b46a248c3567083dab51ec0b7699948efe1a03d878edc2e',414,1,'MyApp','[]',0,'2019-04-09 11:35:27','2019-04-09 11:35:27','2020-04-09 11:35:27'),('a119e79a7c0471f0cbdeef3f8f438b513ee59983c3da6df0c39e949d22780728575a14214ad0f7ca',421,1,'MyApp','[]',0,'2019-04-22 07:53:57','2019-04-22 07:53:57','2020-04-22 07:53:57'),('a1e6800e870788937f0b8042b8760df7b5395a15133eff9f87e5c1dd23cedfcc01642942030c90c9',560,1,'MyApp','[]',0,'2019-04-29 02:27:48','2019-04-29 02:27:48','2020-04-29 02:27:48'),('a20a864006b5779309a5e9a8f34debb44fd621f11dc7c86e178126664e38f11b91b32f35ac848f15',450,1,'MyApp','[]',0,'2019-05-07 01:29:22','2019-05-07 01:29:22','2020-05-07 01:29:22'),('a2eae9907bb5b51049a2130ed7df0b160670b5a1c9b8223decd6998b39a032bd171d5af07edf8bbb',548,1,'MyApp','[]',0,'2019-04-23 09:10:13','2019-04-23 09:10:13','2020-04-23 09:10:13'),('a347bb5efe129a709ae5a3f99d172f231d7ea5632ffd58a3cdeffa7fff528f3126bad398fce255f1',429,1,'MyApp','[]',0,'2019-04-25 05:10:43','2019-04-25 05:10:43','2020-04-25 05:10:43'),('a3b2f8c22712ed913d758f722e5f071b5b7ced0c8b8e716d15d9facc49a807b1dc53b0b93e2e76ca',420,1,'MyApp','[]',0,'2019-04-09 12:44:45','2019-04-09 12:44:45','2020-04-09 12:44:45'),('a3cd23c920e892010c456df41314521528baf0e3a03e894e9f6ad8685857024e6f9b159390cbaa4e',17,1,'MyApp','[]',0,'2019-03-23 09:20:46','2019-03-23 09:20:46','2020-03-23 09:20:46'),('a4044fc1557cfd0914fa6d5e16f95dc358f41d2dab16b7c2bf760c1faab9ecab9926191fc3fccb49',421,1,'MyApp','[]',0,'2019-05-01 07:03:33','2019-05-01 07:03:33','2020-05-01 07:03:33'),('a40550e3243f05ea3e8f0b5484b4287b4cbfad2b39ad27e0aa5b5ba3f1a8c843d9cb7f454b4af2f8',532,1,'MyApp','[]',0,'2019-04-22 08:36:07','2019-04-22 08:36:07','2020-04-22 08:36:07'),('a4796242ba231bb95085187b1bb9376adc0cbf7dbfbf7a08ab34f2e865d026b690facbf9f65a4b59',450,1,'MyApp','[]',0,'2019-04-29 00:47:08','2019-04-29 00:47:08','2020-04-29 00:47:08'),('a4cbc9e6aa43a808c8d3a86c7b6e7986390241142b0754568134141b2e07ec7d98420b06ba99a056',456,1,'MyApp','[]',0,'2019-04-11 05:30:33','2019-04-11 05:30:33','2020-04-11 05:30:33'),('a564e7f3a875fe0dba638ef3751167f041daf010594f1bf49fe52d6c4442fe5ff3f6673943d2680f',450,1,'MyApp','[]',0,'2019-04-15 03:59:56','2019-04-15 03:59:56','2020-04-15 03:59:56'),('a588e6f08c494151eb55adf2d94377272a66c0e1655549ef336f7cdfb8d3e0b89ab749cce84a560a',561,1,'MyApp','[]',0,'2019-04-25 05:29:30','2019-04-25 05:29:30','2020-04-25 05:29:30'),('a5c77adcab03614cb5bf6f7b7f8aaf864611e1dc27e444ce86d654cab093a54a980195f1aaf9c352',230,1,'MyApp','[]',0,'2019-04-05 06:03:31','2019-04-05 06:03:31','2020-04-05 06:03:31'),('a5cd3c3efc194b89bd7c1711741f7bc3730aecb476ed309036cf518530f619950f0a9d73f6877d6d',429,1,'MyApp','[]',0,'2019-04-16 08:55:37','2019-04-16 08:55:37','2020-04-16 08:55:37'),('a68172676b1cbefdd540eaf9ace33ea0c281a4abf6c78c3ddc6938cb2a2162df15b2b97f4efcf87c',275,1,'MyApp','[]',0,'2019-04-05 01:35:38','2019-04-05 01:35:38','2020-04-05 01:35:38'),('a6c787cab17ddf18cc2851967e5c679ebac68b30b1e3059d35f5340f2ad488bc83c606888af4106f',155,1,'MyApp','[]',0,'2019-04-01 06:09:16','2019-04-01 06:09:16','2020-04-01 06:09:16'),('a6e5fbce6ace1c2d527501f7daaafad159ebf77a703f0c31f64a6268ea5c8af21e68dcdd615c7552',429,1,'MyApp','[]',0,'2019-04-23 03:05:22','2019-04-23 03:05:22','2020-04-23 03:05:22'),('a740f3e9cba6f9c21e16d46a6b92b939c3af8cef1483105edef1ccae3ed120bc7def3308defe863a',421,1,'MyApp','[]',0,'2019-04-16 03:14:27','2019-04-16 03:14:27','2020-04-16 03:14:27'),('a7bcb260d4c1cf7cda905968c84c353772d867c964e93e4f9bf1730157cbc4f57ee790edea880d16',29,1,'MyApp','[]',0,'2019-04-02 01:57:32','2019-04-02 01:57:32','2020-04-02 01:57:32'),('a7f71c1e3a49d1603d0e27ecf4e48edf3c8c1e13062e2fe4b29f7bb037f68dbc7519274992c60f7a',585,1,'MyApp','[]',0,'2019-04-29 05:28:02','2019-04-29 05:28:02','2020-04-29 05:28:02'),('a8139a88dffa6167633856c90a2f75aad34a80aa8dfd78fa83b15c5d1224b53af59b09961bce0010',353,1,'MyApp','[]',0,'2019-04-08 09:53:06','2019-04-08 09:53:06','2020-04-08 09:53:06'),('a843f97e117ad37f35955b10f8e15c9af570cde686f6a7db554b55a5156eb3b4d6c424eee3036fac',17,1,'MyApp','[]',0,'2019-03-25 17:45:56','2019-03-25 17:45:56','2020-03-25 17:45:56'),('a84e992fb35ccf87d0256674c897031c334f0e999ef3643c6ad8117227ef40e9eaf4ff499a79cc38',230,1,'MyApp','[]',0,'2019-04-03 06:18:18','2019-04-03 06:18:18','2020-04-03 06:18:18'),('a96cc8e4e5814449d3fd69bb06b9dc77ca558472e5cd72d3ca7710c09c1ea197948235707a9bb855',263,1,'MyApp','[]',0,'2019-04-05 05:27:01','2019-04-05 05:27:01','2020-04-05 05:27:01'),('a9779fe750ce1e906fef97045980d98341eae6a37f399cdee7f74abc2b3497a92b6de38d9a518cf9',596,1,'MyApp','[]',0,'2019-05-01 04:14:56','2019-05-01 04:14:56','2020-05-01 04:14:56'),('a9d795f72aa400f7033af867f5a9a1320d4c4e605b37fd7119b74f51ee28825f3768e41fafd4e1c3',35,1,'MyApp','[]',0,'2019-03-25 10:22:21','2019-03-25 10:22:21','2020-03-25 10:22:21'),('aa84f380931131cb848b3f792f9939e4baaec27c0a23ecf7059b11039c6640a6b8678751b91811f1',434,1,'MyApp','[]',0,'2019-04-10 05:01:18','2019-04-10 05:01:18','2020-04-10 05:01:18'),('aae2ce2bce276b8d9acfdcddc0b8185304f9b0fd2c8939b1a8e342df6e8805e24f9b2a1d9b8ce4f8',176,1,'MyApp','[]',0,'2019-04-04 05:21:39','2019-04-04 05:21:39','2020-04-04 05:21:39'),('aaeecd105d2f3c24d1d6035d88e150516775b95f56e9a711845ce6a788fa07de8b61344a4da5b325',421,1,'MyApp','[]',0,'2019-04-25 07:39:52','2019-04-25 07:39:52','2020-04-25 07:39:52'),('ab4a10f0a847d5d5e88538a362b021148bb2fb2fe84550e7df20a5b2a1833bf09804a577762f9407',154,1,'MyApp','[]',0,'2019-04-01 05:14:12','2019-04-01 05:14:12','2020-04-01 05:14:12'),('ab79c75e73812a50f4fe53bb53d4fde96095b3fe59082e39b9c3d4e521cb3de20da235c8ce722817',421,1,'MyApp','[]',0,'2019-04-30 08:37:34','2019-04-30 08:37:34','2020-04-30 08:37:34'),('ab83cf873204d9d3ef403b4230074d1c14c0b878624cc4a17056227dd3edab1a8e1c1a2535fd4263',451,1,'MyApp','[]',0,'2019-04-11 02:39:02','2019-04-11 02:39:02','2020-04-11 02:39:02'),('ab925ea7829a89896f48a38419710c5c066429bb69bba238dc600bb2ac0bddb884655719e151a972',450,1,'MyApp','[]',0,'2019-04-12 01:21:42','2019-04-12 01:21:42','2020-04-12 01:21:42'),('abdafbf5aca4e9e68c13c3a215f7da6542c6c5940534854ab9e9cb01cb29e97ec7327c631558527b',176,1,'MyApp','[]',0,'2019-04-05 02:19:29','2019-04-05 02:19:29','2020-04-05 02:19:29'),('abfdacea0360cbfc972f6e949393e60d6ba435e3184f8e07ee2290ddfddfa6d5a6a1f23acdce1b8e',450,1,'MyApp','[]',0,'2019-04-11 01:19:30','2019-04-11 01:19:30','2020-04-11 01:19:30'),('ac0759278269dec82c178372305a337ca1ea348178fe6a2e6a3c67d6bc18b7f6b07cb527c4850684',425,1,'MyApp','[]',0,'2019-04-25 03:35:56','2019-04-25 03:35:56','2020-04-25 03:35:56'),('ac0fb5360ad74d2a97334fa50fdef65bcc5ff4d2c1c738b5a61958ff9312a33186f267030a6530fe',17,1,'MyApp','[]',0,'2019-03-26 12:47:57','2019-03-26 12:47:57','2020-03-26 12:47:57'),('ac1883ad057d70ab3c492b5396e40d9b663165c119d4029b66884b4eb31046feabbd3439b1c1be7f',408,1,'MyApp','[]',0,'2019-04-09 07:45:24','2019-04-09 07:45:24','2020-04-09 07:45:24'),('ac1fe5f5f8020a01b15b4ebf3a96674932bc893a5137b6e0d80973c877d74b83ff084707bfe4e0e2',124,1,'MyApp','[]',0,'2019-03-27 01:08:16','2019-03-27 01:08:16','2020-03-27 01:08:16'),('ac53449f70f6fd855c6dca53e9ae4414b2b474962e36c8ad4e27ae584df84783cfc7b7b32b9c63e1',148,1,'MyApp','[]',0,'2019-04-04 08:48:03','2019-04-04 08:48:03','2020-04-04 08:48:03'),('acf74a2977a8656545e94bdceef818c473095304088aee35c57adbb1fc649fbd320a34f80c1c53a5',557,1,'MyApp','[]',0,'2019-04-25 02:28:33','2019-04-25 02:28:33','2020-04-25 02:28:33'),('ad0dbb2d9e3059c160fc16033f1480f6ba5c26292612cb69a2d093afeb204ca3f2bd658dd3599654',17,1,'MyApp','[]',0,'2019-03-26 12:45:04','2019-03-26 12:45:04','2020-03-26 12:45:04'),('ad11bcb8ab3436837afa853cc47c526894090fa71437f03f34702e5e94eb3716acefecf3c6c2cd76',411,1,'MyApp','[]',0,'2019-04-09 07:51:38','2019-04-09 07:51:38','2020-04-09 07:51:38'),('ad26716a8a670d5bba56793869165c049a88e3fff62ba6ad53875f4006cfbddac7fa1527241811f5',361,1,'MyApp','[]',0,'2019-04-08 04:14:58','2019-04-08 04:14:58','2020-04-08 04:14:58'),('ad5fa0708c94b4029ba225dda68863e785fc7950d1e49b0dca6d9b00fe9ebe89016f9add26d3fbee',403,1,'MyApp','[]',0,'2019-04-09 07:27:50','2019-04-09 07:27:50','2020-04-09 07:27:50'),('ad6da05763f9b3153676d5e56bc2740c2f6d2fa9e4766afbee45eb185c252a866e56b2417a28129a',275,1,'MyApp','[]',0,'2019-04-05 01:41:16','2019-04-05 01:41:16','2020-04-05 01:41:16'),('ad97aedd5f01088c262603291588467b1598b0ea4e04bb981d1f869aa6dc797d544c9d458edcaad0',400,1,'MyApp','[]',0,'2019-04-09 06:51:18','2019-04-09 06:51:18','2020-04-09 06:51:18'),('ae2a5ebfc63203e8d594334b92828f023a099cece950d837b091086ae29e2978d2f1ca810ef88129',336,1,'MyApp','[]',0,'2019-04-05 08:17:13','2019-04-05 08:17:13','2020-04-05 08:17:13'),('ae7b55103e52a6ccc30e83ea779435ea7a4ec3d24663758dd0689084e78e83ceb645cc0680ef2b3c',425,1,'MyApp','[]',0,'2019-04-18 01:12:48','2019-04-18 01:12:48','2020-04-18 01:12:48'),('ae90eebd3c0be560bc72b77423f0f7bf1145caba73df0107e1ef32831e647c23987dda6bba529610',336,1,'MyApp','[]',0,'2019-04-05 08:18:43','2019-04-05 08:18:43','2020-04-05 08:18:43'),('aeafbb9a0cb6861b4001495a22e23bf97ddb7127c8c79287acb6655ab19342d432d86d8e1cb4d489',141,1,'MyApp','[]',0,'2019-04-02 01:44:18','2019-04-02 01:44:18','2020-04-02 01:44:18'),('aec2b5f94fa8f8788d4bf1bb84a81926102637a7c5ed53a91f24c84b3b4672a52c20427a90ba0e22',308,1,'MyApp','[]',0,'2019-04-05 04:51:24','2019-04-05 04:51:24','2020-04-05 04:51:24'),('aeef8b9d935e0bd13cef0a04a7827aa19b357893f8919654b7ff2091b8560ce274dd7a6765b9b00f',176,1,'MyApp','[]',0,'2019-04-02 06:17:29','2019-04-02 06:17:29','2020-04-02 06:17:29'),('af265bb324465095d78dade610eb02056908205808427b6a926917f9fbdbc56239f3ecfeac11555c',429,1,'MyApp','[]',0,'2019-04-25 02:56:00','2019-04-25 02:56:00','2020-04-25 02:56:00'),('af274a0b379c9608a09bdee71c3e0477211c6749494dc5414ba9e5ba815fe9f08c2373be1144278b',17,1,'MyApp','[]',0,'2019-03-22 13:19:05','2019-03-22 13:19:05','2020-03-22 13:19:05'),('af38b0715cc3a1e3e3a8a212e3bfeba3f3a23f4bc66da9bccec6ef50c4985e358375eed9e5d0391e',573,1,'MyApp','[]',0,'2019-04-27 02:49:42','2019-04-27 02:49:42','2020-04-27 02:49:42'),('af397fd5472ac82f7e622135bc22c48c1f20def6e19605162c46d3d773bc549712a6cada24b9c911',421,1,'MyApp','[]',0,'2019-05-07 06:43:47','2019-05-07 06:43:47','2020-05-07 06:43:47'),('af5055d19550a4773086aa8aa1f46e68abf55d6f8e2f68a0b7e1d36fa988b585126c1dc96f05437f',17,1,'MyApp','[]',0,'2019-03-26 14:26:15','2019-03-26 14:26:15','2020-03-26 14:26:15'),('af55a6f2066c36ffc1d6f47f4726ca6cfd81526f56d6cc85de8b70125d6a4506affa7eda55a72ecb',425,1,'MyApp','[]',0,'2019-04-13 06:04:59','2019-04-13 06:04:59','2020-04-13 06:04:59'),('b0552a35940d9e5e5b943aae53eccfd6da066b6b05f3ac31469bd68f67695a51ebd80ba3faaa8653',17,1,'MyApp','[]',0,'2019-03-26 12:35:15','2019-03-26 12:35:15','2020-03-26 12:35:15'),('b09b4827c184070863682deadf5458da759ceb91ee6373a5c7b8c7707d534c34a12b4100fb5dfec9',597,1,'MyApp','[]',0,'2019-05-01 06:04:19','2019-05-01 06:04:19','2020-05-01 06:04:19'),('b0de3e3ff61a30aef9e0049142971878845d0b3957403dc07f36b29b76712b3ff8b22e72ee2af864',421,1,'MyApp','[]',0,'2019-05-07 02:01:22','2019-05-07 02:01:22','2020-05-07 02:01:22'),('b121ecbe28879fcdb43e5927dbe667a8d8523a7bf9969e33e1e5a96361622c0b91805f45252a3b5c',310,1,'MyApp','[]',0,'2019-04-05 05:05:11','2019-04-05 05:05:11','2020-04-05 05:05:11'),('b1675aad50cb8b28689210aaa9fee9ed60c69dc29ac8ee199448b1c61a45a73b6dbef3b0b4fdace2',422,1,'MyApp','[]',0,'2019-04-10 01:32:46','2019-04-10 01:32:46','2020-04-10 01:32:46'),('b178bb1f9a036385093427fac3b50f0e0449f1fc5d3934f532086673a413cf001d0a1fe04b42f709',450,1,'MyApp','[]',0,'2019-04-19 01:50:29','2019-04-19 01:50:29','2020-04-19 01:50:29'),('b1f4b8524e8ce33d073d32be6d2dbbaf133b9b171bbdf8697a340a0bd778f38b91dc2ce24119bab5',263,1,'MyApp','[]',0,'2019-04-05 06:17:34','2019-04-05 06:17:34','2020-04-05 06:17:34'),('b1fd9553ac4a95f666dc95a7c22e40b4889eb7320554d084ad068338405c66ef5171cf1de36e3466',430,1,'MyApp','[]',0,'2019-04-10 04:27:49','2019-04-10 04:27:49','2020-04-10 04:27:49'),('b20c1cd192d8d8d60265fd8e2e6d8d47ae83e36bd845c484712fe53c700e5f92a58be9185b335e34',429,1,'MyApp','[]',0,'2019-04-12 02:05:56','2019-04-12 02:05:56','2020-04-12 02:05:56'),('b2360a39bbe9ddadb0fc6e5e3a62e0a6663f8b557cf81d61561e5f386322a641d6dd25c8baf2dd77',429,1,'MyApp','[]',0,'2019-04-26 04:56:05','2019-04-26 04:56:05','2020-04-26 04:56:05'),('b250882758838998d06933760b93d1b17ee132b256d7d24cce851467849b5d3b156bdfdec8e28d78',230,1,'MyApp','[]',0,'2019-04-03 02:22:29','2019-04-03 02:22:29','2020-04-03 02:22:29'),('b33016fc32a79c5b6011ceab5d6a9d21fea6bccef773ac8433edb798916fa1d77dae8824954dfb28',436,1,'MyApp','[]',0,'2019-04-10 05:26:00','2019-04-10 05:26:00','2020-04-10 05:26:00'),('b3dab338a10cd74a6ffe84a4048b9e507ec7c4f7c60c9aa91c8c2b6f165582573bcb19575cd2bb95',402,1,'MyApp','[]',0,'2019-04-09 07:19:53','2019-04-09 07:19:53','2020-04-09 07:19:53'),('b4074647e474b73587e4f5506691492cd9fb8faed3c3585c52c8864087ed52908830f0fea86213a1',421,1,'MyApp','[]',0,'2019-04-18 09:25:19','2019-04-18 09:25:19','2020-04-18 09:25:19'),('b46e0de81d184247e732b939b66aa1fa6e6cfa6f07ecaaebae1060a012cd83a791ea7ade39653ba4',17,1,'MyApp','[]',0,'2019-03-25 16:00:44','2019-03-25 16:00:44','2020-03-25 16:00:44'),('b4728a6d9cc1a2f0dfd9a550599113102eb47f65a72e51d751772777c000bc770301c84bf2aaa4c9',450,1,'MyApp','[]',0,'2019-04-17 06:57:02','2019-04-17 06:57:02','2020-04-17 06:57:02'),('b479a1632b328a3322487322ad8768254b907ec46952f3d208e3cfd516fabe18c181bbd4b37a79cb',89,1,'MyApp','[]',0,'2019-03-26 14:19:34','2019-03-26 14:19:34','2020-03-26 14:19:34'),('b47c0f2c6aff961e442d7af616db4a90718d8ad792bddd38b378313a849262cee3b99b5990393153',176,1,'MyApp','[]',0,'2019-04-03 01:51:33','2019-04-03 01:51:33','2020-04-03 01:51:33'),('b48a41a9de65a1f9b07a6e50ca7fd0b92f0d1fde49d4a531874391157798bd5bd36de823b728040c',604,1,'MyApp','[]',0,'2019-05-07 08:09:11','2019-05-07 08:09:11','2020-05-07 08:09:11'),('b491143929843ef35450ee4195797b2e784f089a859a1795696623fc39bfd16556dd66ff2ab67b15',554,1,'MyApp','[]',0,'2019-04-24 09:45:15','2019-04-24 09:45:15','2020-04-24 09:45:15'),('b4af06ebef7ef7aeee3af3534aaf5a71c0ca8709a69c6e85969bd15f6931e27e5e04a503c06a6cff',425,1,'MyApp','[]',0,'2019-04-12 09:35:06','2019-04-12 09:35:06','2020-04-12 09:35:06'),('b4d5f1ea05867b7a5eef3f32be83dd2faef05e34feba8ad41857482e262e6fbc3f72e932633a8bf5',274,1,'MyApp','[]',0,'2019-04-05 05:16:49','2019-04-05 05:16:49','2020-04-05 05:16:49'),('b5770f791c7851345df1851f84ba7dc00cd79c43c78ef1ca2e8f8a1a5cf6b88a794e21c12011e274',383,1,'MyApp','[]',0,'2019-04-09 01:41:33','2019-04-09 01:41:33','2020-04-09 01:41:33'),('b67e6f45ba19b848c791779e655999ef35b389a1943f6a7152c8a1792d1567c378b5369465c9d953',421,1,'MyApp','[]',0,'2019-04-19 05:45:11','2019-04-19 05:45:11','2020-04-19 05:45:11'),('b7614aec6e8334f51441f55f6632850f297bf202fc65dd98efb097fe620417bbc56a1fb10aa72588',425,1,'MyApp','[]',0,'2019-04-12 09:11:58','2019-04-12 09:11:58','2020-04-12 09:11:58'),('b76a316520c361f4abae268bd755fc0f2641f2d425fc2ae5959dd92bd720fb3100d1ffffc2f78f6c',14,1,'MyApp','[]',0,'2019-03-22 10:58:17','2019-03-22 10:58:17','2020-03-22 10:58:17'),('b7c7bbe2ca9267aa7e0a90c4bf15e1924bce59f341030dfad4b2febdbb0a1f84e4fdaf7a3ad0290e',414,1,'MyApp','[]',0,'2019-04-09 11:49:05','2019-04-09 11:49:05','2020-04-09 11:49:05'),('b80baaed58d8ece3136880014986048440b95415625bba0d2432c45e5840bc04cef67783c0bf6731',599,1,'MyApp','[]',0,'2019-04-30 02:06:27','2019-04-30 02:06:27','2020-04-30 02:06:27'),('b81ede089e624e23ff6210589344fc69c73b11bdbb22d21b5b96211eea19761c818a1b8d972d46fd',410,1,'MyApp','[]',0,'2019-04-09 07:45:12','2019-04-09 07:45:12','2020-04-09 07:45:12'),('b846fad2c9d2a1f195b9584cbfc07a23a155854f57023cc062a9d6523e5635f164fc956997e9be58',421,1,'MyApp','[]',0,'2019-04-10 00:35:45','2019-04-10 00:35:45','2020-04-10 00:35:45'),('b85390a9b4aa14af0f88dac87c8a760cf6ecd92043523826004e2089722d12978fd82220fe16fdf0',425,1,'MyApp','[]',0,'2019-04-12 09:23:51','2019-04-12 09:23:51','2020-04-12 09:23:51'),('b87f642eb30915f30a77c16ae1420f8c8a48e7a0f86c0a1afea4f2b4cf3a03fc57230e55693faac5',422,1,'MyApp','[]',0,'2019-04-10 01:16:54','2019-04-10 01:16:54','2020-04-10 01:16:54'),('b89b4c7f60317dae1e9e1671a47449fc3d35731712aa07570f3722917fb414904ea91164311b9c0a',312,1,'MyApp','[]',0,'2019-04-05 05:22:37','2019-04-05 05:22:37','2020-04-05 05:22:37'),('b8d8e17885e3024164e5450a6f834d85730782d86738b90ce4bd53b635f762a20331a35dc2567c99',35,1,'MyApp','[]',0,'2019-03-25 10:20:23','2019-03-25 10:20:23','2020-03-25 10:20:23'),('b8e6e4b3c15e2dddf202c40b097eb8118c10c5c6447fd0225f0992f37b44909b2fd9dfa2b0cdf1ae',17,1,'MyApp','[]',0,'2019-03-22 06:30:22','2019-03-22 06:30:22','2020-03-22 06:30:22'),('b92e8a16ba6361b1c174110ac536ad9a5b30172a39e5b196b63b95fa0aa768a6ed4180d20b181982',317,1,'MyApp','[]',0,'2019-04-05 07:19:09','2019-04-05 07:19:09','2020-04-05 07:19:09'),('b96d26391f06d3c730f54d5ce94b4f04492229b2e11e62f20396da80659a26a0c3c8b4c8e4b27ffb',274,1,'MyApp','[]',0,'2019-04-05 02:29:14','2019-04-05 02:29:14','2020-04-05 02:29:14'),('b98c8ee14035f430f3fed07c4802df0b5b9c24fafe1486211f13a101be03106bfdd85bd28c0e4fe6',28,1,'MyApp','[]',0,'2019-03-29 04:45:48','2019-03-29 04:45:48','2020-03-29 04:45:48'),('b9f85309b6e6714344110395c10d0eb983e712e53a8b70de1919442de4c627c59ece64f905664899',596,1,'MyApp','[]',0,'2019-04-30 08:39:25','2019-04-30 08:39:25','2020-04-30 08:39:25'),('ba54d62168c4267a2151bfd20f5e4661353b513f60266a6ca437f8762edeeb2f7797aeb608d44913',17,1,'MyApp','[]',0,'2019-03-22 11:11:21','2019-03-22 11:11:21','2020-03-22 11:11:21'),('bac250373172d6d660e1952f4951e952efdd555e971a148bf0dd85da2097ffdbfa6ce607830e32c8',429,1,'MyApp','[]',0,'2019-04-19 07:46:23','2019-04-19 07:46:23','2020-04-19 07:46:23'),('bb2fddb3e488f8515112f58470265969caf63da41be6b741edeca8e6c98566c47c10196227b22719',352,1,'MyApp','[]',0,'2019-04-08 03:17:00','2019-04-08 03:17:00','2020-04-08 03:17:00'),('bbb6e61f5b0820da458d792cd3330682cf6131f17177eab060c03660d2f38795567034f429a05367',603,1,'MyApp','[]',0,'2019-05-07 08:08:09','2019-05-07 08:08:09','2020-05-07 08:08:09'),('bbcca0dc2cde1da41cae7556bfd2ab009a323376ef58fc918162267b82f269a324acad3ad5c2eb55',376,1,'MyApp','[]',0,'2019-04-09 00:57:29','2019-04-09 00:57:29','2020-04-09 00:57:29'),('bc0484f478e3467a1ea6c50ae6cc1f9c25dc93fd8513e9fcb1616a5580cf579130bbc22534d242d8',477,1,'MyApp','[]',0,'2019-04-16 05:05:43','2019-04-16 05:05:43','2020-04-16 05:05:43'),('bc3c9a96fcb302d0e4e3da92fcf38d75cdd6efc03f6cf2c91be5627e10d0dcbbedc2667a6fcd9b2f',398,1,'MyApp','[]',0,'2019-04-09 06:08:01','2019-04-09 06:08:01','2020-04-09 06:08:01'),('bce443282d367ee7b4ac650f4d8ede71905e8705b0416526a719c10e7390362fc15218e2c5859933',148,1,'MyApp','[]',0,'2019-04-05 02:27:21','2019-04-05 02:27:21','2020-04-05 02:27:21'),('bd090444ca34f5a8253bd3c7c3694dfbc25d67cbd39983a734b40091b264940af4a1dcbfcac17acf',557,1,'MyApp','[]',0,'2019-04-29 03:15:16','2019-04-29 03:15:16','2020-04-29 03:15:16'),('bd2bdfe7e03988a488bb22f485a339d805b6f1992c15b61092d70476814270d6ed3f34aa6d10c81a',246,1,'MyApp','[]',0,'2019-04-03 03:27:12','2019-04-03 03:27:12','2020-04-03 03:27:12'),('bd31056adc8da086375a7353f9f8fc23b40736f7b97ddb0079efd0d46369e010de3e0d82383ae120',180,1,'MyApp','[]',0,'2019-04-04 08:54:41','2019-04-04 08:54:41','2020-04-04 08:54:41'),('bd386799bedbe30629833b04fd0110e8a01afedc52498cc40d1dfc05cccf1787dbc634b1cedde0cc',421,1,'MyApp','[]',0,'2019-05-07 00:40:15','2019-05-07 00:40:15','2020-05-07 00:40:15'),('bd852ec172de872dce427ed9854776d916e727578674efe868ffa09196d361a0a0483492a01927a5',29,1,'MyApp','[]',0,'2019-03-23 09:45:17','2019-03-23 09:45:17','2020-03-23 09:45:17'),('bd85448ae76580f928de772fb7f1f7ffc96ad9a371430a5e95d51bc5b3e5b6614942408a99572f38',421,1,'MyApp','[]',0,'2019-04-17 09:13:29','2019-04-17 09:13:29','2020-04-17 09:13:29'),('bd8aef8168176a95544d77062dda4035bd724d71b078f8e992c778378215d6363b7aaaa3198c7d0c',17,1,'MyApp','[]',0,'2019-03-22 13:33:31','2019-03-22 13:33:31','2020-03-22 13:33:31'),('bd97c77fa08b3ae4d24f0f33be5a459ba73a5ec197bf3b25303652081eca5ab60564c8fd86b633c3',230,1,'MyApp','[]',0,'2019-04-03 01:03:30','2019-04-03 01:03:30','2020-04-03 01:03:30'),('bdb21078ff908c8e09e7c7a0c3f636beaccea32ef3897c2d1e632d406603699e60740f76620f9168',593,1,'MyApp','[]',0,'2019-04-29 09:22:22','2019-04-29 09:22:22','2020-04-29 09:22:22'),('bdff3efd3f61a9073313d0a695a512097ab85f4fe6f16b5a6439a4127be234835efc15c30215bef9',425,1,'MyApp','[]',0,'2019-04-11 01:11:46','2019-04-11 01:11:46','2020-04-11 01:11:46'),('be441f05e08480587ea1e29e8c04bde2b27cb93724564e7385eee76000758432f8dee576bab99fc2',395,1,'MyApp','[]',0,'2019-04-09 05:47:04','2019-04-09 05:47:04','2020-04-09 05:47:04'),('be4b2504109bbdfa1e46917506d80cade12e630eb352c41039f35de2a4d857d1af5199390311ff19',436,1,'MyApp','[]',0,'2019-04-10 05:36:37','2019-04-10 05:36:37','2020-04-10 05:36:37'),('beadcf7170f53fc90479e0ea0ceb9f0a7a9dc0002e621aaa854b6c477837f999ab0693a5a6f049bb',176,1,'MyApp','[]',0,'2019-04-03 01:18:49','2019-04-03 01:18:49','2020-04-03 01:18:49'),('bed5e91b7298eff9949c146ccec29b5f995f3c2ef8db11b449c39a6f9fb9e0a74d4b78bd0b8e28e0',450,1,'MyApp','[]',0,'2019-05-03 02:36:00','2019-05-03 02:36:00','2020-05-03 02:36:00'),('bf1d45322065f57a810238ea5e474ad522cf705adc67e561f0ac23ee64f85fcaa26b2257f5fec114',560,1,'MyApp','[]',0,'2019-04-25 05:26:36','2019-04-25 05:26:36','2020-04-25 05:26:36'),('bf31ae355538b3a02ad7bc8e3a72c3c9398c03835bc129bca7363150af40ef5d05933614a463519a',88,1,'MyApp','[]',0,'2019-04-01 09:08:23','2019-04-01 09:08:23','2020-04-01 09:08:23'),('bf3d9a110a54b4f6910990a19a02f993fcdccc3b67c32a29f8a7e8540a52b983eab291e47d3cd528',421,1,'MyApp','[]',0,'2019-05-07 07:54:10','2019-05-07 07:54:10','2020-05-07 07:54:10'),('bf8c2c2f3419644d91a7645b8ce584217dc4b29854b1f66c802e758a7060add991d4064a4baec4fa',14,1,'MyApp','[]',0,'2019-03-22 06:30:58','2019-03-22 06:30:58','2020-03-22 06:30:58'),('bf97b8b65cfa0fe9abd6a3eafceae3ec34b2130caa8bb3e3b56ce36f2bb34b5348a56ba2383f96b1',450,1,'MyApp','[]',0,'2019-04-25 02:59:33','2019-04-25 02:59:33','2020-04-25 02:59:33'),('bfa8a3f57bd421973f2484838b7b8057daab11aef2d649b7c280d843942e65a757138d18dc51c458',372,1,'MyApp','[]',0,'2019-04-08 09:46:17','2019-04-08 09:46:17','2020-04-08 09:46:17'),('bfd31c17d3e1b367d7a00e0d53512b599ee05c9a7bd205213b6366d90534c6e1826e88a864057858',421,1,'MyApp','[]',0,'2019-05-07 03:14:04','2019-05-07 03:14:04','2020-05-07 03:14:04'),('bfe554b81b1ad57670efe30c4e8de86a61b3dea030d6d8c9934307884e27592001a7d82a1a877a38',177,1,'MyApp','[]',0,'2019-04-02 05:01:18','2019-04-02 05:01:18','2020-04-02 05:01:18'),('bff77461a5b90bc77741805772ff1a7fc4ddf1587abe8333c5005c8d1fc9addfd0301828033cb615',421,1,'MyApp','[]',0,'2019-04-18 01:12:29','2019-04-18 01:12:29','2020-04-18 01:12:29'),('c00e19c85738ca83b37842919f2da1594d94868e3c60203e58902feec781a49f30ca2c3f24311054',398,1,'MyApp','[]',0,'2019-04-09 06:43:05','2019-04-09 06:43:05','2020-04-09 06:43:05'),('c02b01573406ce57beb74d9e77d3cc5d76e043e6a144118ea606d96bbcd8ff965c50b58afe7d892e',17,1,'MyApp','[]',0,'2019-03-22 12:03:48','2019-03-22 12:03:48','2020-03-22 12:03:48'),('c06d20b4ec78b8fe8fb23db0e73c5a9b6fb0ad64fbb886ee5f607fe8d99986f514f8e9ebf71d4aa3',556,1,'MyApp','[]',0,'2019-04-24 03:58:09','2019-04-24 03:58:09','2020-04-24 03:58:09'),('c0acb9a1d704168968ce200382e356fc1560da6ab8fe65a03ef8e868d76ca45d8a6c22f4e4d78d00',299,1,'MyApp','[]',0,'2019-04-05 04:34:44','2019-04-05 04:34:44','2020-04-05 04:34:44'),('c0b00b413e2d04fbc85712993c67ec19ff5d63ca30b7a263268a3ab197fac2ac9412ecf5f9c2e7ed',275,1,'MyApp','[]',0,'2019-04-05 01:48:25','2019-04-05 01:48:25','2020-04-05 01:48:25'),('c0bf641d591c677154acf5bbeb45f1a02742c673937355109998e7854aa6c8fa5db919caac7edd7f',421,1,'MyApp','[]',0,'2019-04-23 06:36:58','2019-04-23 06:36:58','2020-04-23 06:36:58'),('c0e2205718cf11cb9ceff6a064e8d222320e05a5f7b14bd072f274c9a08e890911325c8fadac84c8',21,1,'MyApp','[]',0,'2019-03-22 09:58:02','2019-03-22 09:58:02','2020-03-22 09:58:02'),('c100bce6bb6c69181280f5df610aecdbdfb62e68d22b92cae3f2e05eea0bd7acfca6d93a83f52f1b',450,1,'MyApp','[]',0,'2019-04-11 09:46:55','2019-04-11 09:46:55','2020-04-11 09:46:55'),('c1138684d99f764b11d710c6467fbc0759c3f86b198e610ceb9b1d6ffbb9bbee3052d154713f7794',176,1,'MyApp','[]',0,'2019-04-05 01:32:33','2019-04-05 01:32:33','2020-04-05 01:32:33'),('c12e5cf0bb9933fc72d1e9384950909ec7b9f1e7bd4d33ac8da7498020494d8fe69556c7a153955c',412,1,'MyApp','[]',0,'2019-04-09 08:01:02','2019-04-09 08:01:02','2020-04-09 08:01:02'),('c1ecd32e744d38f414490faac46ddc711647038494009e01fa26c3f42f8413d555cad215efae9266',19,1,'MyApp','[]',0,'2019-03-22 09:33:45','2019-03-22 09:33:45','2020-03-22 09:33:45'),('c25339cef0df36b9ba5e1b39e798c1ec34e4bb064c72f84e390c2e514c8e4d1906e67f44dd87bae5',554,1,'MyApp','[]',0,'2019-04-24 02:26:19','2019-04-24 02:26:19','2020-04-24 02:26:19'),('c28d3fcb6f8670284ab4a05abfca6f1f0f5c4815ca54dd710d0096ce1c889bb8d5896656d0d603be',429,1,'MyApp','[]',0,'2019-04-10 05:05:00','2019-04-10 05:05:00','2020-04-10 05:05:00'),('c2b7905e8f3e2506e3eab5f0d756150348571884a9ef73d432227e8a70d888e8e98891e2e91de660',275,1,'MyApp','[]',0,'2019-04-05 01:33:33','2019-04-05 01:33:33','2020-04-05 01:33:33'),('c2d1de7e2d358bc472eb4bb0ed8ea41ec248f64263538bcf01599a607885063bd7b62399778d2e15',467,1,'MyApp','[]',0,'2019-04-15 03:13:12','2019-04-15 03:13:12','2020-04-15 03:13:12'),('c3d5716310ede6ee00314584562e0f4db85055294996e17ff04235d08881555b01c6dd03f179e059',231,1,'MyApp','[]',0,'2019-04-03 01:00:20','2019-04-03 01:00:20','2020-04-03 01:00:20'),('c46c45f44441794225b4fa6871c720b9d0e6efa1515dc0c8699c619ac2a5b80e80ee1454bb4c2a72',589,1,'MyApp','[]',0,'2019-05-01 04:50:51','2019-05-01 04:50:51','2020-05-01 04:50:51'),('c4908d97abdf665eb17de147d267c6a2992fc0cd4403885dc467f9649d6b4b1e1692efb8fab87049',176,1,'MyApp','[]',0,'2019-04-02 06:12:56','2019-04-02 06:12:56','2020-04-02 06:12:56'),('c4951fecbbdcdc20403af0aa5bfcaefdb228a549d7176f774ed67f4ac483f03d357c9b594fda2532',561,1,'MyApp','[]',0,'2019-04-26 09:41:10','2019-04-26 09:41:10','2020-04-26 09:41:10'),('c4abb8ebeb6225f9620b51ea9fba8d27b5512e021f267d4a126b9156f32b448875956a7c79490d35',341,1,'MyApp','[]',0,'2019-04-05 08:35:39','2019-04-05 08:35:39','2020-04-05 08:35:39'),('c50f4b584dd447df815bc8b2c89da2c808af4dbd6e8d9c299e7a19dd3db7370660decc5b50f257b1',468,1,'MyApp','[]',0,'2019-04-15 03:14:01','2019-04-15 03:14:01','2020-04-15 03:14:01'),('c514c616e985b870087cc899e0124d4a75e42d47ab4044e8086a7dc3c4760b7c4182dc0544e8e3f0',399,1,'MyApp','[]',0,'2019-04-09 06:11:27','2019-04-09 06:11:27','2020-04-09 06:11:27'),('c544527a3b97533794c1dc1efb6f0dd78dc38c5286784e7bbc0a676706443331ebf12c9b336300f9',425,1,'MyApp','[]',0,'2019-04-19 03:17:02','2019-04-19 03:17:02','2020-04-19 03:17:02'),('c58fc065021e67932929e1768448eeb7743883410fc60fd64867f25fe3865522dfff677aac054f1a',543,1,'MyApp','[]',0,'2019-04-23 09:34:56','2019-04-23 09:34:56','2020-04-23 09:34:56'),('c5e361ff62f6ddef89192f7b2926e536041fba63e7c1fbecee18cb4f7a1ced07dbbc8ea9eaacaccc',581,1,'MyApp','[]',0,'2019-04-30 06:40:11','2019-04-30 06:40:11','2020-04-30 06:40:11'),('c6066f6467de2a0bf6d5edeba0ce314adc1b99e0b91f031f1fd2926e583cc689013c7ffb6a588f97',17,1,'MyApp','[]',0,'2019-03-25 18:01:22','2019-03-25 18:01:22','2020-03-25 18:01:22'),('c67766c45fd3ef85fa07c70aca265bb7242e863e6386a8f76a5f98dfa1ed4f1521a3603062b4360c',337,1,'MyApp','[]',0,'2019-04-05 08:20:28','2019-04-05 08:20:28','2020-04-05 08:20:28'),('c67c69495a9dfaa8d788126d1fcb3a4747ecfa3f451ae32d42fda35f5eae104e90e705ed91575a47',425,1,'MyApp','[]',0,'2019-04-22 09:19:30','2019-04-22 09:19:30','2020-04-22 09:19:30'),('c6de55069f298aac5d2db21f4756d5708b0cea97e2acb306cc57d500d3d43d26e61946d21439674b',23,1,'MyApp','[]',0,'2019-03-22 10:51:05','2019-03-22 10:51:05','2020-03-22 10:51:05'),('c707a976c72565a2a92e7a8289c741a28c7609494a3a239de870b555dcf8b29c2d6fa1abbdeb51d0',385,1,'MyApp','[]',0,'2019-04-09 01:44:52','2019-04-09 01:44:52','2020-04-09 01:44:52'),('c7872651e9d3b775af6fa2a6e2c9b2da0113cbe8d448cdb58b8ab3cc8e93a4c5660ff8b09b2868e2',177,1,'MyApp','[]',0,'2019-04-02 08:12:51','2019-04-02 08:12:51','2020-04-02 08:12:51'),('c8026ad0e42cd211c12eeee4a0a047e81667f21b2860e400eb7b45d4ca2d1bce5903ebdb42a594d8',88,1,'MyApp','[]',0,'2019-03-26 17:06:46','2019-03-26 17:06:46','2020-03-26 17:06:46'),('c87c29ab83cded8935cb35eb2fd24d772dfa7897195245867bdf9463fd18f6bf51020b15b7e658a6',17,1,'MyApp','[]',0,'2019-03-27 08:16:30','2019-03-27 08:16:30','2020-03-27 08:16:30'),('c89dc373427f0b1422831259be7684735ac7020a7c8a6a92434aab948c8f93ca182fa6ccadf0cff7',382,1,'MyApp','[]',0,'2019-04-09 01:41:10','2019-04-09 01:41:10','2020-04-09 01:41:10'),('c8c2f9738b3003758ac392b72ea8ec89bf9975d981ef4831f66f329b278521c31178ecac88e9eb29',427,1,'MyApp','[]',0,'2019-04-10 01:37:11','2019-04-10 01:37:11','2020-04-10 01:37:11'),('c8dec6b9462c6dbd5cbfd66260990abe3fbb257d95a62e9b599733e42f630567cbe49d1aacaaf788',91,1,'MyApp','[]',0,'2019-03-26 11:47:07','2019-03-26 11:47:07','2020-03-26 11:47:07'),('c9b898fded516b0226e25678ea1e7e7d5efbd08ac14da5d6f3f8514364a6a8972b199451107777f1',103,1,'MyApp','[]',0,'2019-03-26 15:32:15','2019-03-26 15:32:15','2020-03-26 15:32:15'),('c9c1cd859f9a4eda7175b267f16d83d1a6d0ad0f410a76d438f96d4f0af53b20095cf92dc18a61df',376,1,'MyApp','[]',0,'2019-04-09 00:56:36','2019-04-09 00:56:36','2020-04-09 00:56:36'),('c9ce62662574c1196f9c457e2f1ee1555799b3c1feb8de45b85b3cc4f233839a08b0011dcb827352',557,1,'MyApp','[]',0,'2019-04-25 03:48:44','2019-04-25 03:48:44','2020-04-25 03:48:44'),('c9d304f1a9bfedb0d403c76dc51882cd1f436125311afde197c82a9c1dc0ed67576689ebf5fedae2',421,1,'MyApp','[]',0,'2019-05-07 01:41:12','2019-05-07 01:41:12','2020-05-07 01:41:12'),('ca7506e7d351516785b0c37133b6c5f22d35e6f78400835c242e9bf52f5971f13a86ca8995d2202e',593,1,'MyApp','[]',0,'2019-04-30 06:36:09','2019-04-30 06:36:09','2020-04-30 06:36:09'),('cbfba271f2183528f0970d81d3d56fc53ab056bb58c65fdc01278be4d17a03fad53cadb0ec81ae46',561,1,'MyApp','[]',0,'2019-04-29 02:14:37','2019-04-29 02:14:37','2020-04-29 02:14:37'),('cc7db80bff122db08531e713b2e96a7b788eda3a1da591a90b77a6534ee650c72f1200d03b0256c7',353,1,'MyApp','[]',0,'2019-04-08 08:15:26','2019-04-08 08:15:26','2020-04-08 08:15:26'),('cce9aa5c4f5529f5eb3b285df6d2528d5e4b71baa51cdb299b1fe9c16c1df44bc27730839dc0d3c9',425,1,'MyApp','[]',0,'2019-04-17 06:46:26','2019-04-17 06:46:26','2020-04-17 06:46:26'),('ccf0fb0e012de6ce4126dc8f91859f9ff14967c4e30a0cba36b949c28532dff04dcdd2104ba0e7d5',17,1,'MyApp','[]',0,'2019-03-26 14:48:15','2019-03-26 14:48:15','2020-03-26 14:48:15'),('ccf525324650b88b74f134ef4339356117538d6e9d08bbde217170591c83a4761a7c8ca1d5690a69',398,1,'MyApp','[]',0,'2019-04-09 06:08:21','2019-04-09 06:08:21','2020-04-09 06:08:21'),('cd092c44cf56dd1c8e25759cea220a0ac83ae9360cf791985db9ec34830ff5ecffa17b0694901628',141,1,'MyApp','[]',0,'2019-04-01 05:40:32','2019-04-01 05:40:32','2020-04-01 05:40:32'),('cd0ca9ab064414a0709f625b2acbe20419b992cb24edaea3ff3f9121ceac93816d6434563feb1349',421,1,'MyApp','[]',0,'2019-05-07 01:37:19','2019-05-07 01:37:19','2020-05-07 01:37:19'),('cd1031691e81666f009cc3494b86f14739124ec4f237bebdeebcd1733e8233996b3a2f48ce921e83',421,1,'MyApp','[]',0,'2019-05-07 01:51:13','2019-05-07 01:51:13','2020-05-07 01:51:13'),('cd181f80cdc1d8b62ef50a3b767a2ae612d41b4008e747a1c23a30b8a7f3caa51bf83561552ba54d',270,1,'MyApp','[]',0,'2019-04-04 08:56:23','2019-04-04 08:56:23','2020-04-04 08:56:23'),('cd251e31fa1fc8505ecc50222f871a2ced2af866ef3ff83fcf8b228f52d434108fe5b209b8e09f45',456,1,'MyApp','[]',0,'2019-04-11 04:56:05','2019-04-11 04:56:05','2020-04-11 04:56:05'),('cdb73e8a0f85206958ad3190e5370ea6daf3a9d57e4f039b8b9b2f6718685a20ac509104ad2bede5',89,1,'MyApp','[]',0,'2019-03-26 09:15:52','2019-03-26 09:15:52','2020-03-26 09:15:52'),('cdd403eb37f120d031708f81a4916e18988c588207aaf7cea15a0e17eee911e31ad7bddd05d798de',407,1,'MyApp','[]',0,'2019-04-09 07:35:31','2019-04-09 07:35:31','2020-04-09 07:35:31'),('ce2be60979694ee3ac2eab7f1e635be67843bd10d9209a0b4a3fd3fc57cd4085a7ea05f279ccbaef',99,1,'MyApp','[]',0,'2019-03-26 14:56:07','2019-03-26 14:56:07','2020-03-26 14:56:07'),('ced987a6ec240374933939b11528e57ccc7b129c331c806bca98fba3fbd68474763bbd5ea5638150',421,1,'MyApp','[]',0,'2019-04-10 07:23:37','2019-04-10 07:23:37','2020-04-10 07:23:37'),('cf041806bf21351e8aaa1fb7a1cb2b3756d036b40442a73f0a5fc46bcf3406f8ee8983c413ecaa5e',555,1,'MyApp','[]',0,'2019-04-24 04:39:03','2019-04-24 04:39:03','2020-04-24 04:39:03'),('cf11aeb35a9602094ccf79cca870891d5611b042362faa63cda39f78f81f9e089f8a242353ee8347',421,1,'MyApp','[]',0,'2019-04-30 02:03:38','2019-04-30 02:03:38','2020-04-30 02:03:38'),('cf3265a7edbfe428c405892c8fa211929201891476b1469d52b53669c273cef85b6c83f19a81698c',155,1,'MyApp','[]',0,'2019-04-01 06:12:36','2019-04-01 06:12:36','2020-04-01 06:12:36'),('cf50aa6cad0baec10abd92431eb51ebe9f2247ce47e9cf04482d885bf96a2f5b9aed2d9db99c1ce9',425,1,'MyApp','[]',0,'2019-04-13 05:59:15','2019-04-13 05:59:15','2020-04-13 05:59:15'),('cf6b6f72a542bb4e2655bfe094eef8e40c97ba94c1993cf71a558ce170c88b6419ee4cf758f4b221',599,1,'MyApp','[]',0,'2019-05-01 03:51:33','2019-05-01 03:51:33','2020-05-01 03:51:33'),('cfe37bea890a97e3c59ab575196787f2d5580ac58cef8279cf7bd58040fe755bdb3a2967ec571918',425,1,'MyApp','[]',0,'2019-04-13 06:09:52','2019-04-13 06:09:52','2020-04-13 06:09:52'),('d00f55f7ee27b658e50a0bf59df2d50ab83419721406c7e2b7ba8703552fe9c0f118bc58303906fd',378,1,'MyApp','[]',0,'2019-04-09 01:08:59','2019-04-09 01:08:59','2020-04-09 01:08:59'),('d0439d22de999fdf16e43509cd7069f99927e6737e517417207c82edfbb559e4924487f3f0617533',277,1,'MyApp','[]',0,'2019-04-05 02:19:39','2019-04-05 02:19:39','2020-04-05 02:19:39'),('d088d465bb08ea97a03dd9d17bd8bd23529c6aa5de500e56404c8a1205e36122d938131f86ebfa83',273,1,'MyApp','[]',0,'2019-04-04 09:49:36','2019-04-04 09:49:36','2020-04-04 09:49:36'),('d0ab59e7741e9560e210db307178ab977c80185bcfa3b5e42b2bf8cf37a00cc268869c0b950de6fe',560,1,'MyApp','[]',0,'2019-04-29 03:09:57','2019-04-29 03:09:57','2020-04-29 03:09:57'),('d0edbed6d58f9284c7630f14d9132ba617724f002bdb6ac9d9ebf14fb056e3f7e6719b543bb2fd2a',450,1,'MyApp','[]',0,'2019-04-17 02:21:59','2019-04-17 02:21:59','2020-04-17 02:21:59'),('d174438ffdb3312996cf1905a866eb76ec3ec5b981489a2d133d86851164302863f3d0d5b62880dc',450,1,'MyApp','[]',0,'2019-04-16 06:20:17','2019-04-16 06:20:17','2020-04-16 06:20:17'),('d1ef5f6fcd9de650bad45eaa7feb70cc3d61ff91f1aa9506f9796f8dff61c920d1466956547c78db',88,1,'MyApp','[]',0,'2019-03-29 06:21:05','2019-03-29 06:21:05','2020-03-29 06:21:05'),('d1f58ddc1905ec7035bf9650130e65c5928f6ecbb4526172ed6c9de8bf7b30de38095c620301b3c0',21,1,'MyApp','[]',0,'2019-03-22 10:57:46','2019-03-22 10:57:46','2020-03-22 10:57:46'),('d21a3a6e5271150743eedcc761850ca265ffcdcd0821fe1be5836a03666851b97ad42e1f1a43a1b9',17,1,'MyApp','[]',0,'2019-04-01 08:59:25','2019-04-01 08:59:25','2020-04-01 08:59:25'),('d23adf472d0b077434b43562b8ac4253e1158999abb794f6ee8c58f101cff1d2ff479c75a552c655',443,1,'MyApp','[]',0,'2019-04-10 09:06:14','2019-04-10 09:06:14','2020-04-10 09:06:14'),('d28411296904249d7bc84079e8abb24d1e0dcb435f9c5942674bd17f4eae29be149761da1d068326',263,1,'MyApp','[]',0,'2019-04-05 05:03:33','2019-04-05 05:03:33','2020-04-05 05:03:33'),('d2b7cb032d6b35d898267b89323ab130b8dbe441cba364ca53153eea89eda42e58959e148506cc66',420,1,'MyApp','[]',0,'2019-04-09 12:43:51','2019-04-09 12:43:51','2020-04-09 12:43:51'),('d2d2beef56c012cb436723b6c2868fde656bf31590dad452ae36f5188c029b3ae7e102a6715ba38c',431,1,'MyApp','[]',0,'2019-04-10 04:34:42','2019-04-10 04:34:42','2020-04-10 04:34:42'),('d31e3d716c10af77a0d0da1bffec84d8c67241ccfa265728e93f6835f48a5488da6592d6e627c654',421,1,'MyApp','[]',0,'2019-04-17 06:53:02','2019-04-17 06:53:02','2020-04-17 06:53:02'),('d32161fba0e42c7e5a443d6007e47a3e10d48aff48645b4dd1c91f412906e14f2d982534b9421d2b',17,1,'MyApp','[]',0,'2019-03-22 13:25:56','2019-03-22 13:25:56','2020-03-22 13:25:56'),('d361810a82c225c66497dfded6e9336cbff4e6c6442d7b11603e7b62658a0359b6688e6ede04649b',421,1,'MyApp','[]',0,'2019-04-16 03:16:25','2019-04-16 03:16:25','2020-04-16 03:16:25'),('d450fb8368516345830fdd17414ff049d240685bde901713c7a44aaac39f83fbafa4af7ebfd87082',422,1,'MyApp','[]',0,'2019-04-10 02:44:46','2019-04-10 02:44:46','2020-04-10 02:44:46'),('d4516a8052aa5a459fe6af9f803c5de1d4c0a29e61779c4f60dad6d8f51010774bec70593594b206',336,1,'MyApp','[]',0,'2019-04-08 01:32:43','2019-04-08 01:32:43','2020-04-08 01:32:43'),('d47161a771b9eedd3ad4efcf24f1d57132debd49e042ff321b770898551b83b80c6fa61e4061bc04',586,1,'MyApp','[]',0,'2019-04-29 04:29:00','2019-04-29 04:29:00','2020-04-29 04:29:00'),('d47531bfbe3278f4321e3d9ef9c61de48fe7f1575c8eddbe23911a8ebde143da4703b8adde146f79',433,1,'MyApp','[]',0,'2019-04-10 04:57:10','2019-04-10 04:57:10','2020-04-10 04:57:10'),('d4855768664a538baa8ce08d28859b54823df6db06fc51b84a5312e8ad43577a70bd7c87a4393f90',594,1,'MyApp','[]',0,'2019-05-01 05:21:10','2019-05-01 05:21:10','2020-05-01 05:21:10'),('d4ba6505d1aa2a53d11c0e71eb38f9185458bae4a6b91f5a2daa5ea4bf01fe4582573e9cb7f97803',388,1,'MyApp','[]',0,'2019-04-09 05:17:03','2019-04-09 05:17:03','2020-04-09 05:17:03'),('d4d0db87b4a98187e4026a7707db400470358656df56454299aba06e610f3d79531c4fc9a6b11f39',427,1,'MyApp','[]',0,'2019-04-12 00:52:16','2019-04-12 00:52:16','2020-04-12 00:52:16'),('d508cedf7b0a616090900d5b29ac4c58dfa3a188722db856631adbd8948d3efa5255edded398be93',425,1,'MyApp','[]',0,'2019-04-18 01:40:12','2019-04-18 01:40:12','2020-04-18 01:40:12'),('d55f5467c49151ccc0650ae16371c795a57d48b4c34f1be0739fca5c4c2208fa77512f12463c35aa',421,1,'MyApp','[]',0,'2019-05-07 00:26:23','2019-05-07 00:26:23','2020-05-07 00:26:23'),('d5bc735dabffba5a235f6e70856bee042126a74c3f4519187f3c251a53438e31d50b6c1bdf859862',386,1,'MyApp','[]',0,'2019-04-09 01:47:06','2019-04-09 01:47:06','2020-04-09 01:47:06'),('d5cf363c20bc6a29d4ab319037e4f9edbd75b1a383e71d9e32024dc71a0bedb992f96da6198b9d53',395,1,'MyApp','[]',0,'2019-04-09 06:38:56','2019-04-09 06:38:56','2020-04-09 06:38:56'),('d690dc99209690fc3cfbe238b9a671a80c2eb789cd9a6a08c4ffd72f02b7e53e09f2d60b0020744d',421,1,'MyApp','[]',0,'2019-05-07 01:58:03','2019-05-07 01:58:03','2020-05-07 01:58:03'),('d6eab585788d2664cddc8523a5206db51831800943a2168f3ecabfb36f4f9b477f5c4fd758501637',429,1,'MyApp','[]',0,'2019-04-12 01:47:16','2019-04-12 01:47:16','2020-04-12 01:47:16'),('d6ec2574de72180ac36222d7fa257e7cb974a5a2b36bd4263057d4aebf622ab7de6d677e2a2e7216',421,1,'MyApp','[]',0,'2019-05-07 02:40:05','2019-05-07 02:40:05','2020-05-07 02:40:05'),('d741da8915acfaefd9e2cac439265f66626fb4dc514ef8b93d5496f225d40b275a479d390a578818',450,1,'MyApp','[]',0,'2019-04-24 04:59:54','2019-04-24 04:59:54','2020-04-24 04:59:54'),('d7e4cfc5df522de7ca445ff8733a72c5611f5043f94e98340d6250d80eccf31f8fe0697622e19b4b',425,1,'MyApp','[]',0,'2019-04-13 07:21:30','2019-04-13 07:21:30','2020-04-13 07:21:30'),('d803e425108332757af77d12136abc5709a51f038343f0764473d30ed804a9dc79f098145c860fcb',260,1,'MyApp','[]',0,'2019-04-03 09:36:03','2019-04-03 09:36:03','2020-04-03 09:36:03'),('d84095d39e1cf67a6a0636ec77dc99b4c2769bcf03761c82eb4f62613ef7da0613eae48d3f0f7523',141,1,'MyApp','[]',0,'2019-04-01 06:07:11','2019-04-01 06:07:11','2020-04-01 06:07:11'),('d8853752204805e1721cd091b24f2f21f79b5ba373c2d6187ee6a583300cd2119f34f6663e44424a',421,1,'MyApp','[]',0,'2019-04-17 06:44:03','2019-04-17 06:44:03','2020-04-17 06:44:03'),('d8930ceac6b933c8862f5e5c48af6ba716217050e0590a80b83de9f92bd3c52e68aadc436c36ff64',450,1,'MyApp','[]',0,'2019-04-30 02:03:00','2019-04-30 02:03:00','2020-04-30 02:03:00'),('d8b31483b381e7e7a87c9026af9f384a022014590208c92a899eaf39ab632502d6a40098f793fe0d',421,1,'MyApp','[]',0,'2019-04-25 01:46:35','2019-04-25 01:46:35','2020-04-25 01:46:35'),('d8edfb5d9578e5e5752041c0c8f3634d727f995f3812c035130b4f37072a9fb29c9af6a8829b903e',328,1,'MyApp','[]',0,'2019-04-05 07:56:46','2019-04-05 07:56:46','2020-04-05 07:56:46'),('d92f82db1a20d80ff2c57316b8fb1b8203229d4ce78a5385fb355cbe18158d95cd18c8a0bc9877b1',269,1,'MyApp','[]',0,'2019-04-04 08:44:35','2019-04-04 08:44:35','2020-04-04 08:44:35'),('da3b2d71bd964f0d5c1edae4ade658719113f8765b487da91da8206f063bf58e2a9a31236c99aa1a',425,1,'MyApp','[]',0,'2019-04-15 08:18:42','2019-04-15 08:18:42','2020-04-15 08:18:42'),('da69837b49b82665588bf44c03402b13dbde56cd6c02670a18e7afdd1a9fb870d037c0ad5e7cce23',31,1,'MyApp','[]',0,'2019-03-23 10:05:18','2019-03-23 10:05:18','2020-03-23 10:05:18'),('da90bd49959912dfe6af5b681e6722e36f36a6008d0524d25dd99d42abbee204aa18c553701a23e6',425,1,'MyApp','[]',0,'2019-04-12 09:30:54','2019-04-12 09:30:54','2020-04-12 09:30:54'),('dad970a66411bd27de8482df6c818c102110f656d9aea0167f219d8ad38c7b54239063b4a6c6d6ca',14,1,'MyApp','[]',0,'2019-03-25 11:13:57','2019-03-25 11:13:57','2020-03-25 11:13:57'),('db3004232e9847a5416c7aef663b48f9fad15db60321f1133a258b6a404111500f623539de30ff8b',425,1,'MyApp','[]',0,'2019-04-24 01:37:36','2019-04-24 01:37:36','2020-04-24 01:37:36'),('db87b916b4d5fceb53e7132b0ccdbb3be76e856821aa53c81e47c2de1dbcf2421feb9e2c0c81af43',594,1,'MyApp','[]',0,'2019-05-01 06:03:14','2019-05-01 06:03:14','2020-05-01 06:03:14'),('dbda487a63405f956fcfbfb86b3c32489149b4daee6e5894344bab4b3aa6943252d58258633065cc',357,1,'MyApp','[]',0,'2019-04-08 06:01:14','2019-04-08 06:01:14','2020-04-08 06:01:14'),('dbecb14ce46d74beb1add27bcbb1103f8779e4ea71b062e117dfc3852a902ceeec20597a891a704e',421,1,'MyApp','[]',0,'2019-05-07 01:55:14','2019-05-07 01:55:14','2020-05-07 01:55:14'),('dc22a28d9d14b5251237ad8763bc0aef84a43d439642b978a180608db70621510636ec6438315a0d',560,1,'MyApp','[]',0,'2019-04-26 09:45:54','2019-04-26 09:45:54','2020-04-26 09:45:54'),('dc3d16bc1bbe0021c75e5c4c89981f4827f69daf316c20ad732ae809304f5d4881a6f3e572f7709b',349,1,'MyApp','[]',0,'2019-04-08 03:00:38','2019-04-08 03:00:38','2020-04-08 03:00:38'),('dc72f979f73eb080215effa70bc0da63618de427f62f27cf0140f9191847ad723a1c418b7cf18c86',450,1,'MyApp','[]',0,'2019-05-07 01:10:55','2019-05-07 01:10:55','2020-05-07 01:10:55'),('dc8329614fd93464ad7dfd8c85c55d2520a9e3070a3eca9d9084508123cc3b8cc50f1463b2182d4f',421,1,'MyApp','[]',0,'2019-04-23 02:14:43','2019-04-23 02:14:43','2020-04-23 02:14:43'),('dcca2a859725ca4422e47c0a64581ee31b07ff80bf359746d989475cd196950610999fb6d23e11ff',17,1,'MyApp','[]',0,'2019-03-26 18:13:47','2019-03-26 18:13:47','2020-03-26 18:13:47'),('dd111c69a66cb0777ad9b4694c9508935a9a92774e96bf74245c0f60ed6b039e4ee1e0d6fe668f5e',421,1,'MyApp','[]',0,'2019-05-06 07:55:42','2019-05-06 07:55:42','2020-05-06 07:55:42'),('dd67d066117ab5d359cbe5f28f3af1b5895de0d29c5198c24efd9f0150a1ac95b5f62cfc2c42f1b1',364,1,'MyApp','[]',0,'2019-04-08 05:20:48','2019-04-08 05:20:48','2020-04-08 05:20:48'),('ddff1ff591e7ce24a3d75301d2956110af604c7a6475f557f5548ea3c637a419d1a529f24f0a86a8',475,1,'MyApp','[]',0,'2019-04-16 04:54:57','2019-04-16 04:54:57','2020-04-16 04:54:57'),('de85030e7d3e025e4d1577f340118c7c381026a681f3c854f1d070df283d8ab2f7465bd9aae20888',594,1,'MyApp','[]',0,'2019-04-29 09:24:10','2019-04-29 09:24:10','2020-04-29 09:24:10'),('deb7d79ed54d09a3f659100700f8e07c72bed8b845e88d67e03af60ccdef41e51a81283daf9b4ff7',330,1,'MyApp','[]',0,'2019-04-05 07:59:28','2019-04-05 07:59:28','2020-04-05 07:59:28'),('dec82830da9349c64e2a5130b5cc97248870a238db2cc4b9227e53b1ef49bea44deef2a489bad236',429,1,'MyApp','[]',0,'2019-04-12 08:55:04','2019-04-12 08:55:04','2020-04-12 08:55:04'),('dee68f251b29c621fcc312dc864c5cc4abf375ea3fbeda321ec37884393428984076a40e1fc2ca02',594,1,'MyApp','[]',0,'2019-04-29 10:29:49','2019-04-29 10:29:49','2020-04-29 10:29:49'),('df0106fd92a6eda49e0c705454d41bec8e8dde3794d0199b5fb849e38e83864bda7765b834933940',142,1,'MyApp','[]',0,'2019-03-27 08:11:43','2019-03-27 08:11:43','2020-03-27 08:11:43'),('df27e306b0e6a292b189e9bae3b387c2a2893fa71c9b9abf2f6245e43a5ab6bd2054cbfc866ab248',425,1,'MyApp','[]',0,'2019-04-25 01:45:54','2019-04-25 01:45:54','2020-04-25 01:45:54'),('df638dcdc0a3e821cd9cd26c8f20b18c868bdb1010fb98da021a06797409d9f74bf93555584e54cf',421,1,'MyApp','[]',0,'2019-04-10 06:37:28','2019-04-10 06:37:28','2020-04-10 06:37:28'),('df83293a581e47951d5a4994e1537e2abba3f949227042a63d54486affbba50b1ffc760ad5562d5c',421,1,'MyApp','[]',0,'2019-05-07 03:42:02','2019-05-07 03:42:02','2020-05-07 03:42:02'),('e03268425d25b51386f8e1a4f917b2f0d17e2d568d8f3d6866962f58bc6fd0bf0714dd9cc2b5092f',450,1,'MyApp','[]',0,'2019-04-26 08:40:12','2019-04-26 08:40:12','2020-04-26 08:40:12'),('e068ad40ebdbea05b05cc104831462bc4d75d3cb6a5fdd7af9f6c4d275e5da78c1b2e81e64755e16',429,1,'MyApp','[]',0,'2019-04-16 08:54:15','2019-04-16 08:54:15','2020-04-16 08:54:15'),('e0853211e92412009f067855752b81badd08aaccebce00b3e97a3529ab5db7c2d8f9f355d7e7e10a',372,1,'MyApp','[]',0,'2019-04-08 09:51:37','2019-04-08 09:51:37','2020-04-08 09:51:37'),('e1309438b9e6a29d3cf522f639205e11634c8b383a3ee2c89891729eb1fe15dc3c63532cf36e8960',425,1,'MyApp','[]',0,'2019-04-13 05:56:31','2019-04-13 05:56:31','2020-04-13 05:56:31'),('e168290fe81aa3c6951d2fa61e70045d4e812646a45a1807a0c4ac192d188bfec361f557f1018f76',427,1,'MyApp','[]',0,'2019-04-12 01:32:33','2019-04-12 01:32:33','2020-04-12 01:32:33'),('e17033edc05ffe7f3f2fe97f5480b544bd7980535ee167092e3a8585cfece49c065fa86879ffe546',419,1,'MyApp','[]',0,'2019-04-09 12:34:33','2019-04-09 12:34:33','2020-04-09 12:34:33'),('e18de2652164f20783faefce6b63272e7b73e0edee1d51fab51e106430579a09d8adada81b1cd039',155,1,'MyApp','[]',0,'2019-04-01 05:54:48','2019-04-01 05:54:48','2020-04-01 05:54:48'),('e1a905785c0420bb243a67354f5281104828e81e8906ed038b7945ae3278ad7c33f76cf9c388ff3d',301,1,'MyApp','[]',0,'2019-04-05 04:37:11','2019-04-05 04:37:11','2020-04-05 04:37:11'),('e1b4c166e515fcfdbe216f0f6ddf785639a83602541889b3491a217e4803fe411ae4aa6432901c21',504,1,'MyApp','[]',0,'2019-04-17 05:14:47','2019-04-17 05:14:47','2020-04-17 05:14:47'),('e1cb1775174707ce2747aa6c47c9a662df8a6153a116acd9ce103930387415ca1244c0648aa00f4e',411,1,'MyApp','[]',0,'2019-04-09 07:52:16','2019-04-09 07:52:16','2020-04-09 07:52:16'),('e251745ddc641d1df0dd7fb54e6c268711089e7113dcbf42de0782f74508d1ed0a3656009c77698a',102,1,'MyApp','[]',0,'2019-03-26 15:21:45','2019-03-26 15:21:45','2020-03-26 15:21:45'),('e2ce438582a64229d981b5803d59114ccd98b0efdac98093fb6a9a733fb25ff147b64dec3cee6f5b',421,1,'MyApp','[]',0,'2019-04-19 08:25:13','2019-04-19 08:25:13','2020-04-19 08:25:13'),('e2d1a10ab6a61c770b0fa2e4774ee792e4da4c45b5a632266bff6057737ff3e8caa844bc131a30d8',425,1,'MyApp','[]',0,'2019-04-16 01:36:50','2019-04-16 01:36:50','2020-04-16 01:36:50'),('e31cc9df0628797c87a94bf40fcb67e1cd45075909fa1f13adb66d0305e4cb326b6d121d7c283a48',317,1,'MyApp','[]',0,'2019-04-05 06:17:53','2019-04-05 06:17:53','2020-04-05 06:17:53'),('e32e76dab4eec8bfd1cc0ca51c3005a8be15ffbbffeeb2c67674ffaaf23ef5696dd704e6675e62cf',421,1,'MyApp','[]',0,'2019-05-07 04:51:21','2019-05-07 04:51:21','2020-05-07 04:51:21'),('e33c505235c6dc6b489bb58e35898a6eedbdf422d183b18069127beed759936621f7ac8e10528435',425,1,'MyApp','[]',0,'2019-04-17 04:45:23','2019-04-17 04:45:23','2020-04-17 04:45:23'),('e37173eb9ab2ee140dd163ad31973cbabc365787a7da00d8bb9850f4408b65f74954fa327deb0182',421,1,'MyApp','[]',0,'2019-05-07 04:41:04','2019-05-07 04:41:04','2020-05-07 04:41:04'),('e37fc2e2a2e875bc1e51d3a5c05d8c11e35843079f08be4cafec7ce701a8ecdab92fe10ac0b6f9b8',550,1,'MyApp','[]',0,'2019-04-25 02:27:03','2019-04-25 02:27:03','2020-04-25 02:27:03'),('e3a2d775f510f0d1f2e1fc2ff85e8799c748789d15b5a7ed54e32eb21cccf381281423289f71c768',336,1,'MyApp','[]',0,'2019-04-05 08:26:25','2019-04-05 08:26:25','2020-04-05 08:26:25'),('e3b12a3314be5860930fd2153c4bcd985f62e8a2db052a5248a616ddb0241fd9132504079a42eedf',487,1,'MyApp','[]',0,'2019-04-16 07:52:26','2019-04-16 07:52:26','2020-04-16 07:52:26'),('e3c02421188226ad03e8e4c3871de944ce2aa811ca713ef576e2f01c7f0d11702c25ea78eee20b6f',421,1,'MyApp','[]',0,'2019-04-15 03:30:08','2019-04-15 03:30:08','2020-04-15 03:30:08'),('e3c99c1a0ccca5d772ad7ddfa3f0c98a09aff88f68c0e9ecd3013c5b75f5776441ca23a8af0cb0ca',429,1,'MyApp','[]',0,'2019-05-06 02:34:54','2019-05-06 02:34:54','2020-05-06 02:34:54'),('e3ea2141048942d077802a802f5ed6d8720f47bab0881ebe3752fe24dbedb8a45215e61223d11b99',124,1,'MyApp','[]',0,'2019-03-27 01:01:19','2019-03-27 01:01:19','2020-03-27 01:01:19'),('e4d3cda384bb6ca0eb94868845212267de8065772359456cd782cac7120890e076a816759b6fff9c',421,1,'MyApp','[]',0,'2019-05-07 03:01:15','2019-05-07 03:01:15','2020-05-07 03:01:15'),('e4d4ec27365475b615a72f7c4d5689f926d967de59d61e7afb28a074d73a872c13de7c80e2ab2000',278,1,'MyApp','[]',0,'2019-04-05 02:12:14','2019-04-05 02:12:14','2020-04-05 02:12:14'),('e525d36531634fd00ef3cc16647393984ff627cc0fb7fe81cba7f96d3919dca7ec2ed1495cf7aacc',393,1,'MyApp','[]',0,'2019-04-09 05:19:23','2019-04-09 05:19:23','2020-04-09 05:19:23'),('e5349376176089624c5933a16d1c562d0cfee3d91d39c7707f7db9060ceb04d50864cb13c8d66c07',429,1,'MyApp','[]',0,'2019-04-16 06:27:43','2019-04-16 06:27:43','2020-04-16 06:27:43'),('e5b204b84429cecc090e7432f2481780b14c21ff7a1d4eee57a57cf61a53f66b2853e3bad4dec500',429,1,'MyApp','[]',0,'2019-04-10 08:04:42','2019-04-10 08:04:42','2020-04-10 08:04:42'),('e5ca577893ec071e62b42da83555a0586eab64b47cf3dd588dba25c4fdb1702ddbd2b4d82a49f89c',425,1,'MyApp','[]',0,'2019-04-19 05:45:37','2019-04-19 05:45:37','2020-04-19 05:45:37'),('e626286a3d3e2c863efe38a0273321f6c13ef0b56e40c1f1961b77ca8040bf66dc2201176479ba96',371,1,'MyApp','[]',0,'2019-04-08 09:16:03','2019-04-08 09:16:03','2020-04-08 09:16:03'),('e6c266290fb277ba54827120bbc27dfed42d1afc61caaa4d20ac4dd6fc716671ee79545598cc9671',317,1,'MyApp','[]',0,'2019-04-05 06:15:49','2019-04-05 06:15:49','2020-04-05 06:15:49'),('e6c90067f86219d84290963afe18f71228a955e72ca81dc59942ef4dc939ac2b963fefe4669562bf',431,1,'MyApp','[]',0,'2019-04-10 04:35:45','2019-04-10 04:35:45','2020-04-10 04:35:45'),('e741b1d5ea91e0fb53e4b199f907e9e0420f8f9dbb88a3c2273fc0435e8e28e14c19313aa4d89ed4',277,1,'MyApp','[]',0,'2019-04-05 02:01:51','2019-04-05 02:01:51','2020-04-05 02:01:51'),('e793e82415ff31adc8693fbcb63da47bfd024e45669e1db91badbf765034845245c95678ca3f7c6b',555,1,'MyApp','[]',0,'2019-04-24 02:54:20','2019-04-24 02:54:20','2020-04-24 02:54:20'),('e80a8f259a439aeebc76ddb76a2a205124b2f63bdf7f44613a58ddfad927a2b3bfc8368150dd43d7',505,1,'MyApp','[]',0,'2019-04-19 01:46:29','2019-04-19 01:46:29','2020-04-19 01:46:29'),('e81da79b078ca469a1a092516a95de7ecf59e86896b497e41e15f5ee691727b74cda0d7b9792670a',141,1,'MyApp','[]',0,'2019-03-29 09:01:05','2019-03-29 09:01:05','2020-03-29 09:01:05'),('e88bc8e134fb2b8068bf9efe41ae1f03d20f9143b865f14c421965ddfb9c3627bfe3d0f4ebe4f15b',421,1,'MyApp','[]',0,'2019-05-07 05:25:31','2019-05-07 05:25:31','2020-05-07 05:25:31'),('e93d127ec4505552e2a1857434b05afc85fd1c75f2b795c3062211ebba8837ce12c1ebd764895022',425,1,'MyApp','[]',0,'2019-04-11 01:13:40','2019-04-11 01:13:40','2020-04-11 01:13:40'),('e96d273361716c4528e946b073b9535c98479fab6e40b7fb0e248aed1ae79b8fdfdf7186e2699f2a',430,1,'MyApp','[]',0,'2019-04-10 10:27:48','2019-04-10 10:27:48','2020-04-10 10:27:48'),('e98fd86c68959ed670d8d8cccae09f9f3c5c728fad5e0caf4cf5def04ddf8b07da06690957d6561f',90,1,'MyApp','[]',0,'2019-03-26 11:29:50','2019-03-26 11:29:50','2020-03-26 11:29:50'),('e9a413e395cd52d14d3eaa56b1c8700b80562961fd257a8c8a22f9c5befcaa2ee7aff51edf783ae9',343,1,'MyApp','[]',0,'2019-04-05 08:38:16','2019-04-05 08:38:16','2020-04-05 08:38:16'),('e9db0c11ece6dd568cc1cc1ddf2e2901b0b8a5c8e7f334859dd770c2d8a3b0bd7053676cffc2ebc6',155,1,'MyApp','[]',0,'2019-04-01 07:53:23','2019-04-01 07:53:23','2020-04-01 07:53:23'),('ea20c28e8a7c9f5d69242098bfbb7c65fa8530a011739f0ac76ac0944711078f4259cd2e8cb492a1',560,1,'MyApp','[]',0,'2019-04-29 03:17:34','2019-04-29 03:17:34','2020-04-29 03:17:34'),('ea2f7d642fafc53d5153034093dd73f23770907628d22ee450e5f520e1fbabcf34fe205bcc10f3bd',341,1,'MyApp','[]',0,'2019-04-05 08:35:36','2019-04-05 08:35:36','2020-04-05 08:35:36'),('ea86878c7a7a68dd753065cd3dc26ab820bedabb5cbd6f1a4a23f7c368acbe5c8e9f3d55135eca0b',550,1,'MyApp','[]',0,'2019-04-25 07:26:19','2019-04-25 07:26:19','2020-04-25 07:26:19'),('eac3db8c2a3e46572ed97a68a7f0e46c8938671aacdaa78f2f927532a4187cae51e8b9c59f52bd87',425,1,'MyApp','[]',0,'2019-04-12 09:29:17','2019-04-12 09:29:17','2020-04-12 09:29:17'),('eac62b64ece7a9ce430f69837d90d7260fc3dffe7becef7934dfde035c4bc3fbc5fca00e56dcb6a9',431,1,'MyApp','[]',0,'2019-04-16 09:58:27','2019-04-16 09:58:27','2020-04-16 09:58:27'),('eacf5079a12a2c7d48b19be653ae75204127e28180c1e97531ca94b57da0a79aa85fabbe520a025f',14,1,'MyApp','[]',0,'2019-03-25 16:11:24','2019-03-25 16:11:24','2020-03-25 16:11:24'),('eae9dcf6bf7bb7c7282cce5118c48a994587a14e117eb73743f87ad7561b030b9d429d3d85949d27',421,1,'MyApp','[]',0,'2019-05-07 01:43:51','2019-05-07 01:43:51','2020-05-07 01:43:51'),('eba1db59c0b286ebe2cdf85f75212bba1ddf41df33d98f7b49261a71010e05d517717f9077834669',425,1,'MyApp','[]',0,'2019-04-24 02:07:05','2019-04-24 02:07:05','2020-04-24 02:07:05'),('ec722ec3a645dd06d58fdcf6720cd9c9d8e629bd862a6fb29e6121057ba7f2af2a995f3283fa46cb',388,1,'MyApp','[]',0,'2019-04-09 03:21:21','2019-04-09 03:21:21','2020-04-09 03:21:21'),('ec7757856f7216104fe6feabe76b6a9c5f85ecf2e2f388c3c0a578abb32cd3c65da694ddd93e0b64',546,1,'MyApp','[]',0,'2019-04-23 08:17:35','2019-04-23 08:17:35','2020-04-23 08:17:35'),('ec96fc02666d311099549bfc5f240f1a701d4e18caf26b3da47c902bde1df529964b027646caa25d',421,1,'MyApp','[]',0,'2019-05-06 08:18:22','2019-05-06 08:18:22','2020-05-06 08:18:22'),('ecc31139c4b7c97cce628df22d02a87b0c58c3c1e90df191f951fc4115d6d4890e2898d519b7a6ea',551,1,'MyApp','[]',0,'2019-04-24 01:46:41','2019-04-24 01:46:41','2020-04-24 01:46:41'),('ed117ba7d00f2128de3348bdddfd7c26f7a3e19c9bf833e919f65787d0146b5d7977b640d41c514e',540,1,'MyApp','[]',0,'2019-04-23 02:53:17','2019-04-23 02:53:17','2020-04-23 02:53:17'),('ed3ddc876aac7fa765042b67afa318c7534da1340e3a9fe0554ea9c25586698b913f0f3870903dc8',155,1,'MyApp','[]',0,'2019-04-01 05:53:15','2019-04-01 05:53:15','2020-04-01 05:53:15'),('ee0bcdd49faeecd17db8b18387f245d98df856e6953558aea98f48078609fa1beaebba47ba2d8060',550,1,'MyApp','[]',0,'2019-04-25 02:27:44','2019-04-25 02:27:44','2020-04-25 02:27:44'),('ee1d47f88ab10b8296e29190a28a7fe9477aff160a693268013b4078f68a8eb7c85ea8ab2f10ef4d',450,1,'MyApp','[]',0,'2019-04-23 09:07:07','2019-04-23 09:07:07','2020-04-23 09:07:07'),('ee7f150f87f3ec5fa6203a4dfc3352c96020ff79765e26fbb0fdaa77d436d25d37ce0859bbc83c22',180,1,'MyApp','[]',0,'2019-04-04 05:24:01','2019-04-04 05:24:01','2020-04-04 05:24:01'),('ef1186bb1ec50241b218298b51ea118ac9096d1554da95ef35cae8450da12c62fe54e3f4f1421f86',421,1,'MyApp','[]',0,'2019-05-07 01:41:09','2019-05-07 01:41:09','2020-05-07 01:41:09'),('ef1d36c34ace7219d030304df805a4041a3cd56afe21219fc6da67982c071ed303218061c7e4ebaa',387,1,'MyApp','[]',0,'2019-04-09 01:49:02','2019-04-09 01:49:02','2020-04-09 01:49:02'),('ef595cbe224088bc5f2838d2f71cb6f12696e2112fb6d26eb5ca8a0405aa1f896403475b82d9131c',425,1,'MyApp','[]',0,'2019-05-07 01:36:53','2019-05-07 01:36:53','2020-05-07 01:36:53'),('efbf6706d728995e4759caa2646a6602e7be66d10a7eff7af8278a58f3f0f3456e2173add073690a',141,1,'MyApp','[]',0,'2019-03-29 09:08:27','2019-03-29 09:08:27','2020-03-29 09:08:27'),('f033b31bccc351e128fcc0ef8c99c86ca272101389286a79fe1d2b60bf6cebabbb913138d0b19696',450,1,'MyApp','[]',0,'2019-04-23 01:37:54','2019-04-23 01:37:54','2020-04-23 01:37:54'),('f05f4956a711e7fcdc8e3d38040e56ba76e0b8b96d092f25f4d3ded0b44d81fd6b8afe8cd6544fd1',584,1,'MyApp','[]',0,'2019-04-29 03:36:35','2019-04-29 03:36:35','2020-04-29 03:36:35'),('f0b49c9ce1393330f3fbdaa9175a27bd7f1003d58edf75ac2f5c47a5babe3fecda0b7d26ffec9f40',421,1,'MyApp','[]',0,'2019-04-12 09:28:26','2019-04-12 09:28:26','2020-04-12 09:28:26'),('f122a5318034bb4d3c5a9a43d4834bb46a9cda8a8b6660e2d20680b760c2b2daf2a2646657f2f2c5',16,1,'MyApp','[]',0,'2019-03-22 06:13:00','2019-03-22 06:13:00','2020-03-22 06:13:00'),('f1853afcca9e9a384e0d6533331ea7f0b3742d39715e5ba22d65473f677e99293b227bc91e465474',429,1,'MyApp','[]',0,'2019-04-23 05:10:53','2019-04-23 05:10:53','2020-04-23 05:10:53'),('f207f15e9ab931b6a1c180381f9c808478d804fe722a20f7d2f052b9e69a0299ff1cb371575cd113',425,1,'MyApp','[]',0,'2019-04-12 08:40:18','2019-04-12 08:40:18','2020-04-12 08:40:18'),('f2316e4f6883d60f7d4e59c814555b5fef3f6942c65914c9ace1419e7d556bc951647d85169f10be',377,1,'MyApp','[]',0,'2019-04-09 00:59:15','2019-04-09 00:59:15','2020-04-09 00:59:15'),('f304db999c98dca0a3fdb90b8f1dffed8786f622630853e38dcd89935abac06f376a663470ab124d',108,1,'MyApp','[]',0,'2019-03-26 16:51:50','2019-03-26 16:51:50','2020-03-26 16:51:50'),('f309db33235761f9680e94e7de9871d37b98b76ecae43fed1691fe864c8f5402b1a34745219c203f',349,1,'MyApp','[]',0,'2019-04-08 03:10:50','2019-04-08 03:10:50','2020-04-08 03:10:50'),('f32c4d24b33c3ed86ded65f6b282fd9affd4323856583feb27372892091878f65ed263523b7f6205',421,1,'MyApp','[]',0,'2019-05-07 02:57:45','2019-05-07 02:57:45','2020-05-07 02:57:45'),('f38d66ea46c1dcde67e8caa5dd4b38e2a7f9d291a950b92b510849d77bb28847ef4ad8da4049fb18',474,1,'MyApp','[]',0,'2019-04-16 05:00:49','2019-04-16 05:00:49','2020-04-16 05:00:49'),('f3f1af5d01b4d2b8525ef902e507c8fc847f33e07b0d9ea2abb229a2f8e0d39043869563e1c1ba8f',597,1,'MyApp','[]',0,'2019-05-01 05:38:31','2019-05-01 05:38:31','2020-05-01 05:38:31'),('f44e7c18f4ef40caadfc5bc3e35f3bf0b9ec9a343d04a58946119503d8e381d2c54e74fb3c914eb4',425,1,'MyApp','[]',0,'2019-04-12 05:26:05','2019-04-12 05:26:05','2020-04-12 05:26:05'),('f45c33a21278fc6ce0d73e2b66d1c37236d1c5531ba13a832596d1ce7d1477d10b99ed6216009c5a',483,1,'MyApp','[]',0,'2019-04-16 05:29:35','2019-04-16 05:29:35','2020-04-16 05:29:35'),('f45e6527ad65dc82de57970ecc9dbf48ebb735752d998ec33246e0cfa167c0855e0d6097e01e6397',274,1,'MyApp','[]',0,'2019-04-05 01:08:02','2019-04-05 01:08:02','2020-04-05 01:08:02'),('f4c00984bb194e60ee8c1077556ee6e5993a25ab07d7b96cb2dcbfb5d1fe48f590d546249a821547',408,1,'MyApp','[]',0,'2019-04-09 07:36:08','2019-04-09 07:36:08','2020-04-09 07:36:08'),('f53919ffd47157893badb381fa9b7465cd7f057c69cbad46e068244706d44486999afcf722f58bfb',450,1,'MyApp','[]',0,'2019-04-30 08:09:13','2019-04-30 08:09:13','2020-04-30 08:09:13'),('f5746c640c5e61aee8eafd7e39af84317b8f41b33d2c8de9ee7a7757219154bc70334d3afc59a509',25,1,'MyApp','[]',0,'2019-03-22 10:55:15','2019-03-22 10:55:15','2020-03-22 10:55:15'),('f640b28095b7ea11dd2d3e6eb84cc705c22993d812b94896a69e336f7cd343faee0c38b424483150',421,1,'MyApp','[]',0,'2019-04-22 05:44:03','2019-04-22 05:44:03','2020-04-22 05:44:03'),('f66edc2cc94ca8e793d66ffab2f92ffc08ecc0c170c4cd2661be5a624289d1bbeb4ee75ac4b41549',425,1,'MyApp','[]',0,'2019-04-30 04:53:19','2019-04-30 04:53:19','2020-04-30 04:53:19'),('f6a0bcf11356040430e92b2436a9f1ce9e04d491ebc9c8f98f397997629befa9586ebb7120117f4c',505,1,'MyApp','[]',0,'2019-04-19 01:45:05','2019-04-19 01:45:05','2020-04-19 01:45:05'),('f6d20e4e5b25a6c984541ebd2c786000a7ec58d3e8d869b23961a53ba1b29dea45c673a24c8370f8',593,1,'MyApp','[]',0,'2019-04-30 02:10:46','2019-04-30 02:10:46','2020-04-30 02:10:46'),('f70d82238f042a78c7b1a7bb605b0257eb7815efec46f2a997a0ceaa18100b0cca2c35510a677d69',21,1,'MyApp','[]',0,'2019-03-22 09:58:24','2019-03-22 09:58:24','2020-03-22 09:58:24'),('f785919a4615ebc489077100ff63b561ac1078fdde0e61df9bf8bbe3fa3f2446a2ac8bba08b41bb4',573,1,'MyApp','[]',0,'2019-04-27 05:09:28','2019-04-27 05:09:28','2020-04-27 05:09:28'),('f7bb20c3b8922a6c76ca89a278f6ad9aec5cf45779f2d81181b84d4b4d04951510de0c278bdbdac9',429,1,'MyApp','[]',0,'2019-05-02 03:53:55','2019-05-02 03:53:55','2020-05-02 03:53:55'),('f7ddd1dd392c7234f6de93ed914d9d59f9de84b6302ceec16a456676bdcb10b9a875cabaaed403e3',89,1,'MyApp','[]',0,'2019-04-02 04:48:11','2019-04-02 04:48:11','2020-04-02 04:48:11'),('f8558396f118e4dcdccce2c6604d47b05346bbb1586b412e5d749a6128642f59509634bf0f5e4a9e',479,1,'MyApp','[]',0,'2019-04-16 07:40:52','2019-04-16 07:40:52','2020-04-16 07:40:52'),('f85b546c0d77ca1720016e272b089089fabe761c6627e4a4664fcca34c4008164d593c8dbf25ea7d',457,1,'MyApp','[]',0,'2019-04-11 07:12:27','2019-04-11 07:12:27','2020-04-11 07:12:27'),('f87d1d5193f568b47b9ea8607cd9fe810d46702a4f76e0530d705c4d35ee3919f663a606786b8eab',421,1,'MyApp','[]',0,'2019-04-29 02:45:18','2019-04-29 02:45:18','2020-04-29 02:45:18'),('f935e527dccc97358888365c173737decd2de311deba2a76b3a1366f8f55c5e53a8f67ec81c4fb6a',269,1,'MyApp','[]',0,'2019-04-04 09:46:18','2019-04-04 09:46:18','2020-04-04 09:46:18'),('f952bd2574118966b27e7140ccd70737f593df6d7976f234b7ae227ef51f41a5506dc826470d8504',421,1,'MyApp','[]',0,'2019-04-23 01:36:35','2019-04-23 01:36:35','2020-04-23 01:36:35'),('f956f6e65c58878e9328d0491e061d4530b178f967f5bc4ccf689b7e00fc69ee185b40936563f83a',584,1,'MyApp','[]',0,'2019-04-30 02:03:16','2019-04-30 02:03:16','2020-04-30 02:03:16'),('f97c3ab8360fc37671dd627bb3f8bb82b36118f73244c71c3731e352be3bc6cdb74875dd2f2eaad6',429,1,'MyApp','[]',0,'2019-04-19 02:12:50','2019-04-19 02:12:50','2020-04-19 02:12:50'),('f97f5deda065d87b64fce1fed46301fe1483377c65cab82ffa49806b47c5391742a32f286a9e57c2',98,1,'MyApp','[]',0,'2019-03-26 14:46:31','2019-03-26 14:46:31','2020-03-26 14:46:31'),('f981e378414550e54ddbf0e199f560d1c2f44edf6caec29823bc486b970347f41d39190f1976eb4d',430,1,'MyApp','[]',0,'2019-04-10 03:52:04','2019-04-10 03:52:04','2020-04-10 03:52:04'),('f9bfadda7b8b2673b4f676b53f802d67099281d2a3a9dcf544cd64de4fca66d7da370ebb5a0afe65',416,1,'MyApp','[]',0,'2019-04-09 09:28:05','2019-04-09 09:28:05','2020-04-09 09:28:05'),('f9cb2bb72c91bb5b1259a00f6ee566a2f83d9f0959d12f65877b67d5bb043588649c762650b68821',88,1,'MyApp','[]',0,'2019-03-27 08:14:01','2019-03-27 08:14:01','2020-03-27 08:14:01'),('f9d8d44d1550bc10e46b5c062b0fe3ff51f2d9eacd52fb1ac34376062f460b9ea155329aecd07d7f',403,1,'MyApp','[]',0,'2019-04-09 07:26:19','2019-04-09 07:26:19','2020-04-09 07:26:19'),('fa2f7924eda58b2fcd0d676fca1e19f27c2cf0456ed4e2560730bf22461da0c2eb7de7f5b2096983',450,1,'MyApp','[]',0,'2019-04-11 02:33:21','2019-04-11 02:33:21','2020-04-11 02:33:21'),('fa9f260f78c7c4376dae7398ae43ef9bdb626a95fcb6111f594295953ea007572b21ad08db436fe6',421,1,'MyApp','[]',0,'2019-04-29 06:00:08','2019-04-29 06:00:08','2020-04-29 06:00:08'),('fabbce5df8b68af43a745c61d4cb96cb47b81e26752d1423c150cc7977c8b0e50782f1d1808fadc9',485,1,'MyApp','[]',0,'2019-04-16 07:39:46','2019-04-16 07:39:46','2020-04-16 07:39:46'),('fb1eeb70abbe922e62fca9937366898db9223d85c303c9d6c8787167410d374c3d16df1cd98d43e7',596,1,'MyApp','[]',0,'2019-05-01 08:12:00','2019-05-01 08:12:00','2020-05-01 08:12:00'),('fb4b1dc500fd427984e0781ececcb70f5d1383c2ba3ec36935cabf581116b86f9b39e0d325ec7ad7',17,1,'MyApp','[]',0,'2019-03-26 11:06:04','2019-03-26 11:06:04','2020-03-26 11:06:04'),('fb97844f01a65630e322ced6b5997bb71dc4971e12ba1af93bae917094e60af4c69491dd4c368947',90,1,'MyApp','[]',0,'2019-03-26 11:29:17','2019-03-26 11:29:17','2020-03-26 11:29:17'),('fba2519ac64442c905c301af4c08f8f80c3ace6194721fe6aa8bb45686ab27437f716a20bd83839a',497,1,'MyApp','[]',0,'2019-04-16 10:06:00','2019-04-16 10:06:00','2020-04-16 10:06:00'),('fbf0ae785e81a13690c208be7d4e833e70c33e02f2c54c2829b302c55d306df76ec0a71922b9d827',439,1,'MyApp','[]',0,'2019-04-10 08:29:52','2019-04-10 08:29:52','2020-04-10 08:29:52'),('fbf67ac7eb777b3354c81147af8d6ea2e40f1b0df10faff731d59830d7ed4db6148655a3cb7461de',425,1,'MyApp','[]',0,'2019-04-19 08:23:19','2019-04-19 08:23:19','2020-04-19 08:23:19'),('fc02f7ab0df9db5527c5204a257cda1d89b428121ceedc627c309dd18e66b3de6969915db494af8b',450,1,'MyApp','[]',0,'2019-04-24 08:36:42','2019-04-24 08:36:42','2020-04-24 08:36:42'),('fc07cf4898469971c2f12daf14cf52c0d415739d35ab7e8a87359cf1f05b0e727e2e1cf589cfb3a5',585,1,'MyApp','[]',0,'2019-04-29 04:22:10','2019-04-29 04:22:10','2020-04-29 04:22:10'),('fc971405dc0200f807282ede6745b1623c309be3d91fa4f9cd2420ddf20250ee88f542cdaf2245de',357,1,'MyApp','[]',0,'2019-04-08 04:02:34','2019-04-08 04:02:34','2020-04-08 04:02:34'),('fd01439b61b02dc341b879493f3627275ff6b371d79065a31270c03143d9b4c03caf6f002239d247',17,1,'MyApp','[]',0,'2019-03-22 11:15:28','2019-03-22 11:15:28','2020-03-22 11:15:28'),('feaff927daf2627684d368d759c3cf2275fa0d95ee0d80064eed610127b80211809cf89ca53673a2',347,1,'MyApp','[]',0,'2019-04-08 01:23:00','2019-04-08 01:23:00','2020-04-08 01:23:00'),('febe72f493267c489c51ad66cdd5afdaffc1380b31ec74416e0f2591d597d2281f4e3a8f08deb533',176,1,'MyApp','[]',0,'2019-04-03 01:18:40','2019-04-03 01:18:40','2020-04-03 01:18:40'),('fed6333314e9947442a6bb901eb52f1cecc04111f37e9a77a8754f1ae6a86c1b1f553b565d019f11',421,1,'MyApp','[]',0,'2019-05-07 03:21:43','2019-05-07 03:21:43','2020-05-07 03:21:43'),('ffdfc92d19ea67ef926cbe039a7895cfc1e4d6d370981feaf327283682bb0a6c38845113599d8f5a',88,1,'MyApp','[]',0,'2019-04-01 06:40:25','2019-04-01 06:40:25','2020-04-01 06:40:25'),('ffeb068b60ba6a2d889e9702e7aaed0a946e02a423b11d6f9c9c6119673d5612e2fe14c51b2b00b8',263,1,'MyApp','[]',0,'2019-04-05 05:28:48','2019-04-05 05:28:48','2020-04-05 05:28:48');
/*!40000 ALTER TABLE `oauth_access_tokens` ENABLE KEYS */;
UNLOCK TABLES;

--
-- Table structure for table `oauth_auth_codes`
--

DROP TABLE IF EXISTS `oauth_auth_codes`;
/*!40101 SET @saved_cs_client     = @@character_set_client */;
/*!40101 SET character_set_client = utf8 */;
CREATE TABLE `oauth_auth_codes` (
  `id` varchar(100) COLLATE utf8mb4_unicode_ci NOT NULL,
  `user_id` int(11) NOT NULL,
  `client_id` int(10) unsigned NOT NULL,
  `scopes` text COLLATE utf8mb4_unicode_ci,
  `revoked` tinyint(1) NOT NULL,
  `expires_at` datetime DEFAULT NULL,
  PRIMARY KEY (`id`)
) ENGINE=InnoDB DEFAULT CHARSET=utf8mb4 COLLATE=utf8mb4_unicode_ci;
/*!40101 SET character_set_client = @saved_cs_client */;

--
-- Dumping data for table `oauth_auth_codes`
--

LOCK TABLES `oauth_auth_codes` WRITE;
/*!40000 ALTER TABLE `oauth_auth_codes` DISABLE KEYS */;
/*!40000 ALTER TABLE `oauth_auth_codes` ENABLE KEYS */;
UNLOCK TABLES;

--
-- Table structure for table `oauth_clients`
--

DROP TABLE IF EXISTS `oauth_clients`;
/*!40101 SET @saved_cs_client     = @@character_set_client */;
/*!40101 SET character_set_client = utf8 */;
CREATE TABLE `oauth_clients` (
  `id` int(10) unsigned NOT NULL AUTO_INCREMENT,
  `user_id` int(11) DEFAULT NULL,
  `name` varchar(191) COLLATE utf8mb4_unicode_ci NOT NULL,
  `secret` varchar(100) COLLATE utf8mb4_unicode_ci NOT NULL,
  `redirect` text COLLATE utf8mb4_unicode_ci NOT NULL,
  `personal_access_client` tinyint(1) NOT NULL,
  `password_client` tinyint(1) NOT NULL,
  `revoked` tinyint(1) NOT NULL,
  `created_at` timestamp NULL DEFAULT NULL,
  `updated_at` timestamp NULL DEFAULT NULL,
  PRIMARY KEY (`id`),
  KEY `oauth_clients_user_id_index` (`user_id`)
) ENGINE=InnoDB AUTO_INCREMENT=3 DEFAULT CHARSET=utf8mb4 COLLATE=utf8mb4_unicode_ci;
/*!40101 SET character_set_client = @saved_cs_client */;

--
-- Dumping data for table `oauth_clients`
--

LOCK TABLES `oauth_clients` WRITE;
/*!40000 ALTER TABLE `oauth_clients` DISABLE KEYS */;
INSERT INTO `oauth_clients` VALUES (1,NULL,'Omnee Personal Access Client','2jtupzS0kyQDGoyiJeSQT6ohdjVSxEIyxVbMU0WX','http://localhost',1,0,0,'2019-03-14 13:12:55','2019-03-14 13:12:55'),(2,NULL,'Omnee Password Grant Client','UeyIWkSQCd5ItHtRNenLSOJYBrlTNX4TkYS4CIMz','http://localhost',0,1,0,'2019-03-14 13:12:55','2019-03-14 13:12:55');
/*!40000 ALTER TABLE `oauth_clients` ENABLE KEYS */;
UNLOCK TABLES;

--
-- Table structure for table `oauth_personal_access_clients`
--

DROP TABLE IF EXISTS `oauth_personal_access_clients`;
/*!40101 SET @saved_cs_client     = @@character_set_client */;
/*!40101 SET character_set_client = utf8 */;
CREATE TABLE `oauth_personal_access_clients` (
  `id` int(10) unsigned NOT NULL AUTO_INCREMENT,
  `client_id` int(10) unsigned NOT NULL,
  `created_at` timestamp NULL DEFAULT NULL,
  `updated_at` timestamp NULL DEFAULT NULL,
  PRIMARY KEY (`id`),
  KEY `oauth_personal_access_clients_client_id_index` (`client_id`)
) ENGINE=InnoDB AUTO_INCREMENT=2 DEFAULT CHARSET=utf8mb4 COLLATE=utf8mb4_unicode_ci;
/*!40101 SET character_set_client = @saved_cs_client */;

--
-- Dumping data for table `oauth_personal_access_clients`
--

LOCK TABLES `oauth_personal_access_clients` WRITE;
/*!40000 ALTER TABLE `oauth_personal_access_clients` DISABLE KEYS */;
INSERT INTO `oauth_personal_access_clients` VALUES (1,1,'2019-03-14 13:12:55','2019-03-14 13:12:55');
/*!40000 ALTER TABLE `oauth_personal_access_clients` ENABLE KEYS */;
UNLOCK TABLES;

--
-- Table structure for table `oauth_refresh_tokens`
--

DROP TABLE IF EXISTS `oauth_refresh_tokens`;
/*!40101 SET @saved_cs_client     = @@character_set_client */;
/*!40101 SET character_set_client = utf8 */;
CREATE TABLE `oauth_refresh_tokens` (
  `id` varchar(100) COLLATE utf8mb4_unicode_ci NOT NULL,
  `access_token_id` varchar(100) COLLATE utf8mb4_unicode_ci NOT NULL,
  `revoked` tinyint(1) NOT NULL,
  `expires_at` datetime DEFAULT NULL,
  PRIMARY KEY (`id`),
  KEY `oauth_refresh_tokens_access_token_id_index` (`access_token_id`)
) ENGINE=InnoDB DEFAULT CHARSET=utf8mb4 COLLATE=utf8mb4_unicode_ci;
/*!40101 SET character_set_client = @saved_cs_client */;

--
-- Dumping data for table `oauth_refresh_tokens`
--

LOCK TABLES `oauth_refresh_tokens` WRITE;
/*!40000 ALTER TABLE `oauth_refresh_tokens` DISABLE KEYS */;
/*!40000 ALTER TABLE `oauth_refresh_tokens` ENABLE KEYS */;
UNLOCK TABLES;

--
-- Table structure for table `pages`
--

DROP TABLE IF EXISTS `pages`;
/*!40101 SET @saved_cs_client     = @@character_set_client */;
/*!40101 SET character_set_client = utf8 */;
CREATE TABLE `pages` (
  `id` int(10) unsigned NOT NULL AUTO_INCREMENT,
  `name` varchar(64) COLLATE utf8mb4_unicode_ci NOT NULL,
  `content` text COLLATE utf8mb4_unicode_ci,
  `created_by` int(10) unsigned DEFAULT NULL,
  `updated_by` int(10) unsigned DEFAULT NULL,
  `created_at` timestamp NULL DEFAULT NULL,
  `updated_at` timestamp NULL DEFAULT NULL,
  PRIMARY KEY (`id`)
) ENGINE=InnoDB AUTO_INCREMENT=4 DEFAULT CHARSET=utf8mb4 COLLATE=utf8mb4_unicode_ci;
/*!40101 SET character_set_client = @saved_cs_client */;

--
-- Dumping data for table `pages`
--

LOCK TABLES `pages` WRITE;
/*!40000 ALTER TABLE `pages` DISABLE KEYS */;
INSERT INTO `pages` VALUES (1,'About Us','<h2>About Omnee Home</h2>\r\n\r\n<h3>The only tool your home will ever need</h3>\r\n\r\n<p>A home is where we feel&nbsp;safe. It&#39;s a place where we find peace and rest after a long day. It&#39;s where we gather to be with those close to us. It is often a representation of our&nbsp;tastes and values. It is such an important part of our everyday lives.&nbsp;<br />\r\n<br />\r\nWhen the time comes for an upgrade or repair in your home,&nbsp;who do you choose?&nbsp;Do you have a&nbsp;network of specialists you can trust?&nbsp;With so many options available to you through online advertising, social media and local directories, it can be difficult to know what choice to make. How do you find the balance between&nbsp;quality work&nbsp;and a&nbsp;fair price?&nbsp;How can you be sure that the service provider you hire will be&nbsp;reliable&nbsp;and have&nbsp;good communication?&nbsp;Do you have the time to ensure that&nbsp;everything stays in writing, while also managing the entire process?&nbsp;<br />\r\n<br />\r\nOmnee&nbsp;has created effective&nbsp;solutions&nbsp;to the most common problems homeowners have to deal with, when making upgrades and repairs to our homes.&nbsp;</p>\r\n\r\n<p>When the time comes for an upgrade or repair in your home,&nbsp;who do you choose?&nbsp;Do you have a&nbsp;network of specialists you can trust?&nbsp;With so many options available to you through online advertising, social media and local directories, it can be difficult to know what choice to make. How do you find the balance between&nbsp;quality work&nbsp;and a&nbsp;fair price?&nbsp;How can you be sure that the service provider you hire will be&nbsp;reliable&nbsp;and have&nbsp;good communication?&nbsp;Do you have the time to ensure that&nbsp;everything stays in writing, while also managing the entire process?&nbsp;<br />\r\n<br />\r\nOmnee&nbsp;has created effective&nbsp;solutions&nbsp;to the most common problems homeowners have to deal with, when making upgrades and repairs to our homes.&nbsp;</p>',NULL,1,'2019-03-14 01:12:37','2019-04-24 01:33:02'),(2,'FAQ','<p><strong>Q: How does Omnee make money, and how does your pricing compare to the average in the market? </strong></p>\r\n\r\n<p>R: Great question! We have made our system free for every homeowner to use and we also do not charge our service providers upfront or monthly fees. We make our money by taking a percentage of successfully completed jobs that homeowners like you have approved. That keeps everyone motivated to deliver excellent service. Our service providers experience the value that we bring to their business, and have agreed to lower their margins to allow Omnee to take a percentage. We research our pricing on a monthly basis for every city we serve to ensure that we stay competitive in the market. To be transparent, we place ourselves just above the average price point in the majority of our services. We won&rsquo;t be your cheapest option, but we strive to be the best option in every way. We also know that, although we provide the same level of service as the large companies, we don&rsquo;t charge as much as they do. We are confident that, for the value you get through Omnee, you won&rsquo;t find a better deal. After you experience our time-saving, stress-reducing, and easy-to-use system, you&rsquo;re unlikely to ever go back.</p>\r\n\r\n<p><strong>Q: I feel uneasy about giving up my payment information and other personal details. How can I be sure my information is safe?</strong></p>\r\n\r\n<p>R: We work with a leading payment gateway, Braintree (a Paypal company), which provides us and our customers with the highest level of security available. You may enter your payment information through our app, but we do not store that information. It is stored with the payment company. In addition, we guarantee that we will never provide our customers&#39; personal information to any third party for any reason. This is clear in our Privacy Policy. If you would like to discuss this further to gain a better understanding of how we protect your information, please contact us us at any time!</p>\r\n\r\n<p><strong>Q: How do you deal with disputes between homeowners and service providers?</strong></p>\r\n\r\n<p>R: We understand that mistakes will be made from time to time when humans are involved. If there is a dispute regarding price, quality of work or any other issue, we have a process for working things out. It starts with clicking the &quot;dispute&quot; button instead of the &quot;approve&quot; button when our service provider marks the job as complete. If a problem arises before the job is completed, we have made it easy to contact us through the app, website or by phone to begin working through the problem. Fairness is at the core of the Omnee brand, and we are committed to upholding that. We are confident that every problem has a fair solution, so if you ever have an issue, please don&rsquo;t hesitate to reach out to us!</p>',NULL,1,'2019-03-14 01:12:37','2019-04-16 02:45:03'),(3,'Terms & Conditions','<p><strong>Welcome to Omnee Home!</strong></p>\r\n\r\n<p>These terms and conditions outline the rules and regulations for the use of Omnee Technologies Corp.&#39;s Website, located at www.omnee.ca.</p>\r\n\r\n<p>By accessing this website we assume you accept these terms and conditions. Do not continue to use Omnee Home if you do not agree to take all of the terms and conditions stated on this page. Our Terms and Conditions were created with the help of the&nbsp;<a href=\"https://termsandconditionsgenerator.com/\">Terms And Conditions Generator</a>&nbsp;and the&nbsp;<a href=\"https://privacy-policy-template.com/\">Privacy Policy Template</a>.</p>\r\n\r\n<p>The following terminology applies to these Terms and Conditions, Privacy Statement and Disclaimer Notice and all Agreements: &quot;Client&quot;, &quot;You&quot; and &quot;Your&quot; refers to you, the person log on this website and compliant to the Company&rsquo;s terms and conditions. &quot;The Company&quot;, &quot;Ourselves&quot;, &quot;We&quot;, &quot;Our&quot; and &quot;Us&quot;, refers to our Company. &quot;Party&quot;, &quot;Parties&quot;, or &quot;Us&quot;, refers to both the Client and ourselves. All terms refer to the offer, acceptance and consideration of payment necessary to undertake the process of our assistance to the Client in the most appropriate manner for the express purpose of meeting the Client&rsquo;s needs in respect of provision of the Company&rsquo;s stated services, in accordance with and subject to, prevailing law of Netherlands. Any use of the above terminology or other words in the singular, plural, capitalization and/or he/she or they, are taken as interchangeable and therefore as referring to same.</p>\r\n\r\n<p><strong>Cookies</strong></p>\r\n\r\n<p>We employ the use of cookies. By accessing Omnee Home, you agreed to use cookies in agreement with the Omnee Technologies Corp.&#39;s Privacy Policy.</p>\r\n\r\n<p>Most interactive websites use cookies to let us retrieve the user&rsquo;s details for each visit. Cookies are used by our website to enable the functionality of certain areas to make it easier for people visiting our website. Some of our affiliate/advertising partners may also use cookies.</p>\r\n\r\n<p><strong>License</strong></p>\r\n\r\n<p>Unless otherwise stated, Omnee Technologies Corp. and/or its licensors own the intellectual property rights for all material on Omnee Home. All intellectual property rights are reserved. You may access this from Omnee Home for your own personal use subjected to restrictions set in these terms and conditions.</p>\r\n\r\n<p>You must not:</p>\r\n\r\n<ul>\r\n	<li>\r\n	<p>Republish material from Omnee Home</p>\r\n	</li>\r\n	<li>\r\n	<p>Sell, rent or sub-license material from Omnee Home</p>\r\n	</li>\r\n	<li>\r\n	<p>Reproduce, duplicate or copy material from Omnee Home</p>\r\n	</li>\r\n	<li>\r\n	<p>Redistribute content from Omnee Home</p>\r\n	</li>\r\n</ul>\r\n\r\n<p>This Agreement shall begin on the date hereof.</p>\r\n\r\n<p>Parts of this website offer an opportunity for users to post and exchange opinions and information in certain areas of the website. Omnee Technologies Corp. does not filter, edit, publish or review Comments prior to their presence on the website. Comments do not reflect the views and opinions of Omnee Technologies Corp.,its agents and/or affiliates. Comments reflect the views and opinions of the person who post their views and opinions. To the extent permitted by applicable laws, Omnee Technologies Corp. shall not be liable for the Comments or for any liability, damages or expenses caused and/or suffered as a result of any use of and/or posting of and/or appearance of the Comments on this website.</p>\r\n\r\n<p>Omnee Technologies Corp. reserves the right to monitor all Comments and to remove any Comments which can be considered inappropriate, offensive or causes breach of these Terms and Conditions.</p>\r\n\r\n<p>You warrant and represent that:</p>\r\n\r\n<ul>\r\n	<li>\r\n	<p>You are entitled to post the Comments on our website and have all necessary licenses and consents to do so;</p>\r\n	</li>\r\n	<li>\r\n	<p>The Comments do not invade any intellectual property right, including without limitation copyright, patent or trademark of any third party;</p>\r\n	</li>\r\n	<li>\r\n	<p>The Comments do not contain any defamatory, libelous, offensive, indecent or otherwise unlawful material which is an invasion of privacy</p>\r\n	</li>\r\n	<li>\r\n	<p>The Comments will not be used to solicit or promote business or custom or present commercial activities or unlawful activity.</p>\r\n	</li>\r\n</ul>\r\n\r\n<p>You hereby grant Omnee Technologies Corp. a non-exclusive license to use, reproduce, edit and authorize others to use, reproduce and edit any of your Comments in any and all forms, formats or media.</p>\r\n\r\n<p><strong>Hyperlinking to our Content</strong></p>\r\n\r\n<p>The following organizations may link to our Website without prior written approval:</p>\r\n\r\n<ul>\r\n	<li>\r\n	<p>Government agencies;</p>\r\n	</li>\r\n	<li>\r\n	<p>Search engines;</p>\r\n	</li>\r\n	<li>\r\n	<p>News organizations;</p>\r\n	</li>\r\n	<li>\r\n	<p>Online directory distributors may link to our Website in the same manner as they hyperlink to the Websites of other listed businesses; and</p>\r\n	</li>\r\n	<li>\r\n	<p>System wide Accredited Businesses except soliciting non-profit organizations, charity shopping malls, and charity fundraising groups which may not hyperlink to our Web site.</p>\r\n	</li>\r\n</ul>\r\n\r\n<p>These organizations may link to our home page, to publications or to other Website information so long as the link: (a) is not in any way deceptive; (b) does not falsely imply sponsorship, endorsement or approval of the linking party and its products and/or services; and (c) fits within the context of the linking party&rsquo;s site.</p>\r\n\r\n<p>We may consider and approve other link requests from the following types of organizations:</p>\r\n\r\n<ul>\r\n	<li>\r\n	<p>commonly-known consumer and/or business information sources;</p>\r\n	</li>\r\n	<li>\r\n	<p>dot.com community sites;</p>\r\n	</li>\r\n	<li>\r\n	<p>associations or other groups representing charities;</p>\r\n	</li>\r\n	<li>\r\n	<p>online directory distributors;</p>\r\n	</li>\r\n	<li>\r\n	<p>internet portals;</p>\r\n	</li>\r\n	<li>\r\n	<p>accounting, law and consulting firms; and</p>\r\n	</li>\r\n	<li>\r\n	<p>educational institutions and trade associations.</p>\r\n	</li>\r\n</ul>\r\n\r\n<p>We will approve link requests from these organizations if we decide that: (a) the link would not make us look unfavorably to ourselves or to our accredited businesses; (b) the organization does not have any negative records with us; (c) the benefit to us from the visibility of the hyperlink compensates the absence of Omnee Technologies Corp.; and (d) the link is in the context of general resource information.</p>\r\n\r\n<p>These organizations may link to our home page so long as the link: (a) is not in any way deceptive; (b) does not falsely imply sponsorship, endorsement or approval of the linking party and its products or services; and (c) fits within the context of the linking party&rsquo;s site.</p>\r\n\r\n<p>If you are one of the organizations listed in paragraph 2 above and are interested in linking to our website, you must inform us by sending an e-mail to Omnee Technologies Corp.. Please include your name, your organization name, contact information as well as the URL of your site, a list of any URLs from which you intend to link to our Website, and a list of the URLs on our site to which you would like to link. Wait 2-3 weeks for a response.</p>\r\n\r\n<p>Approved organizations may hyperlink to our Website as follows:</p>\r\n\r\n<ul>\r\n	<li>\r\n	<p>By use of our corporate name; or</p>\r\n	</li>\r\n	<li>\r\n	<p>By use of the uniform resource locator being linked to; or</p>\r\n	</li>\r\n	<li>\r\n	<p>By use of any other description of our Website being linked to that makes sense within the context and format of content on the linking party&rsquo;s site.</p>\r\n	</li>\r\n</ul>\r\n\r\n<p>No use of Omnee Technologies Corp.&#39;s logo or other artwork will be allowed for linking absent a trademark license agreement.</p>\r\n\r\n<p><strong>iFrames</strong></p>\r\n\r\n<p>Without prior approval and written permission, you may not create frames around our Webpages that alter in any way the visual presentation or appearance of our Website.</p>\r\n\r\n<p><strong>Content Liability</strong></p>\r\n\r\n<p>We shall not be hold responsible for any content that appears on your Website. You agree to protect and defend us against all claims that is rising on your Website. No link(s) should appear on any Website that may be interpreted as libelous, obscene or criminal, or which infringes, otherwise violates, or advocates the infringement or other violation of, any third party rights.</p>\r\n\r\n<p><strong>Your Privacy</strong></p>\r\n\r\n<p>Please read Privacy Policy</p>\r\n\r\n<p><strong>Reservation of Rights</strong></p>\r\n\r\n<p>We reserve the right to request that you remove all links or any particular link to our Website. You approve to immediately remove all links to our Website upon request. We also reserve the right to amen these terms and conditions and it&rsquo;s linking policy at any time. By continuously linking to our Website, you agree to be bound to and follow these linking terms and conditions.</p>\r\n\r\n<p><strong>Removal of links from our website</strong></p>\r\n\r\n<p>If you find any link on our Website that is offensive for any reason, you are free to contact and inform us any moment. We will consider requests to remove links but we are not obligated to or so or to respond to you directly.</p>\r\n\r\n<p>We do not ensure that the information on this website is correct, we do not warrant its completeness or accuracy; nor do we promise to ensure that the website remains available or that the material on the website is kept up to date.</p>\r\n\r\n<p><strong>Disclaimer</strong></p>\r\n\r\n<p>To the maximum extent permitted by applicable law, we exclude all representations, warranties and conditions relating to our website and the use of this website. Nothing in this disclaimer will:</p>\r\n\r\n<ul>\r\n	<li>\r\n	<p>limit or exclude our or your liability for death or personal injury;</p>\r\n	</li>\r\n	<li>\r\n	<p>limit or exclude our or your liability for fraud or fraudulent misrepresentation;</p>\r\n	</li>\r\n	<li>\r\n	<p>limit any of our or your liabilities in any way that is not permitted under applicable law; or</p>\r\n	</li>\r\n	<li>\r\n	<p>exclude any of our or your liabilities that may not be excluded under applicable law.</p>\r\n	</li>\r\n</ul>\r\n\r\n<p>The limitations and prohibitions of liability set in this Section and elsewhere in this disclaimer: (a) are subject to the preceding paragraph; and (b) govern all liabilities arising under the disclaimer, including liabilities arising in contract, in tort and for breach of statutory duty.</p>\r\n\r\n<p>As long as the website and the information and services on the website are provided free of charge, we will not be liable for any loss or damage of any nature.</p>',NULL,1,'2019-03-14 01:12:37','2019-04-23 01:25:26');
/*!40000 ALTER TABLE `pages` ENABLE KEYS */;
UNLOCK TABLES;

--
-- Table structure for table `password_resets`
--

DROP TABLE IF EXISTS `password_resets`;
/*!40101 SET @saved_cs_client     = @@character_set_client */;
/*!40101 SET character_set_client = utf8 */;
CREATE TABLE `password_resets` (
  `email` varchar(191) COLLATE utf8mb4_unicode_ci NOT NULL,
  `token` varchar(191) COLLATE utf8mb4_unicode_ci NOT NULL,
  `created_at` timestamp NULL DEFAULT NULL,
  KEY `password_resets_email_index` (`email`)
) ENGINE=InnoDB DEFAULT CHARSET=utf8mb4 COLLATE=utf8mb4_unicode_ci;
/*!40101 SET character_set_client = @saved_cs_client */;

--
-- Dumping data for table `password_resets`
--

LOCK TABLES `password_resets` WRITE;
/*!40000 ALTER TABLE `password_resets` DISABLE KEYS */;
INSERT INTO `password_resets` VALUES ('omnee@gmail.com','$2y$10$41DQtBnFBsPqJ0xEW29mwu1ZasGjp0j.GrBb0qFJ27HylkvxcOj3.','2019-04-04 02:52:44'),('aafrinjulaya3329@gmail.com','$2y$10$l7GHQGSzwBksU2bpBdEFnuBZW4jJgbcXMg9c64I6xnsv4dDt/4vrW','2019-04-04 08:09:39'),('Charles@gmail.com','$2y$10$S4CjjpRboqPzH86W3r3p8e.3NRrF0FlrL3WoTT1IR26/fK4v.TWv6','2019-04-04 09:16:42'),('princydevdhawala2798@gmail.com','$2y$10$jJU9j3F52IP5wZ.JZA9uVuwtYTCNMxk4V5SZyRhv0vbMKq5NJ9iGC','2019-04-05 01:43:36'),('pinki+2@elegantmicroweb.com','3AKYmmEDNaW4Drm71eLjlPHqd05ffurOB6MVDsPb5ep1Xv1WMeeVNFyHChRZ','2019-04-05 04:34:03'),('testacp50@gmail.com','faGlw2BqhAe47wyVQanSiU3Vp8H2q2htKYVQBAMqvmTD8JDRG6qBRHev3qVs','2019-04-05 05:24:36'),('rest@gmail.com','9IRUTRLdhA9dFdIwu8pMNiqydVu9ti4p5mEHilyQoP2VPdpITS88b63kemGf','2019-04-05 07:04:56'),('abc@gmail.com','48NBJ7M7GW7TtuGnnFgFdqvV9dpW1XPc6N0I4GZdTlJCyJkLfjG1ARlX8iu1','2019-04-05 07:07:02'),('jay.innovius@gmail.com','Ya1A79ojdKErJIiH1mkFdmes7GnQJMGTrnJqR0fhto8ggRAqTdPzgfX2VDRZ','2019-04-05 07:07:58'),('TestUser123@gmail.com','oGTJSTz0P0DfrsaGgA8pgwJJceQGoEo1PQTI7A04zaJ3UWriRT2XtRawcx5B','2019-04-05 07:12:36'),('test@gmail.com','WaezlXwkJGAbG4wstt6GZvCPdRXyXthZpCOPqf2kLX34gnyA9AhmKoXLsaM7','2019-04-08 02:22:36'),('testacp22@gmail.com','WZC3BONp8SYznv75xrWn51VvIqLVrLgHmfugdWNwriWr1M9TPpiE7NkfcFqt','2019-04-08 05:29:18'),('aafrin.mscit@gmail.com','B4txulmmAmNqGRTjoYcZTpn9zVSPEYi5sFkdAWa7kjPGfDvLlwHuJuFni5rJ','2019-04-09 07:14:41'),('chinjal+1@elegantmicroweb.com','PUYRvVzpHgBH1UGHpUIgh9AeMLUatoVSgORkmRjQhq51uqcv3YEGDojK6Ets','2019-04-11 03:54:02'),('mchinjal@gmail.com','e09jO1qyS5xVGgjStJ4yMEE8zC9yM8jKRTJCQ2fi0wBPxw1JLLZ6wgQhJ8DO','2019-04-11 03:56:20'),('jinal.innovius+4@gmail.com','7hZcXsYqugeD8OCUjjTSQlm3QV4bIz0sVTmvWiWakvlZdnUOv1Xpwk28mjOs','2019-04-11 04:07:06'),('muzammil.modan786@gmail.com','RjAsmws3JTRudoI5AL9sBxhf72h08IUSCOxhNJvhefOHI3HZ5RszpFwsO5qP','2019-04-11 04:12:49'),('testacp100@gmail.com','kHLNV9BVLbrxZ00Q7WjZpMrNFfhRNqO6gymSW0o6xYW8bczqAovPWDTGbH10','2019-04-11 04:42:30'),('chinjal@elegantmicroweb.com','uieSfzc79pDnezXARAOOvPCKhVJxhtJeCT4NcCnilXyyZfgl2cdCyAEcRJoi','2019-04-11 05:07:11'),('testacp83@gmail.com','cwL1dkRRoWyw38CPnCrogUyKPqRNXWzAaIkoMXw8bE5It5MswidNH3jmZVLH','2019-04-11 05:28:23'),('chinjal+5@elegantmicroweb.com','LnXU9ng0vN7qgZBlROYI7ifjAvtbxBAbtJFn7G6pSFWFyhA0uexxdl4zJB7R','2019-04-11 07:28:29'),('chinjal+9@elegantmicroweb.com','YPAU5LDokBc7X5K3L8P0frGw9FR19WGu4z18snAQO8LQs9vcOzhNaOQGlyjv','2019-04-16 05:17:58'),('chinjal+11@elegantmicroweb.com','tPa08TW4lbHl8SQDhJ1X9KbUcL8rKYCu1D8JmTTTOVQsiaLM84gNXZvFDfie','2019-04-16 06:20:04');
/*!40000 ALTER TABLE `password_resets` ENABLE KEYS */;
UNLOCK TABLES;

--
-- Table structure for table `permission_role`
--

DROP TABLE IF EXISTS `permission_role`;
/*!40101 SET @saved_cs_client     = @@character_set_client */;
/*!40101 SET character_set_client = utf8 */;
CREATE TABLE `permission_role` (
  `permission_id` int(10) unsigned NOT NULL,
  `role_id` int(10) unsigned NOT NULL,
  PRIMARY KEY (`permission_id`,`role_id`),
  KEY `permission_role_role_id_foreign` (`role_id`),
  CONSTRAINT `permission_role_permission_id_foreign` FOREIGN KEY (`permission_id`) REFERENCES `permissions` (`id`) ON DELETE CASCADE ON UPDATE CASCADE,
  CONSTRAINT `permission_role_role_id_foreign` FOREIGN KEY (`role_id`) REFERENCES `roles` (`id`) ON DELETE CASCADE ON UPDATE CASCADE
) ENGINE=InnoDB DEFAULT CHARSET=utf8mb4 COLLATE=utf8mb4_unicode_ci;
/*!40101 SET character_set_client = @saved_cs_client */;

--
-- Dumping data for table `permission_role`
--

LOCK TABLES `permission_role` WRITE;
/*!40000 ALTER TABLE `permission_role` DISABLE KEYS */;
INSERT INTO `permission_role` VALUES (1,1),(2,1),(3,1),(4,1),(5,1),(6,1),(7,1),(8,1),(9,1),(10,1),(11,1),(12,1),(13,1),(14,1),(15,1),(16,1),(17,1),(18,1),(19,1),(20,1),(21,1),(22,1),(23,1),(24,1),(25,1),(26,1),(27,1),(28,1),(29,1),(30,1),(31,1),(32,1),(33,1),(34,1),(35,1),(36,1),(37,1),(38,1),(6,2),(7,2),(8,2),(9,2),(10,2),(11,2),(17,2),(18,2),(19,2),(20,2),(21,2),(22,2),(23,2),(25,2),(26,2),(27,2),(28,2),(29,2),(30,2),(31,2),(36,2),(38,2),(1,3),(2,3),(3,3),(4,3),(5,3),(6,3),(7,3),(8,3),(9,3),(10,3),(11,3),(12,3),(13,3),(14,3),(15,3),(16,3),(17,3),(18,3),(19,3),(20,3),(21,3),(22,3),(23,3),(24,3),(25,3),(26,3),(27,3),(28,3),(29,3),(30,3),(31,3),(32,3),(33,3),(34,3),(35,3),(36,3),(37,3),(38,3),(1,21),(2,21),(3,21),(17,21),(18,21),(19,21),(20,21),(32,21);
/*!40000 ALTER TABLE `permission_role` ENABLE KEYS */;
UNLOCK TABLES;

--
-- Table structure for table `permissions`
--

DROP TABLE IF EXISTS `permissions`;
/*!40101 SET @saved_cs_client     = @@character_set_client */;
/*!40101 SET character_set_client = utf8 */;
CREATE TABLE `permissions` (
  `id` int(10) unsigned NOT NULL AUTO_INCREMENT,
  `name` varchar(191) COLLATE utf8mb4_unicode_ci NOT NULL,
  `display_name` varchar(191) COLLATE utf8mb4_unicode_ci DEFAULT NULL,
  `description` varchar(191) COLLATE utf8mb4_unicode_ci DEFAULT NULL,
  `parent_id` tinyint(1) NOT NULL DEFAULT '0',
  `created_at` timestamp NULL DEFAULT NULL,
  `updated_at` timestamp NULL DEFAULT NULL,
  PRIMARY KEY (`id`),
  UNIQUE KEY `permissions_name_unique` (`name`)
) ENGINE=InnoDB AUTO_INCREMENT=39 DEFAULT CHARSET=utf8mb4 COLLATE=utf8mb4_unicode_ci;
/*!40101 SET character_set_client = @saved_cs_client */;

--
-- Dumping data for table `permissions`
--

LOCK TABLES `permissions` WRITE;
/*!40000 ALTER TABLE `permissions` DISABLE KEYS */;
INSERT INTO `permissions` VALUES (1,'home','Home',NULL,0,NULL,NULL),(2,'sitemap','Sitemap',NULL,1,NULL,NULL),(3,'edit_profile','Edit Profile',NULL,1,NULL,NULL),(4,'change_password','Change Password',NULL,1,NULL,NULL),(5,'dashboard','Dashboard',NULL,1,NULL,NULL),(6,'user_management','User Management',NULL,0,NULL,NULL),(7,'admin','Admin',NULL,6,NULL,NULL),(8,'roles_permissions','Roles & Permissions',NULL,6,NULL,NULL),(9,'customer','Customer',NULL,6,NULL,NULL),(10,'vendor','Vendor',NULL,6,NULL,NULL),(11,'review_ratings','Reviews & Ratings',NULL,6,NULL,NULL),(12,'master','Master',NULL,0,NULL,NULL),(13,'category','Category',NULL,12,NULL,NULL),(14,'sub_category','Sub Category',NULL,12,NULL,NULL),(15,'state','State',NULL,12,NULL,NULL),(16,'city','City',NULL,12,NULL,NULL),(17,'job_service_request','Jobs/Service Request',NULL,0,NULL,NULL),(18,'open_jobs','Open Jobs',NULL,17,NULL,NULL),(19,'completed_jobs','Completed Jobs',NULL,17,NULL,NULL),(20,'dispute_jobs','Dispute Jobs',NULL,17,NULL,NULL),(21,'reports','Reports',NULL,0,NULL,NULL),(22,'conversion_report','Conversion Report',NULL,21,NULL,NULL),(23,'subscription_report','Subscription Report',NULL,21,NULL,NULL),(24,'contact_us','Contact Us',NULL,21,NULL,NULL),(25,'settings','Settings',NULL,0,NULL,NULL),(26,'master_settings','Master Settings',NULL,25,NULL,NULL),(27,'company','Company',NULL,25,NULL,NULL),(28,'email','Email',NULL,25,NULL,NULL),(29,'sms','SMS',NULL,25,NULL,NULL),(30,'social_media','Social Media',NULL,25,NULL,NULL),(31,'static_page','Static Pages',NULL,25,NULL,NULL),(32,'email_notification_broadcast_message','Email, Notification & Broadcast message',NULL,0,NULL,NULL),(33,'email_templates','Email Templates',NULL,32,NULL,NULL),(34,'notification_template','Notification Templates',NULL,32,NULL,NULL),(35,'broadcast_message','Broadcast Message',NULL,32,NULL,NULL),(36,'login_log_report','Login Logs/Report',NULL,21,'2019-04-09 00:00:00',NULL),(37,'activity_report','Activity Report',NULL,21,NULL,NULL),(38,'revenue_report','Revenue Report',NULL,21,NULL,NULL);
/*!40000 ALTER TABLE `permissions` ENABLE KEYS */;
UNLOCK TABLES;

--
-- Table structure for table `properties`
--

DROP TABLE IF EXISTS `properties`;
/*!40101 SET @saved_cs_client     = @@character_set_client */;
/*!40101 SET character_set_client = utf8 */;
CREATE TABLE `properties` (
  `id` int(10) unsigned NOT NULL AUTO_INCREMENT,
  `user_id` int(10) unsigned NOT NULL,
  `name` varchar(255) COLLATE utf8mb4_unicode_ci NOT NULL,
  `address` varchar(255) COLLATE utf8mb4_unicode_ci NOT NULL,
  `apt_no` varchar(255) COLLATE utf8mb4_unicode_ci DEFAULT NULL,
  `status` tinyint(1) NOT NULL DEFAULT '1',
  `created_at` timestamp NULL DEFAULT NULL,
  `updated_at` timestamp NULL DEFAULT NULL,
  PRIMARY KEY (`id`),
  KEY `properties_user_id_foreign` (`user_id`),
  CONSTRAINT `properties_user_id_foreign` FOREIGN KEY (`user_id`) REFERENCES `users` (`id`) ON DELETE CASCADE ON UPDATE CASCADE
) ENGINE=InnoDB AUTO_INCREMENT=256 DEFAULT CHARSET=utf8mb4 COLLATE=utf8mb4_unicode_ci;
/*!40101 SET character_set_client = @saved_cs_client */;

--
-- Dumping data for table `properties`
--

LOCK TABLES `properties` WRITE;
/*!40000 ALTER TABLE `properties` DISABLE KEYS */;
INSERT INTO `properties` VALUES (203,421,'gahahah','AHPRA, George Street, Sydney NSW, Australia',NULL,1,NULL,NULL),(205,430,'Test','Ahmedabad','1',1,NULL,NULL),(206,431,'tests','Texas, USA','1234',1,NULL,NULL),(207,435,'sudo bunglow','Palmer Street, Woolloomooloo NSW, Australia','124',1,NULL,NULL),(209,437,'test','Hyderabad, Telangana, India','hsh did jj',1,NULL,NULL),(210,439,'test','Toronto, ON, Canada','123',1,NULL,NULL),(221,421,'mast','Haymarket NSW, Australia',NULL,1,NULL,NULL),(224,448,'test','Tempe, AZ, USA','123',1,NULL,NULL),(225,451,'test','Germany','hehjd',1,NULL,NULL),(226,450,'Amli','1425 Eldridge Pkwy S, Houston, TX 77077, USA','914',1,NULL,NULL),(227,452,'WH','46 5th Ave, New York, NY 10011, USA','222',1,NULL,NULL),(228,456,'property added','Australia','123',1,NULL,NULL),(229,457,'property added','Ahmedabad, Gujarat, India',NULL,1,NULL,NULL),(230,458,'properrty added','Ahmedabad, Gujarat, India','test',1,NULL,NULL),(231,474,'test property','Ahmedabad, Gujarat, India','giz',1,NULL,NULL),(232,479,'test','YTML Consulting, Kent Street, Sydney NSW, Australia',NULL,1,NULL,NULL),(233,502,'property test','Test, Gipps Street, Pyrmont NSW, Australia',NULL,1,NULL,NULL),(236,421,'Building','Canada Visa Application Centre (VAC), George Street, Sydney NSW, Australia','3B 77',1,NULL,NULL),(240,450,'building','Toronto, ON, Canada','73Bd',1,NULL,NULL),(242,550,'test property added','Liverpool John Lennon Airport, Speke Hall Avenue, Speke, Liverpool, UK','12',1,NULL,'2019-04-25 08:10:16'),(245,555,'testproperty','Tallahassee, FL, USA','ry',1,NULL,NULL),(246,561,'Swati society','Newark, NJ, USA','3567',1,NULL,NULL),(248,584,'Building','Canada','B56 - BHf',1,NULL,NULL),(249,585,'ray house','Newtown Station, Newtown NSW, Australia','133',1,NULL,NULL),(250,589,'garden property','Via Bondi, 120B, 23041 Livigno SO, Italy','123',1,NULL,NULL),(251,593,'village property','Liverpool John Lennon Airport, Speke Hall Avenue, Speke, Liverpool, UK','123',1,NULL,NULL),(252,596,'add to perry','Usha Mullapudi Rd, Kailash Hills, Mahadevpur Colony, Hyderabad, Telangana, India','hsh',1,NULL,NULL),(253,450,'Testnewewewe','123 2 Ave S, Saskatoon, SK S7K 5A6, Canada','fsdff4r53',1,NULL,NULL),(254,599,'village property','Toronto, ON, Canada','hsh',1,NULL,NULL),(255,604,'Building','Canada Bay NSW, Australia','D677',1,NULL,NULL);
/*!40000 ALTER TABLE `properties` ENABLE KEYS */;
UNLOCK TABLES;

--
-- Table structure for table `property_tenants`
--

DROP TABLE IF EXISTS `property_tenants`;
/*!40101 SET @saved_cs_client     = @@character_set_client */;
/*!40101 SET character_set_client = utf8 */;
CREATE TABLE `property_tenants` (
  `id` int(10) unsigned NOT NULL AUTO_INCREMENT,
  `user_id` int(10) unsigned NOT NULL,
  `tenant_id` int(10) unsigned NOT NULL,
  `property_id` int(10) unsigned NOT NULL,
  `created_at` timestamp NULL DEFAULT NULL,
  `updated_at` timestamp NULL DEFAULT NULL,
  PRIMARY KEY (`id`),
  KEY `property_tenants_user_id_foreign` (`user_id`),
  KEY `property_tenants_tenant_id_foreign` (`tenant_id`),
  KEY `property_tenants_property_id_foreign` (`property_id`),
  CONSTRAINT `property_tenants_property_id_foreign` FOREIGN KEY (`property_id`) REFERENCES `properties` (`id`) ON DELETE CASCADE ON UPDATE CASCADE,
  CONSTRAINT `property_tenants_tenant_id_foreign` FOREIGN KEY (`tenant_id`) REFERENCES `users` (`id`) ON DELETE CASCADE ON UPDATE CASCADE,
  CONSTRAINT `property_tenants_user_id_foreign` FOREIGN KEY (`user_id`) REFERENCES `users` (`id`) ON DELETE CASCADE ON UPDATE CASCADE
) ENGINE=InnoDB AUTO_INCREMENT=3 DEFAULT CHARSET=utf8mb4 COLLATE=utf8mb4_unicode_ci;
/*!40101 SET character_set_client = @saved_cs_client */;

--
-- Dumping data for table `property_tenants`
--

LOCK TABLES `property_tenants` WRITE;
/*!40000 ALTER TABLE `property_tenants` DISABLE KEYS */;
INSERT INTO `property_tenants` VALUES (1,550,553,242,NULL,NULL);
/*!40000 ALTER TABLE `property_tenants` ENABLE KEYS */;
UNLOCK TABLES;

--
-- Table structure for table `ratings`
--

DROP TABLE IF EXISTS `ratings`;
/*!40101 SET @saved_cs_client     = @@character_set_client */;
/*!40101 SET character_set_client = utf8 */;
CREATE TABLE `ratings` (
  `id` int(10) unsigned NOT NULL AUTO_INCREMENT,
  `rating_to` int(10) unsigned NOT NULL,
  `rating_by` int(10) unsigned NOT NULL,
  `job_id` int(10) unsigned NOT NULL,
  `rating` double(8,2) NOT NULL DEFAULT '5.00',
  `review_text` text COLLATE utf8mb4_unicode_ci,
  `created_at` timestamp NULL DEFAULT NULL,
  `updated_at` timestamp NULL DEFAULT NULL,
  PRIMARY KEY (`id`),
  KEY `ratings_rating_to_foreign` (`rating_to`),
  KEY `ratings_rating_by_foreign` (`rating_by`),
  KEY `ratings_job_id_foreign` (`job_id`),
  CONSTRAINT `ratings_job_id_foreign` FOREIGN KEY (`job_id`) REFERENCES `jobs` (`id`) ON DELETE CASCADE ON UPDATE CASCADE,
  CONSTRAINT `ratings_rating_by_foreign` FOREIGN KEY (`rating_by`) REFERENCES `users` (`id`) ON DELETE CASCADE ON UPDATE CASCADE,
  CONSTRAINT `ratings_rating_to_foreign` FOREIGN KEY (`rating_to`) REFERENCES `users` (`id`) ON DELETE CASCADE ON UPDATE CASCADE
) ENGINE=InnoDB AUTO_INCREMENT=6 DEFAULT CHARSET=utf8mb4 COLLATE=utf8mb4_unicode_ci;
/*!40101 SET character_set_client = @saved_cs_client */;

--
-- Dumping data for table `ratings`
--

LOCK TABLES `ratings` WRITE;
/*!40000 ALTER TABLE `ratings` DISABLE KEYS */;
INSERT INTO `ratings` VALUES (1,421,429,1,3.00,'ggggg','2019-05-07 05:53:51','2019-05-07 05:53:51'),(2,429,421,1,3.00,'tgggh','2019-05-07 06:00:17','2019-05-07 06:00:17'),(3,421,429,2,2.50,'ggg','2019-05-07 06:02:00','2019-05-07 06:02:00'),(4,603,604,5,5.00,'attributes here','2019-05-07 08:17:23','2019-05-07 08:17:23'),(5,604,603,5,3.00,'it\'s vending','2019-05-07 08:18:15','2019-05-07 08:18:15');
/*!40000 ALTER TABLE `ratings` ENABLE KEYS */;
UNLOCK TABLES;

--
-- Table structure for table `role_user`
--

DROP TABLE IF EXISTS `role_user`;
/*!40101 SET @saved_cs_client     = @@character_set_client */;
/*!40101 SET character_set_client = utf8 */;
CREATE TABLE `role_user` (
  `user_id` int(10) unsigned NOT NULL,
  `role_id` int(10) unsigned NOT NULL,
  PRIMARY KEY (`user_id`,`role_id`),
  KEY `role_user_role_id_foreign` (`role_id`),
  CONSTRAINT `role_user_role_id_foreign` FOREIGN KEY (`role_id`) REFERENCES `roles` (`id`) ON DELETE CASCADE ON UPDATE CASCADE,
  CONSTRAINT `role_user_user_id_foreign` FOREIGN KEY (`user_id`) REFERENCES `users` (`id`) ON DELETE CASCADE ON UPDATE CASCADE
) ENGINE=InnoDB DEFAULT CHARSET=utf8mb4 COLLATE=utf8mb4_unicode_ci;
/*!40101 SET character_set_client = @saved_cs_client */;

--
-- Dumping data for table `role_user`
--

LOCK TABLES `role_user` WRITE;
/*!40000 ALTER TABLE `role_user` DISABLE KEYS */;
INSERT INTO `role_user` VALUES (1,1),(455,1),(476,1),(421,4),(424,4),(430,4),(431,4),(435,4),(437,4),(439,4),(447,4),(448,4),(449,4),(450,4),(451,4),(452,4),(456,4),(457,4),(458,4),(466,4),(467,4),(468,4),(469,4),(470,4),(471,4),(474,4),(475,4),(477,4),(478,4),(479,4),(483,4),(487,4),(488,4),(492,4),(493,4),(495,4),(497,4),(501,4),(502,4),(503,4),(528,4),(529,4),(530,4),(534,4),(550,4),(555,4),(556,4),(561,4),(562,4),(584,4),(585,4),(589,4),(593,4),(596,4),(599,4),(602,4),(604,4),(423,5),(425,5),(426,5),(427,5),(429,5),(446,5),(459,5),(460,5),(461,5),(462,5),(463,5),(464,5),(465,5),(472,5),(480,5),(481,5),(482,5),(485,5),(486,5),(489,5),(490,5),(496,5),(498,5),(499,5),(500,5),(506,5),(538,5),(551,5),(552,5),(557,5),(558,5),(560,5),(563,5),(564,5),(565,5),(566,5),(567,5),(568,5),(569,5),(570,5),(577,5),(579,5),(586,5),(587,5),(590,5),(591,5),(594,5),(595,5),(597,5),(598,5),(600,5),(601,5),(603,5),(605,5),(553,6),(572,6);
/*!40000 ALTER TABLE `role_user` ENABLE KEYS */;
UNLOCK TABLES;

--
-- Table structure for table `roles`
--

DROP TABLE IF EXISTS `roles`;
/*!40101 SET @saved_cs_client     = @@character_set_client */;
/*!40101 SET character_set_client = utf8 */;
CREATE TABLE `roles` (
  `id` int(10) unsigned NOT NULL AUTO_INCREMENT,
  `name` varchar(191) COLLATE utf8mb4_unicode_ci NOT NULL,
  `display_name` varchar(191) COLLATE utf8mb4_unicode_ci DEFAULT NULL,
  `description` varchar(191) COLLATE utf8mb4_unicode_ci DEFAULT NULL,
  `status` tinyint(1) NOT NULL DEFAULT '1',
  `created_at` timestamp NULL DEFAULT NULL,
  `updated_at` timestamp NULL DEFAULT NULL,
  PRIMARY KEY (`id`),
  UNIQUE KEY `roles_name_unique` (`name`)
) ENGINE=InnoDB AUTO_INCREMENT=22 DEFAULT CHARSET=utf8mb4 COLLATE=utf8mb4_unicode_ci;
/*!40101 SET character_set_client = @saved_cs_client */;

--
-- Dumping data for table `roles`
--

LOCK TABLES `roles` WRITE;
/*!40000 ALTER TABLE `roles` DISABLE KEYS */;
INSERT INTO `roles` VALUES (1,'admin','Admin',NULL,1,NULL,'2019-04-30 01:50:05'),(2,'group_a','Group A',NULL,1,NULL,'2019-04-30 02:28:23'),(3,'group_b','Group B',NULL,1,NULL,'2019-04-30 02:28:04'),(4,'customer','Customer',NULL,1,NULL,NULL),(5,'provider','Provider',NULL,1,NULL,NULL),(6,'tenant','Tenant',NULL,1,NULL,NULL),(21,'Test52code','Test52',NULL,1,NULL,'2019-04-09 04:58:04');
/*!40000 ALTER TABLE `roles` ENABLE KEYS */;
UNLOCK TABLES;

--
-- Table structure for table `services`
--

DROP TABLE IF EXISTS `services`;
/*!40101 SET @saved_cs_client     = @@character_set_client */;
/*!40101 SET character_set_client = utf8 */;
CREATE TABLE `services` (
  `id` int(10) unsigned NOT NULL AUTO_INCREMENT,
  `property_id` int(10) unsigned NOT NULL,
  `user_id` int(10) unsigned NOT NULL,
  `identification_number` varchar(255) COLLATE utf8mb4_unicode_ci NOT NULL,
  `name` varchar(255) COLLATE utf8mb4_unicode_ci NOT NULL,
  `category_id` int(10) unsigned NOT NULL,
  `sub_category_id` int(10) unsigned NOT NULL,
  `type` enum('E','G') COLLATE utf8mb4_unicode_ci NOT NULL,
  `image1` varchar(191) COLLATE utf8mb4_unicode_ci DEFAULT NULL,
  `image2` varchar(191) COLLATE utf8mb4_unicode_ci DEFAULT NULL,
  `image3` varchar(191) COLLATE utf8mb4_unicode_ci DEFAULT NULL,
  `image4` varchar(191) COLLATE utf8mb4_unicode_ci DEFAULT NULL,
  `image5` varchar(191) COLLATE utf8mb4_unicode_ci DEFAULT NULL,
  `description` text COLLATE utf8mb4_unicode_ci NOT NULL,
  `status` int(11) NOT NULL,
  `created_at` timestamp NULL DEFAULT NULL,
  `updated_at` timestamp NULL DEFAULT NULL,
  PRIMARY KEY (`id`),
  KEY `services_property_id_foreign` (`property_id`),
  KEY `services_user_id_foreign` (`user_id`),
  KEY `services_category_id_foreign` (`category_id`),
  KEY `services_sub_category_id_foreign` (`sub_category_id`),
  CONSTRAINT `services_category_id_foreign` FOREIGN KEY (`category_id`) REFERENCES `categories` (`id`) ON DELETE CASCADE ON UPDATE CASCADE,
  CONSTRAINT `services_property_id_foreign` FOREIGN KEY (`property_id`) REFERENCES `properties` (`id`) ON DELETE CASCADE ON UPDATE CASCADE,
  CONSTRAINT `services_sub_category_id_foreign` FOREIGN KEY (`sub_category_id`) REFERENCES `sub_categories` (`id`) ON DELETE CASCADE ON UPDATE CASCADE,
  CONSTRAINT `services_user_id_foreign` FOREIGN KEY (`user_id`) REFERENCES `users` (`id`) ON DELETE CASCADE ON UPDATE CASCADE
) ENGINE=InnoDB DEFAULT CHARSET=utf8mb4 COLLATE=utf8mb4_unicode_ci;
/*!40101 SET character_set_client = @saved_cs_client */;

--
-- Dumping data for table `services`
--

LOCK TABLES `services` WRITE;
/*!40000 ALTER TABLE `services` DISABLE KEYS */;
/*!40000 ALTER TABLE `services` ENABLE KEYS */;
UNLOCK TABLES;

--
-- Table structure for table `social_media_info`
--

DROP TABLE IF EXISTS `social_media_info`;
/*!40101 SET @saved_cs_client     = @@character_set_client */;
/*!40101 SET character_set_client = utf8 */;
CREATE TABLE `social_media_info` (
  `id` int(10) unsigned NOT NULL AUTO_INCREMENT,
  `facebook_page_url` varchar(255) COLLATE utf8mb4_unicode_ci DEFAULT NULL,
  `linked_in_url` varchar(255) COLLATE utf8mb4_unicode_ci DEFAULT NULL,
  `instagram_url` varchar(255) COLLATE utf8mb4_unicode_ci DEFAULT NULL,
  `youtube_url` varchar(255) COLLATE utf8mb4_unicode_ci DEFAULT NULL,
  `fb_application_id` varchar(255) COLLATE utf8mb4_unicode_ci DEFAULT NULL,
  `fb_secret_id` varchar(255) COLLATE utf8mb4_unicode_ci DEFAULT NULL,
  `google_application_id` varchar(255) COLLATE utf8mb4_unicode_ci DEFAULT NULL,
  `google_secret_key` varchar(255) COLLATE utf8mb4_unicode_ci DEFAULT NULL,
  `created_by` int(10) unsigned DEFAULT NULL,
  `updated_by` int(10) unsigned DEFAULT NULL,
  `created_at` timestamp NULL DEFAULT NULL,
  `updated_at` timestamp NULL DEFAULT NULL,
  PRIMARY KEY (`id`)
) ENGINE=InnoDB AUTO_INCREMENT=2 DEFAULT CHARSET=utf8mb4 COLLATE=utf8mb4_unicode_ci;
/*!40101 SET character_set_client = @saved_cs_client */;

--
-- Dumping data for table `social_media_info`
--

LOCK TABLES `social_media_info` WRITE;
/*!40000 ALTER TABLE `social_media_info` DISABLE KEYS */;
INSERT INTO `social_media_info` VALUES (1,'http://www.facebook.com/facebook',NULL,NULL,NULL,NULL,NULL,NULL,NULL,1,1,'2019-03-28 07:57:04','2019-04-23 01:25:10');
/*!40000 ALTER TABLE `social_media_info` ENABLE KEYS */;
UNLOCK TABLES;

--
-- Table structure for table `state`
--

DROP TABLE IF EXISTS `state`;
/*!40101 SET @saved_cs_client     = @@character_set_client */;
/*!40101 SET character_set_client = utf8 */;
CREATE TABLE `state` (
  `id` int(10) unsigned NOT NULL AUTO_INCREMENT,
  `name` varchar(64) COLLATE utf8mb4_unicode_ci NOT NULL,
  `state_code` varchar(64) COLLATE utf8mb4_unicode_ci DEFAULT NULL,
  `tax_rate` varchar(191) COLLATE utf8mb4_unicode_ci DEFAULT NULL,
  `country_id` int(10) unsigned DEFAULT NULL,
  `status` tinyint(1) NOT NULL DEFAULT '1',
  `created_at` timestamp NULL DEFAULT NULL,
  `updated_at` timestamp NULL DEFAULT NULL,
  PRIMARY KEY (`id`),
  KEY `state_country_id_foreign` (`country_id`)
) ENGINE=InnoDB AUTO_INCREMENT=21 DEFAULT CHARSET=utf8mb4 COLLATE=utf8mb4_unicode_ci;
/*!40101 SET character_set_client = @saved_cs_client */;

--
-- Dumping data for table `state`
--

LOCK TABLES `state` WRITE;
/*!40000 ALTER TABLE `state` DISABLE KEYS */;
INSERT INTO `state` VALUES (16,'Gujarat','GJ','12',1,1,'2019-03-26 02:37:52',NULL),(17,'Maharastra','MH','10',1,1,'2019-03-26 02:38:08','2019-04-01 03:19:38'),(18,'Punjab','PJ8944','23',1,1,'2019-03-28 09:18:59',NULL),(20,'Andhara pradesh',NULL,NULL,1,1,'2019-04-05 08:29:27','2019-04-16 02:49:09');
/*!40000 ALTER TABLE `state` ENABLE KEYS */;
UNLOCK TABLES;

--
-- Table structure for table `sub_categories`
--

DROP TABLE IF EXISTS `sub_categories`;
/*!40101 SET @saved_cs_client     = @@character_set_client */;
/*!40101 SET character_set_client = utf8 */;
CREATE TABLE `sub_categories` (
  `id` int(10) unsigned NOT NULL AUTO_INCREMENT,
  `category_id` int(10) unsigned NOT NULL,
  `name` varchar(255) COLLATE utf8mb4_unicode_ci NOT NULL,
  `image` varchar(255) COLLATE utf8mb4_unicode_ci DEFAULT NULL,
  `hover_image` varchar(255) COLLATE utf8mb4_unicode_ci DEFAULT NULL,
  `sequence_number` varchar(64) COLLATE utf8mb4_unicode_ci DEFAULT NULL,
  `type` smallint(6) NOT NULL DEFAULT '0',
  `service_offers_to` varchar(255) COLLATE utf8mb4_unicode_ci DEFAULT NULL,
  `description` text COLLATE utf8mb4_unicode_ci,
  `status` tinyint(1) NOT NULL DEFAULT '1',
  `created_at` timestamp NULL DEFAULT NULL,
  `updated_at` timestamp NULL DEFAULT NULL,
  PRIMARY KEY (`id`),
  KEY `sub_categories_category_id_foreign` (`category_id`),
  CONSTRAINT `sub_categories_category_id_foreign` FOREIGN KEY (`category_id`) REFERENCES `categories` (`id`) ON DELETE CASCADE ON UPDATE CASCADE
) ENGINE=InnoDB AUTO_INCREMENT=300 DEFAULT CHARSET=utf8mb4 COLLATE=utf8mb4_unicode_ci;
/*!40101 SET character_set_client = @saved_cs_client */;

--
-- Dumping data for table `sub_categories`
--

LOCK TABLES `sub_categories` WRITE;
/*!40000 ALTER TABLE `sub_categories` DISABLE KEYS */;
INSERT INTO `sub_categories` VALUES (101,1,'Central Vac','sub_categories/omnee-sub_category-image-1553842073.png',NULL,'11',0,'1','For the repair or installation of central vac systems.',1,'2019-03-26 11:08:53','2019-04-10 01:45:59'),(102,1,'Moving/Delivery','sub_categories/omnee-sub_category-image-1553664932.png',NULL,'6',0,'1,2,3','For moving or delivering household appliances.',1,'2019-03-26 11:08:53','2019-03-27 01:35:32'),(103,2,'Material Quotes','sub_categories/omnee-sub_category-image-1553664877.png',NULL,'5',0,'3','For help with pricing out materials for do-it-yourself projects',1,'2019-03-26 11:08:53','2019-03-27 01:34:37'),(105,3,'Cabinetry','sub_categories/omnee-sub_category-image-1553664807.png',NULL,'4',0,'2','For any cabinetry needs. Includes cabinet replacement, repairs, new kitchens, bathroom vanities, etc.',1,'2019-03-26 11:08:53','2019-04-08 04:03:11'),(107,3,'Interior Rough (framing, etc.)','sub_categories/omnee-sub_category-image-1553664746.png',NULL,'3',0,'1','For any rough carpentry needs. Includes framing, stairs, subfloors, etc.',1,'2019-03-26 11:08:53','2019-03-27 01:32:26'),(108,3,'Interior Finish (trim, etc.)','sub_categories/omnee-sub_category-image-1553664671.png',NULL,'2',0,'2,3','For any interior fine carpentry work. Includes trim and baseboards, shelving, and any other interior wood-related projects.',1,'2019-03-26 11:08:53','2019-03-27 01:31:11'),(196,1,'Appliance Repair','sub_categories/omnee-sub_category-image-1553664573.png',NULL,'10',0,'1,2','For the emergency repair of any major household appliance. Includes refrigerators, dishwashers, ranges, washers, dryers,\r\ncentral vac systems, etc.',1,'2019-03-26 09:22:07','2019-03-27 01:36:51'),(200,2,'Project Planning','sub_categories/omnee-sub_category-image-1553664503.png',NULL,'9',0,'1,3','For help with planning a do-it-yourself project.',1,'2019-03-26 09:22:07','2019-03-27 01:36:03'),(202,3,'Exterior (decks, fences, etc.)','sub_categories/omnee-sub_category-image-1553664427.png',NULL,'8',0,'1,2,3','For any exterior carpentry projects. Includes fences, decks, trim work, and any other exterior wood structures.',1,'2019-03-26 09:22:07','2019-03-27 01:35:56'),(205,3,'Railings/Banisters','sub_categories/omnee-sub_category-image-1553843335.png',NULL,'7',1,'2','For any railing and banister needs.',1,'2019-03-26 09:22:07','2019-04-08 02:08:17'),(293,1,'test','sub_categories/omnee-sub_category-image-1554701709.jpg',NULL,'15',1,'1','test',1,'2019-04-08 01:33:54','2019-04-10 08:23:32'),(294,1,'Plumbing','sub_categories/omnee-sub_category-image-1554710365.png',NULL,'27',1,'2','Plumbing',1,'2019-04-08 03:59:25','2019-04-08 09:48:32'),(295,1,'SA129','sub_categories/omnee-sub_category-image-1554710486.png',NULL,'10',1,'1','Test',1,'2019-04-08 04:01:26','2019-04-08 09:48:14'),(296,3,'Plumbing','',NULL,'1',0,'1','Lorem Ipsum is simply dummy text of the printing and typesetting industry. Lorem Ipsum has been the industry\'s standard dummy text ever since the 1500s, when an unknown printer took a galley of type and scrambled it to make a type specimen book. It has survived not only five centuries.',1,'2019-04-18 01:50:01',NULL),(298,2,'Project estimation','sub_categories/omnee-sub_category-image-1555652910.jpg',NULL,'2',0,'1','Its project estimation category',1,'2019-04-19 01:48:30',NULL),(299,2,'building material','sub_categories/omnee-sub_category-image-1555927694.jpg',NULL,'2',0,'3','building material',1,'2019-04-22 06:08:14','2019-04-23 01:15:05');
/*!40000 ALTER TABLE `sub_categories` ENABLE KEYS */;
UNLOCK TABLES;

--
-- Table structure for table `subscription_feature`
--

DROP TABLE IF EXISTS `subscription_feature`;
/*!40101 SET @saved_cs_client     = @@character_set_client */;
/*!40101 SET character_set_client = utf8 */;
CREATE TABLE `subscription_feature` (
  `id` int(10) unsigned NOT NULL AUTO_INCREMENT,
  `subscription_id` int(10) unsigned NOT NULL,
  `feature` varchar(255) COLLATE utf8mb4_unicode_ci DEFAULT NULL,
  `created_at` timestamp NULL DEFAULT NULL,
  `updated_at` timestamp NULL DEFAULT NULL,
  PRIMARY KEY (`id`),
  KEY `subscription_feature_subscription_id_foreign` (`subscription_id`),
  CONSTRAINT `subscription_feature_subscription_id_foreign` FOREIGN KEY (`subscription_id`) REFERENCES `subscriptions` (`id`) ON DELETE CASCADE ON UPDATE CASCADE
) ENGINE=InnoDB AUTO_INCREMENT=7 DEFAULT CHARSET=utf8mb4 COLLATE=utf8mb4_unicode_ci;
/*!40101 SET character_set_client = @saved_cs_client */;

--
-- Dumping data for table `subscription_feature`
--

LOCK TABLES `subscription_feature` WRITE;
/*!40000 ALTER TABLE `subscription_feature` DISABLE KEYS */;
INSERT INTO `subscription_feature` VALUES (1,1,'1 Property',NULL,NULL),(2,1,'1 Emergency Quote',NULL,NULL),(3,2,'1 Property',NULL,NULL),(4,2,'1 EMergency Quote',NULL,NULL),(5,3,'1 Property',NULL,NULL),(6,3,'1 EMergency Quote',NULL,NULL);
/*!40000 ALTER TABLE `subscription_feature` ENABLE KEYS */;
UNLOCK TABLES;

--
-- Table structure for table `subscriptions`
--

DROP TABLE IF EXISTS `subscriptions`;
/*!40101 SET @saved_cs_client     = @@character_set_client */;
/*!40101 SET character_set_client = utf8 */;
CREATE TABLE `subscriptions` (
  `id` int(10) unsigned NOT NULL AUTO_INCREMENT,
  `name` varchar(255) COLLATE utf8mb4_unicode_ci NOT NULL,
  `description` varchar(255) COLLATE utf8mb4_unicode_ci DEFAULT NULL,
  `price` double NOT NULL,
  `discont` varchar(64) COLLATE utf8mb4_unicode_ci DEFAULT NULL,
  `discount_price` varchar(64) COLLATE utf8mb4_unicode_ci DEFAULT NULL,
  `duration_text` varchar(100) COLLATE utf8mb4_unicode_ci DEFAULT NULL,
  `duration` int(11) NOT NULL,
  `is_active` tinyint(1) NOT NULL DEFAULT '1',
  `created_at` timestamp NULL DEFAULT NULL,
  `updated_at` timestamp NULL DEFAULT NULL,
  PRIMARY KEY (`id`)
) ENGINE=InnoDB AUTO_INCREMENT=4 DEFAULT CHARSET=utf8mb4 COLLATE=utf8mb4_unicode_ci;
/*!40101 SET character_set_client = @saved_cs_client */;

--
-- Dumping data for table `subscriptions`
--

LOCK TABLES `subscriptions` WRITE;
/*!40000 ALTER TABLE `subscriptions` DISABLE KEYS */;
INSERT INTO `subscriptions` VALUES (1,'Basic','Basic Free',0,NULL,NULL,NULL,30,1,NULL,NULL),(2,'Plus+','Plus+ ($9.99/mo)',19.99,'50% off','9.99','Price Per Month',30,1,NULL,NULL),(3,'Premium','Premium ($19.99/mo)',19.99,NULL,'9.99','Price Per Month',30,1,NULL,NULL);
/*!40000 ALTER TABLE `subscriptions` ENABLE KEYS */;
UNLOCK TABLES;

--
-- Table structure for table `system_email_templates`
--

DROP TABLE IF EXISTS `system_email_templates`;
/*!40101 SET @saved_cs_client     = @@character_set_client */;
/*!40101 SET character_set_client = utf8 */;
CREATE TABLE `system_email_templates` (
  `id` int(10) unsigned NOT NULL AUTO_INCREMENT,
  `title` varchar(64) COLLATE utf8mb4_unicode_ci NOT NULL,
  `code` varchar(64) COLLATE utf8mb4_unicode_ci NOT NULL,
  `subject` varchar(64) COLLATE utf8mb4_unicode_ci NOT NULL,
  `from_name` varchar(64) COLLATE utf8mb4_unicode_ci NOT NULL,
  `from_email` varchar(64) COLLATE utf8mb4_unicode_ci NOT NULL,
  `bcc_emails` varchar(255) COLLATE utf8mb4_unicode_ci DEFAULT NULL,
  `cc_emails` varchar(255) COLLATE utf8mb4_unicode_ci DEFAULT NULL,
  `email_html` text COLLATE utf8mb4_unicode_ci,
  `status` tinyint(1) NOT NULL DEFAULT '1',
  `created_at` timestamp NULL DEFAULT NULL,
  `updated_at` timestamp NULL DEFAULT NULL,
  PRIMARY KEY (`id`)
) ENGINE=InnoDB AUTO_INCREMENT=22 DEFAULT CHARSET=utf8mb4 COLLATE=utf8mb4_unicode_ci;
/*!40101 SET character_set_client = @saved_cs_client */;

--
-- Dumping data for table `system_email_templates`
--

LOCK TABLES `system_email_templates` WRITE;
/*!40000 ALTER TABLE `system_email_templates` DISABLE KEYS */;
INSERT INTO `system_email_templates` VALUES (1,'Customer registration acknowledgement Email','1','Customer registration acknowledgement Email','Omnee','Omnee@gmail.com',NULL,NULL,'<p>Hello #CUSTOMER_NAME#</p>\r\n\r\n<p>Welcome to #PROJECT_NAME#</p>\r\n\r\n<p>Thank you for registration into omnee application.</p>\r\n\r\n<p><strong>Regards,</strong></p>\r\n\r\n<p>#SYSTEM_COMPANY_NAME#</p>\r\n\r\n<p>#SYSTEM_WEBSITE_URL#</p>',1,NULL,'2019-04-16 07:52:46'),(2,'Customer Registration email to Admin','2','Customer Registration email to Admin','Omnee','Omnee@gmail.com',NULL,NULL,'<p>Hello #SYSTEM_ADMIN_NAME#,</p>\r\n\r\n<p>New Customer has been registered at our application.</p>\r\n\r\n<p><strong>Customer Details :</strong></p>\r\n\r\n<p><strong>Name :&nbsp;</strong>#CUSTOMER_NAME#</p>\r\n\r\n<p><strong>EMAIL :&nbsp;</strong>#CUSTOMER_EMAIL#</p>\r\n\r\n<p>#SYSTEM_ADMIN_URL#</p>\r\n\r\n<p><strong>Regards,</strong></p>\r\n\r\n<p>#SYSTEM_COMPANY_NAME#</p>\r\n\r\n<p>#SYSTEM_WEBSITE_URL#</p>\r\n\r\n<p>&nbsp;</p>',1,NULL,'2019-04-10 04:57:47'),(3,'Welcome email to User (Customer, provider and admin)','3','Welcome email to User','Omnee','omnee@gmail.com',NULL,NULL,'<p>Hello #USER_NAME#</p>\r\n\r\n<p>Welcome to #PROJECT_NAME#</p>\r\n\r\n<p>Thank you for registration into omnee application.</p>\r\n\r\n<p><strong>Regards,</strong></p>\r\n\r\n<p>#SYSTEM_COMPANY_NAME#</p>\r\n\r\n<p>#SYSTEM_WEBSITE_URL#</p>',1,NULL,'2019-04-16 10:05:18'),(4,'Forgot Password for Admin.','4','Forgot Password for admin.','Omnee','omnee@gmail.com',NULL,NULL,'<p>You are receiving this email because we received a password reset request for your account.</p>\r\n\r\n<p>#ACTION_LINK#</p>\r\n\r\n<p>If you did not request a password reset, no further action is required.</p>',1,NULL,'2019-04-11 06:31:15'),(5,'Forgot Password for Customer.','5','Forgot Password for Customer.','Omnee','omnee@gmail.com',NULL,NULL,'<p>You are receiving this email because we received a password reset request for your account.</p>\r\n\r\n<p>#ACTION_LINK#</p>\r\n\r\n<p>If you did not request a password reset, no further action is required.</p>',1,NULL,'2019-04-16 06:20:57'),(6,'Forgot Password for Provider.','6','Forgot Password for Provider.','Omnee','omnee@gmail.com',NULL,NULL,'<p>You are receiving this email because we received a password reset request for your account.</p>\r\n\r\n<p>#ACTION_LINK#</p>\r\n\r\n<p>If you did not request a password reset, no further action is required.</p>',1,NULL,'2019-04-11 06:31:03'),(7,'Quote Request to Vendor','7','Quote Request to Vendor','Omnee','omnee@gmail.com',NULL,NULL,'<p>You have received a new quote request from customer - #CUSTOMER_NAME#</p>',1,NULL,'2019-04-10 04:55:40'),(8,'Quote Request Accepted Notification to Customer','8','Quote Request Accepted Notification to Customer','Omnee','omnee@gmail',NULL,NULL,'<p>Hello #CUSTOMER_NAME#</p>\r\n\r\n<p>Your quote request #JOB_NUMBER# has been accepted by #VENDOR_NAME#&nbsp;</p>\r\n\r\n<p><strong>Regards,</strong></p>\r\n\r\n<p>#SYSTEM_COMPANY_NAME#</p>\r\n\r\n<p>#SYSTEM_WEBSITE_URL#</p>',1,NULL,'2019-04-10 04:54:59'),(9,'Quote Request Rejected By Vendor, Notification to Customer','9','Quote Request Rejected By Vendor','Omnee','omnee@gmail.com',NULL,NULL,'<p>Hello #CUSTOMER_NAME#</p>\r\n\r\n<p>Your quote request #JOB_NUMBER# has been rejected by #VENDOR_NAME#&nbsp;</p>\r\n\r\n<p><strong>Regards,</strong></p>\r\n\r\n<p>#SYSTEM_COMPANY_NAME#</p>\r\n\r\n<p>#SYSTEM_WEBSITE_URL#</p>',1,NULL,'2019-04-10 04:54:11'),(10,'Quote Received Notification to Customer','10','Quote Received Notification to Customer','Omnee','omnee@gmail.com',NULL,NULL,'<p>Hello #CUSTOMER_NAME#</p>\r\n\r\n<p>You have received new quotation for job-#JOB_NUMBER# by #VENDOR_NAME#.</p>\r\n\r\n<p><strong>Regards,</strong></p>\r\n\r\n<p>#SYSTEM_COMPANY_NAME#</p>\r\n\r\n<p>#SYSTEM_WEBSITE_URL#</p>',1,NULL,'2019-04-10 04:54:01'),(11,'Quote Accepted Notification to Vendor','11','Quote Accepted Notification to Vendor','Omnee','omnee@gmail.com',NULL,NULL,'<p>Hello #VENDOR_NAME#</p>\r\n\r\n<p>Your job quotation for job-#JOB_NUMBER# has been approved&nbsp;by #CUSTOMER_NAME#.</p>\r\n\r\n<p><strong>Regards,</strong></p>\r\n\r\n<p>#SYSTEM_COMPANY_NAME#</p>\r\n\r\n<p>#SYSTEM_WEBSITE_URL#</p>',1,NULL,'2019-04-10 04:53:34'),(12,'Quote Rejected By Customer Notification to Provider','12','Quote Rejected By Customer Notification to Provider','Omnee','omnee@gmail.com',NULL,NULL,'<p>Hello #VENDOR_NAME#</p>\r\n\r\n<p>Your job quotation for job-#JOB_NUMBER# has been rejected by #CUSTOMER_NAME#.</p>\r\n\r\n<p><strong>Regards,</strong></p>\r\n\r\n<p>#SYSTEM_COMPANY_NAME#</p>\r\n\r\n<p>#SYSTEM_WEBSITE_URL#</p>',1,NULL,'2019-04-10 04:53:08'),(13,'Contact us Acknowledgement to user','13','Contact us Acknowledgement to user','Omnee','omnee@gmail.com',NULL,NULL,'<p>Hello #USER_NAME#</p>\r\n\r\n<p>Thank you for filling your information !</p>\r\n\r\n<p>We have received your message and would like to thank you for writing to us.&nbsp;</p>\r\n\r\n<p><strong>Regards,</strong></p>\r\n\r\n<p>#SYSTEM_COMPANY_NAME#</p>\r\n\r\n<p>#SYSTEM_WEBSITE_URL#</p>',1,NULL,'2019-04-10 06:07:33'),(14,'Contact Form to Admin','14','Contact Form to Admin','Omnee','omnee@gmail.com',NULL,NULL,'<p>Hello #SYSTEM_ADMIN_NAME#</p>\r\n\r\n<p>You have received new contact us detail by the user.<br />\r\n<strong>Contact Us Detail:</strong></p>\r\n\r\n<p>Name : #USER_NAME#</p>\r\n\r\n<p>Email : #USER_EMAIL#</p>\r\n\r\n<p>Phone Number : #USER_PHONE_NUMER#</p>\r\n\r\n<p>Reason : #USER_REASON#</p>\r\n\r\n<p>Comment : #USER_COMMENT#</p>\r\n\r\n<p><strong>Regards,</strong></p>\r\n\r\n<p>#SYSTEM_COMPANY_NAME#</p>\r\n\r\n<p>#SYSTEM_WEBSITE_URL#</p>',1,NULL,'2019-04-11 06:37:12'),(15,'Subscription purchase to Customer','15','Subscription purchase to Customer','Omnee','omnee@gmail.com',NULL,NULL,'<p>Hello #CUSTOMER_NAME#,</p>\r\n\r\n<p>Thank you for purchaseing&nbsp;subscription plan - #SUBSCRIPTION_PLAN_NAME#.</p>\r\n\r\n<p>Your subscription plan duration #START_DATE# to #END_DATE#.</p>\r\n\r\n<p><strong>Regards,</strong></p>\r\n\r\n<p>#SYSTEM_COMPANY_NAME#</p>\r\n\r\n<p>#SYSTEM_WEBSITE_URL#</p>',1,NULL,'2019-04-10 04:52:16'),(16,'Subscription purchase to Admin','16','Subscription purchase to Admin','Omnee','omnee@gmail.com',NULL,NULL,'<p>Hello #SYSTEM_ADMIN_NAME#,</p>\r\n\r\n<p>New subscription plan purchased by #CUSTOMER_NAME#</p>\r\n\r\n<p><strong>Plan Detail :</strong></p>\r\n\r\n<p><strong>Customer Name :&nbsp;</strong>#CUSTOMER_NAME#</p>\r\n\r\n<p><strong>Customer Email :&nbsp;</strong>#CUSTOMER_EMAIL#</p>\r\n\r\n<p><strong>Customer Phone Number :&nbsp;</strong>#CUSTOMER_PHOINE_NUMBER#</p>\r\n\r\n<p><strong>Subscription Plan Name : </strong>#SUBSCRIPTION_PLAN_NAME#</p>\r\n\r\n<p><strong>Subscription Plan Duration : </strong>#SUBSCRIPTION_PLAN_DURATION#</p>\r\n\r\n<p><strong>Regards,</strong></p>\r\n\r\n<p>#SYSTEM_COMPANY_NAME#</p>\r\n\r\n<p>#SYSTEM_WEBSITE_URL#</p>',1,NULL,'2019-04-10 04:51:32'),(17,'Quote Completed Notification to Customer to Rate','17','Quote Completed Notification to Customer to Rate','Omnee','omnee@gmail.com',NULL,NULL,'<p>Hello #CUSTOMER_NAME#,</p>\r\n\r\n<p>Your job (#JOB_NUMBER#) has been completed by #VENDOR_NAME#.</p>\r\n\r\n<p>Now you can give rate to that service provider.</p>\r\n\r\n<p><strong>Regards,</strong></p>\r\n\r\n<p>#SYSTEM_COMPANY_NAME#</p>\r\n\r\n<p>#SYSTEM_WEBSITE_URL#</p>',1,NULL,'2019-04-10 04:51:06'),(18,'Quote closed Notification to provider to Rate','18','Quote closed Notification to provider to Rate','Omnee','omnee@gmail.com',NULL,NULL,'<p>Hello #VENDOR_NAME#,</p>\r\n\r\n<p>Your job(#JOB_NUMBER#) has been closed by #CUSTOMER_NAME#.</p>\r\n\r\n<p>Now you can give rate to that customer.&nbsp;</p>\r\n\r\n<p><strong>Regards,</strong></p>\r\n\r\n<p>#SYSTEM_COMPANY_NAME#</p>\r\n\r\n<p>#SYSTEM_WEBSITE_URL#</p>',1,NULL,'2019-04-10 04:50:39'),(19,'Quote or Job Status Change Notification to customer','19','Quote or Job Status Change Notification to customer','Omnee','omnee@gmail.com',NULL,NULL,'<p>Quote or Job Status Change Notification to customer&nbsp;</p>',1,NULL,'2019-04-10 05:57:40'),(20,'Quote or Job Status Change Notification to vendor','20','Quote or Job Status Change Notification to vendor','Omnee','omnee@gmail.com',NULL,NULL,'<p>Quote or Job Status Change Notification to vendor</p>',1,NULL,'2019-04-10 05:57:32'),(21,'Email to admin for No provider acceptance for quote','21','Email to admin for No provider acceptance for quote','Omnee','omnee@gmail.com',NULL,NULL,'<p>Email to admin for No provider acceptance for quote</p>',1,NULL,'2019-04-23 01:29:51');
/*!40000 ALTER TABLE `system_email_templates` ENABLE KEYS */;
UNLOCK TABLES;

--
-- Table structure for table `system_email_variables`
--

DROP TABLE IF EXISTS `system_email_variables`;
/*!40101 SET @saved_cs_client     = @@character_set_client */;
/*!40101 SET character_set_client = utf8 */;
CREATE TABLE `system_email_variables` (
  `id` int(10) unsigned NOT NULL AUTO_INCREMENT,
  `system_email_id` int(10) unsigned NOT NULL,
  `variable_name` varchar(255) COLLATE utf8mb4_unicode_ci NOT NULL,
  `description` varchar(191) COLLATE utf8mb4_unicode_ci DEFAULT NULL,
  `created_at` timestamp NULL DEFAULT NULL,
  `updated_at` timestamp NULL DEFAULT NULL,
  PRIMARY KEY (`id`),
  KEY `system_email_variables_system_email_id_foreign` (`system_email_id`),
  CONSTRAINT `system_email_variables_system_email_id_foreign` FOREIGN KEY (`system_email_id`) REFERENCES `system_email_templates` (`id`) ON DELETE CASCADE ON UPDATE CASCADE
) ENGINE=InnoDB AUTO_INCREMENT=80 DEFAULT CHARSET=utf8mb4 COLLATE=utf8mb4_unicode_ci;
/*!40101 SET character_set_client = @saved_cs_client */;

--
-- Dumping data for table `system_email_variables`
--

LOCK TABLES `system_email_variables` WRITE;
/*!40000 ALTER TABLE `system_email_variables` DISABLE KEYS */;
INSERT INTO `system_email_variables` VALUES (1,1,'#CUSTOMER_NAME#',NULL,NULL,NULL),(2,1,'#PROJECT_NAME#',NULL,NULL,NULL),(3,1,'#SYSTEM_COMPANY_NAME#',NULL,NULL,NULL),(4,1,'#SYSTEM_WEBSITE_URL#',NULL,NULL,NULL),(5,2,'#SYSTEM_ADMIN_NAME#',NULL,NULL,NULL),(6,2,'#CUSTOMER_NAME#',NULL,NULL,NULL),(7,2,'#CUSTOMER_EMAIL#',NULL,NULL,NULL),(8,2,'#SYSTEM_COMPANY_NAME#',NULL,NULL,NULL),(9,2,'#SYSTEM_WEBSITE_URL#',NULL,NULL,NULL),(10,2,'#SYSTEM_ADMIN_URL#',NULL,NULL,NULL),(11,3,'#USER_NAME#',NULL,NULL,NULL),(12,3,'#PROJECT_NAME#',NULL,NULL,NULL),(13,3,'#SYSTEM_COMPANY_NAME#',NULL,NULL,NULL),(14,3,'#SYSTEM_WEBSITE_URL#',NULL,NULL,NULL),(15,3,'#SYSTEM_ADMIN_URL#',NULL,NULL,NULL),(16,4,'#ACTION_LINK#',NULL,NULL,NULL),(17,5,'#ACTION_LINK#',NULL,NULL,NULL),(18,6,'#ACTION_LINK#',NULL,NULL,NULL),(19,7,'#CUSTOMER_NAME#',NULL,NULL,NULL),(20,8,'#VENDOR_NAME#',NULL,NULL,NULL),(21,8,'#JOB_NUMBER#',NULL,NULL,NULL),(22,8,'#CUSTOMER_NAME#',NULL,NULL,NULL),(23,8,'#SYSTEM_COMPANY_NAME#',NULL,NULL,NULL),(24,8,'#SYSTEM_WEBSITE_URL#',NULL,NULL,NULL),(25,9,'#CUSTOMER_NAME#',NULL,NULL,NULL),(26,9,'#VENDOR_NAME#',NULL,NULL,NULL),(27,9,'#JOB_NUMBER#',NULL,NULL,NULL),(28,9,'#SYSTEM_COMPANY_NAME#',NULL,NULL,NULL),(29,9,'#SYSTEM_WEBSITE_URL#',NULL,NULL,NULL),(30,10,'#CUSTOMER_NAME#',NULL,NULL,NULL),(31,10,'#VENDOR_NAME#',NULL,NULL,NULL),(32,10,'#SYSTEM_COMPANY_NAME#',NULL,NULL,NULL),(33,10,'#SYSTEM_WEBSITE_URL#',NULL,NULL,NULL),(34,10,'#JOB_NUMBER#',NULL,NULL,NULL),(35,11,'#CUSTOMER_NAME#',NULL,NULL,NULL),(36,11,'#VENDOR_NAME#',NULL,NULL,NULL),(37,11,'#JOB_NUMBER#',NULL,NULL,NULL),(38,11,'#SYSTEM_COMPANY_NAME#',NULL,NULL,NULL),(39,11,'#SYSTEM_WEBSITE_URL#',NULL,NULL,NULL),(40,12,'#CUSTOMER_NAME#',NULL,NULL,NULL),(41,12,'#VENDOR_NAME#',NULL,NULL,NULL),(42,12,'#JOB_NUMBER#',NULL,NULL,NULL),(43,12,'#SYSTEM_COMPANY_NAME#',NULL,NULL,NULL),(44,12,'#SYSTEM_WEBSITE_URL#',NULL,NULL,NULL),(45,13,'#USER_NAME#',NULL,NULL,NULL),(46,13,'#SYSTEM_COMPANY_NAME#',NULL,NULL,NULL),(47,13,'#SYSTEM_WEBSITE_URL#',NULL,NULL,NULL),(48,14,'#SYSTEM_ADMIN_NAME#',NULL,NULL,NULL),(49,14,'#USER_NAME#',NULL,NULL,NULL),(50,14,'#USER_EMAIL#',NULL,NULL,NULL),(51,14,'#USER_PHONE_NUMER#',NULL,NULL,NULL),(52,14,'#USER_REASON#',NULL,NULL,NULL),(53,14,'#USER_COMMENT#',NULL,NULL,NULL),(54,14,'#SYSTEM_COMPANY_NAME#',NULL,NULL,NULL),(55,14,'#SYSTEM_WEBSITE_URL#',NULL,NULL,NULL),(56,15,'#CUSTOMER_NAME#',NULL,NULL,NULL),(57,15,'#SUBSCRIPTION_PLAN_NAME#',NULL,NULL,NULL),(58,15,'#START_DATE#',NULL,NULL,NULL),(59,15,'#END_DATE#',NULL,NULL,NULL),(60,15,'#SYSTEM_COMPANY_NAME#',NULL,NULL,NULL),(61,15,'#SYSTEM_WEBSITE_URL#',NULL,NULL,NULL),(62,16,'#CUSTOMER_NAME#',NULL,NULL,NULL),(63,16,'#CUSTOMER_EMAIL#',NULL,NULL,NULL),(64,16,'#CUSTOMER_PHOINE_NUMBER#',NULL,NULL,NULL),(65,16,'#SUBSCRIPTION_PLAN_NAME#',NULL,NULL,NULL),(66,16,'#SUBSCRIPTION_PLAN_DURATION#',NULL,NULL,NULL),(67,16,'#SYSTEM_COMPANY_NAME#',NULL,NULL,NULL),(68,16,'#SYSTEM_WEBSITE_URL#',NULL,NULL,NULL),(69,16,'#SYSTEM_ADMIN_NAME#',NULL,NULL,NULL),(70,17,'#CUSTOMER_NAME#',NULL,NULL,NULL),(71,17,'#JOB_NUMBER#',NULL,NULL,NULL),(72,17,'#VENDOR_NAME#',NULL,NULL,NULL),(73,17,'#SYSTEM_COMPANY_NAME#',NULL,NULL,NULL),(74,17,'#SYSTEM_WEBSITE_URL#',NULL,NULL,NULL),(75,18,'#VENDOR_NAME#',NULL,NULL,NULL),(76,18,'#CUSTOMER_NAME#',NULL,NULL,NULL),(77,18,'#JOB_NUMBER#',NULL,NULL,NULL),(78,18,'#SYSTEM_COMPANY_NAME#',NULL,NULL,NULL),(79,18,'#SYSTEM_WEBSITE_URL#',NULL,NULL,NULL);
/*!40000 ALTER TABLE `system_email_variables` ENABLE KEYS */;
UNLOCK TABLES;

--
-- Table structure for table `system_notification_templates`
--

DROP TABLE IF EXISTS `system_notification_templates`;
/*!40101 SET @saved_cs_client     = @@character_set_client */;
/*!40101 SET character_set_client = utf8 */;
CREATE TABLE `system_notification_templates` (
  `id` int(10) unsigned NOT NULL AUTO_INCREMENT,
  `title` varchar(64) COLLATE utf8mb4_unicode_ci NOT NULL,
  `code` varchar(64) COLLATE utf8mb4_unicode_ci NOT NULL,
  `group_title` varchar(255) COLLATE utf8mb4_unicode_ci NOT NULL,
  `role_id` int(10) unsigned NOT NULL,
  `message` text COLLATE utf8mb4_unicode_ci,
  `status` tinyint(1) NOT NULL DEFAULT '0',
  `created_by` int(10) unsigned DEFAULT NULL,
  `updated_by` int(10) unsigned DEFAULT NULL,
  `created_at` timestamp NULL DEFAULT NULL,
  `updated_at` timestamp NULL DEFAULT NULL,
  PRIMARY KEY (`id`),
  KEY `system_notification_templates_role_id_foreign` (`role_id`),
  CONSTRAINT `system_notification_templates_role_id_foreign` FOREIGN KEY (`role_id`) REFERENCES `roles` (`id`) ON DELETE CASCADE ON UPDATE CASCADE
) ENGINE=InnoDB DEFAULT CHARSET=utf8mb4 COLLATE=utf8mb4_unicode_ci;
/*!40101 SET character_set_client = @saved_cs_client */;

--
-- Dumping data for table `system_notification_templates`
--

LOCK TABLES `system_notification_templates` WRITE;
/*!40000 ALTER TABLE `system_notification_templates` DISABLE KEYS */;
/*!40000 ALTER TABLE `system_notification_templates` ENABLE KEYS */;
UNLOCK TABLES;

--
-- Table structure for table `user_cards`
--

DROP TABLE IF EXISTS `user_cards`;
/*!40101 SET @saved_cs_client     = @@character_set_client */;
/*!40101 SET character_set_client = utf8 */;
CREATE TABLE `user_cards` (
  `id` int(10) unsigned NOT NULL AUTO_INCREMENT,
  `user_id` int(10) unsigned NOT NULL,
  `card_token` varchar(255) COLLATE utf8mb4_unicode_ci DEFAULT NULL,
  `selected` tinyint(4) NOT NULL DEFAULT '0',
  `created_at` timestamp NULL DEFAULT NULL,
  `updated_at` timestamp NULL DEFAULT NULL,
  PRIMARY KEY (`id`),
  KEY `user_cards_user_id_foreign` (`user_id`),
  CONSTRAINT `user_cards_user_id_foreign` FOREIGN KEY (`user_id`) REFERENCES `users` (`id`) ON DELETE CASCADE ON UPDATE CASCADE
) ENGINE=InnoDB AUTO_INCREMENT=7 DEFAULT CHARSET=utf8mb4 COLLATE=utf8mb4_unicode_ci;
/*!40101 SET character_set_client = @saved_cs_client */;

--
-- Dumping data for table `user_cards`
--

LOCK TABLES `user_cards` WRITE;
/*!40000 ALTER TABLE `user_cards` DISABLE KEYS */;
INSERT INTO `user_cards` VALUES (5,421,'card_1EXRuKJRDdgPf7kDLXBXKUNW',1,'2019-05-07 07:56:28','2019-05-07 07:56:28'),(6,604,'card_1EXS8uJRDdgPf7kDZ84pbH7S',1,'2019-05-07 08:11:33','2019-05-07 08:11:33');
/*!40000 ALTER TABLE `user_cards` ENABLE KEYS */;
UNLOCK TABLES;

--
-- Table structure for table `user_subscriptions`
--

DROP TABLE IF EXISTS `user_subscriptions`;
/*!40101 SET @saved_cs_client     = @@character_set_client */;
/*!40101 SET character_set_client = utf8 */;
CREATE TABLE `user_subscriptions` (
  `id` int(10) unsigned NOT NULL AUTO_INCREMENT,
  `user_id` int(10) unsigned NOT NULL,
  `subscription_id` int(10) unsigned NOT NULL,
  `start_date` date DEFAULT NULL,
  `end_date` date DEFAULT NULL,
  `is_free` tinyint(1) NOT NULL DEFAULT '0',
  `amount` varchar(255) COLLATE utf8mb4_unicode_ci DEFAULT NULL,
  `payment_transaction_id` varchar(255) COLLATE utf8mb4_unicode_ci DEFAULT NULL,
  `payment_status` tinyint(4) NOT NULL DEFAULT '0' COMMENT '0-pending 1-done 2-error',
  `payment_description` longtext COLLATE utf8mb4_unicode_ci,
  `created_at` timestamp NULL DEFAULT NULL,
  `updated_at` timestamp NULL DEFAULT NULL,
  PRIMARY KEY (`id`),
  KEY `user_subscriptions_user_id_foreign` (`user_id`),
  KEY `user_subscriptions_subscription_id_foreign` (`subscription_id`),
  CONSTRAINT `user_subscriptions_subscription_id_foreign` FOREIGN KEY (`subscription_id`) REFERENCES `subscriptions` (`id`) ON DELETE CASCADE ON UPDATE CASCADE,
  CONSTRAINT `user_subscriptions_user_id_foreign` FOREIGN KEY (`user_id`) REFERENCES `users` (`id`) ON DELETE CASCADE ON UPDATE CASCADE
) ENGINE=InnoDB AUTO_INCREMENT=3 DEFAULT CHARSET=utf8mb4 COLLATE=utf8mb4_unicode_ci;
/*!40101 SET character_set_client = @saved_cs_client */;

--
-- Dumping data for table `user_subscriptions`
--

LOCK TABLES `user_subscriptions` WRITE;
/*!40000 ALTER TABLE `user_subscriptions` DISABLE KEYS */;
INSERT INTO `user_subscriptions` VALUES (1,450,3,'2019-04-19','2019-05-19',0,'199.00','JKDAHDJKASH0001',1,'SDA SDASDASD','2019-04-19 06:00:00',NULL),(2,421,2,'2019-05-07','2019-06-06',0,'9.99','ch_1EXRwLJRDdgPf7kDTfU8ckPn',1,'Payment made of subscription plan - Plus+','2019-03-19 06:00:00','2019-05-07 07:58:33');
/*!40000 ALTER TABLE `user_subscriptions` ENABLE KEYS */;
UNLOCK TABLES;

--
-- Table structure for table `users`
--

DROP TABLE IF EXISTS `users`;
/*!40101 SET @saved_cs_client     = @@character_set_client */;
/*!40101 SET character_set_client = utf8 */;
CREATE TABLE `users` (
  `id` int(10) unsigned NOT NULL AUTO_INCREMENT,
  `first_name` varchar(255) COLLATE utf8mb4_unicode_ci NOT NULL,
  `last_name` varchar(255) COLLATE utf8mb4_unicode_ci DEFAULT NULL,
  `email` varchar(255) CHARACTER SET latin1 NOT NULL,
  `username` varchar(191) COLLATE utf8mb4_unicode_ci DEFAULT NULL,
  `password` varchar(255) COLLATE utf8mb4_unicode_ci NOT NULL,
  `country_code` int(11) DEFAULT '1',
  `iso_code` varchar(64) COLLATE utf8mb4_unicode_ci NOT NULL DEFAULT 'in',
  `mobile` varchar(64) COLLATE utf8mb4_unicode_ci DEFAULT NULL,
  `gender` varchar(64) COLLATE utf8mb4_unicode_ci DEFAULT 'male',
  `age` varchar(64) COLLATE utf8mb4_unicode_ci DEFAULT NULL,
  `profile_pic` varchar(255) COLLATE utf8mb4_unicode_ci DEFAULT NULL,
  `tenant_by` int(11) DEFAULT NULL,
  `profile_status` int(11) NOT NULL DEFAULT '0',
  `zipcode` varchar(191) COLLATE utf8mb4_unicode_ci DEFAULT NULL,
  `device_id` varchar(255) COLLATE utf8mb4_unicode_ci DEFAULT NULL,
  `platform` tinyint(1) NOT NULL DEFAULT '0',
  `is_terms` tinyint(1) NOT NULL DEFAULT '0',
  `is_verified` tinyint(1) NOT NULL DEFAULT '0',
  `is_first` tinyint(1) NOT NULL DEFAULT '1',
  `is_active` tinyint(1) NOT NULL DEFAULT '1',
  `is_delete` tinyint(1) NOT NULL DEFAULT '0',
  `email_verified_at` timestamp NULL DEFAULT NULL,
  `email_verify_token` varchar(191) COLLATE utf8mb4_unicode_ci DEFAULT NULL,
  `remember_token` varchar(100) COLLATE utf8mb4_unicode_ci DEFAULT NULL,
  `customer_token` varchar(255) COLLATE utf8mb4_unicode_ci DEFAULT NULL,
  `logged_in_ip` varchar(64) COLLATE utf8mb4_unicode_ci DEFAULT NULL,
  `last_access` datetime DEFAULT NULL,
  `created_at` timestamp NULL DEFAULT NULL,
  `updated_at` timestamp NULL DEFAULT NULL,
  PRIMARY KEY (`id`),
  UNIQUE KEY `users_email_unique` (`email`),
  UNIQUE KEY `users_username_unique` (`username`)
) ENGINE=InnoDB AUTO_INCREMENT=606 DEFAULT CHARSET=utf8mb4 COLLATE=utf8mb4_unicode_ci;
/*!40101 SET character_set_client = @saved_cs_client */;

--
-- Dumping data for table `users`
--

LOCK TABLES `users` WRITE;
/*!40000 ALTER TABLE `users` DISABLE KEYS */;
INSERT INTO `users` VALUES (1,'admin','','omnee@gmail.com','admin','$2y$10$/q9MjWaKUu9K3bgld9TlYuF9UGXWAAVLGJsCg.0izAJhYU0XRB5IO',91,'in',NULL,'male',NULL,NULL,NULL,0,NULL,NULL,0,0,1,1,1,0,NULL,NULL,'UHBoS7k7zh1ui8g0UyXRQbiEw4JfHZ6ACnD4Hr0HuTIZKHOfQtvfy954bq7m',NULL,'180.211.99.99','2019-05-07 08:41:00','2019-03-14 01:12:37','2019-04-23 12:15:59'),(421,'mujju',NULL,'muzammil.innovius@gmail.com',NULL,'$2y$10$X8M1vd/D6yK78/ZW4kU0YuJ/r.H4601fxIQHqf8epkgQ3eKU7CpeW',1,'in','213-456-4664','male','25',NULL,NULL,0,NULL,'NULL',1,1,1,0,1,0,'2019-04-10 12:36:18',NULL,'SGYBhRKYpMaLaw1KEAhOWLJwNka4fplPUcBHRbsW9sz46CQz9JGTcaoZ3f1J','cus_F1UubpuT7ijcdD',NULL,'2019-05-07 08:08:28','2019-04-10 12:35:42','2019-05-07 07:56:28'),(423,'Test','Company','companyv@gmail.com',NULL,'$2y$10$uwjZuRTkQgJkiPDnfpg5uumz/2QikEH3N8vx9TI6atz26waIdJaee',1,'in','974-567-8965','male',NULL,NULL,NULL,0,NULL,NULL,2,0,0,0,1,0,NULL,'xW9eydWdGGcigctVZ9GwaHkOWZZVdp8kYU0hEcAc',NULL,NULL,NULL,NULL,'2019-04-10 01:28:56','2019-04-10 01:30:16'),(424,'Jinal',NULL,'jinal.innovius@gmail.com',NULL,'$2y$10$NUze0cgO/UtfgqWdhgOivu/4uQYga8Khu5nG.UUX6T.1MX./unOEO',1,'in','954-654-4654','female','25-34',NULL,NULL,0,NULL,'NULL',2,0,1,0,1,0,'2019-04-10 01:31:14',NULL,NULL,NULL,NULL,NULL,'2019-04-10 01:30:57',NULL),(425,'Jack','mathew','muzammil.modan786@gmail.com',NULL,'$2y$10$X5HfOXfoTSBOax8r1cu9Pu32bLILTAAM6DAD.28w8CMS8ygTxkjGO',1,'in',NULL,'male',NULL,NULL,NULL,0,NULL,'NULL',1,0,1,0,1,0,'2019-04-11 12:38:17',NULL,NULL,NULL,NULL,'2019-05-02 03:11:31','2019-04-10 01:31:26','2019-04-11 12:43:01'),(426,'Marthaa','burg','tuser1@gmail.com',NULL,'$2y$10$oftLOJmWO7pZBAGXSZEyTuL0/4VBz4iWbytjcs0ag.cqSlARrymd2',1,'in',NULL,'male',NULL,NULL,NULL,0,NULL,NULL,2,0,0,1,1,0,NULL,'vJ9kjB3mWWBfEw091kIeg8pP48EL3EAN1l2K4P0o',NULL,NULL,NULL,NULL,'2019-04-10 01:34:29','2019-04-10 01:54:03'),(427,'test','acp83','testacp83@gmail.com',NULL,'$2y$10$L3dOEwj0gFL1uS9z236sJeVSqu4KQ3xtf28yIOCC79B3FNfI2TI9O',1,'in','234-234-2342','male',NULL,NULL,NULL,0,NULL,'NULL',2,0,1,0,0,0,'2019-04-10 01:37:03',NULL,NULL,NULL,NULL,NULL,'2019-04-10 01:35:29','2019-04-10 04:17:03'),(429,'Apple','Apple','bhavsarjay39@gmail.com',NULL,'$2y$10$h8VJH26bo/fITesXTBHUBOQncpPV9p5eo8C3eC88uAPJt1UEaw1Dy',1,'in','156-456-5645','male',NULL,NULL,NULL,0,NULL,NULL,1,0,1,0,1,0,'2019-04-10 02:35:25',NULL,'eaqAYadlmhqGjvsls2qyIn9vgVtXwrbzszOT5u1IFG3TdPgtaK5RZzyXgX61',NULL,'103.238.104.187','2019-05-07 08:05:05','2019-04-10 02:33:55',NULL),(430,'testacp10',NULL,'testacp10@gmail.com',NULL,'$2y$10$GYrtQHIOF4hTXqJLy5r2..jr77.DsiXRKI/xRc5wz/Jrx.gaJAjYi',1,'in','546-464-4676','male','25-34',NULL,NULL,0,NULL,'eGRlCXWzDZg:APA91bFQRa9oduTa3bVW9NWrVGobEttevlgvY4EYc4nd2tOV8bbc-ZivNZDom5FmRGfgLHhAFmX_WiZ1yuV4aZAXGGrLArWillbKqd9JJQzuuVfMKlhYxBQC8hzfARJRtm7BOSWa21O6',2,1,1,0,1,0,'2019-04-10 03:53:18',NULL,NULL,NULL,NULL,NULL,'2019-04-10 03:52:01',NULL),(431,'chinjal',NULL,'chinjal@elegantmicroweb.com',NULL,'$2y$10$vuhsYgTss5c.6/trPfJv0.5L.Tt.RKCk/1uwuR20KcS35o.JKAW/O',1,'in','546-764-6476','male','25-34',NULL,NULL,0,NULL,'c5dhUc4p0Bg:APA91bEdZg3IGS3hHpAEAet9BDU5T9O9FfqkUXMwXkifLRR4aQKtAz_y3BCszgHg5TLuUpq1WhaQXSk_pFIVg2WsNKOcu9iJe_OD4nuApL7aGdX73S3GHw-wKnuPsKZcj72AgujdJrlq',2,1,1,0,1,0,'2019-04-10 04:35:37',NULL,NULL,NULL,NULL,NULL,'2019-04-10 04:34:40',NULL),(435,'Jinal Panchal',NULL,'jinalce36@gmail.com',NULL,'$2y$10$.0YsbFFr4cpsB98jYuYJSuAxvsS6VgTNh.pKRPxgnIQKAIFVM9.b6',1,'in','987-654-6578','female','22',NULL,NULL,0,NULL,'NULL',1,1,1,0,1,0,'2019-04-10 05:19:58',NULL,NULL,NULL,NULL,NULL,'2019-04-10 05:18:44',NULL),(437,'testacp81',NULL,'testacp81@gmail.com',NULL,'$2y$10$Nw.GtkbAnBTv2.qabgTxw.H5ppK2TZ9FIhIuvFyK6ETO.tXXI29Z2',1,'in','546-765-4346','male','25-34',NULL,NULL,0,NULL,'ef1sudD7kEA:APA91bGEWHjsGysqsP5_onTaT3CzY-lb5SKQrFbSr8AwJ0pKxNuCLn7I_PCsaIH-RegMNVDICcyB84GPFbr-3P_03bZzo2PWTAg5oggtVLS2kaGsaSXDM24piPDn3JE2ID2hIruzwXaK',2,1,1,0,1,0,'2019-04-10 07:40:10',NULL,NULL,NULL,NULL,NULL,'2019-04-10 07:38:52',NULL),(439,'testacp22',NULL,'testacp22@gmail.com',NULL,'$2y$10$efUsm7FJ7GaWU/osjZ20/OlzdLnd0Tn/MGd3.WH4NP3D.cu4YUDea',1,'in','545-464-6464','male','25-34',NULL,NULL,0,NULL,'ef1sudD7kEA:APA91bGEWHjsGysqsP5_onTaT3CzY-lb5SKQrFbSr8AwJ0pKxNuCLn7I_PCsaIH-RegMNVDICcyB84GPFbr-3P_03bZzo2PWTAg5oggtVLS2kaGsaSXDM24piPDn3JE2ID2hIruzwXaK',2,1,1,0,1,0,'2019-04-10 08:30:11',NULL,NULL,NULL,NULL,NULL,'2019-04-10 08:29:49',NULL),(446,'test','test','test234@gmail.com',NULL,'$2y$10$6NwycR9mJUQG61FIHMaMC.T9lCD9sHf6PIb4vbX.nojkheRFC9u8e',1,'in','345-345-3453','male',NULL,NULL,NULL,0,'233453',NULL,2,0,0,1,0,0,NULL,'Lxrh0wKu9HOH3HLINC3OKUZWTv60uFlR8hZcPVFq',NULL,NULL,NULL,NULL,'2019-04-10 10:27:24',NULL),(447,'chinjal',NULL,'mchinjal@gmail.com',NULL,'$2y$10$b.FjF.4G4q2g8ZOnPZ6pfeU17AyiA8I7WXMp7OLHd/zeMuTFyJxjy',1,'in','656-898-9649','male','25-34',NULL,NULL,0,NULL,'eGRlCXWzDZg:APA91bFQRa9oduTa3bVW9NWrVGobEttevlgvY4EYc4nd2tOV8bbc-ZivNZDom5FmRGfgLHhAFmX_WiZ1yuV4aZAXGGrLArWillbKqd9JJQzuuVfMKlhYxBQC8hzfARJRtm7BOSWa21O6',1,1,0,0,1,0,NULL,'R7lgJteGRrttVQjLFQV7fZJ0G6mdk14SwwzHjHMv',NULL,NULL,NULL,NULL,'2019-04-10 10:36:10',NULL),(448,'testacp100',NULL,'testacp100@gmail.com',NULL,'$2y$10$oGlJz22KQNinI36WjVZtQeNG65UGPAkRV0HhGT3n8Mlt/pBJWQBP6',1,'in','455-476-4649','male','25-34',NULL,NULL,0,NULL,'f-4Dprpz-js:APA91bGXgjZIkgACZDDDhx6W_gKlEqIVuVfBKNPqt21dwI0k45XhMrmYzpyCJyTFXX11Hh7erdWfW-TnCeVsIrJyUW1nC1ss4W-H0l4K-a6cxfFvpfQH0ex-LjQZ6iOlleN2ZJt86TO6',2,1,1,0,1,0,'2019-04-10 10:44:14',NULL,NULL,NULL,NULL,NULL,'2019-04-10 10:42:45',NULL),(449,'chinjal',NULL,'chinjal+1@elegantmicroweb.com',NULL,'$2y$10$DNwzn8vIibT4S5G9UqFv3uvZmU.PoFyr5dkEwho1eDnDnmxCtIOlu',1,'in','546-464-6464','male','25-34',NULL,NULL,0,NULL,'cZ4GcUeqy9c:APA91bEdbgs0CpVGOIEapkFDNZQ4mFT1A2yK1OEGDxlcEkd04jHcANrh5TMH0QvzMztoQox50XAY5nLlsBJJ7YYHC1ndQDZf4W0b51SB3xhZCnB9sXZqbMwM--VfiTS8IOMiEmO9fisQ',2,1,1,0,1,0,'2019-04-10 10:54:40',NULL,NULL,NULL,NULL,NULL,'2019-04-10 10:53:55',NULL),(450,'jay',NULL,'jay.innovius@gmail.com',NULL,'$2y$10$pVz1WWHYv4UegeQbPBsIiO9/AtAxDkqjX0sqUF0luXYeQdVC6F8LS',1,'in','234-234-2342','male','25',NULL,NULL,0,NULL,NULL,1,1,1,0,1,0,'2019-04-11 01:19:12',NULL,NULL,'cus_F1ORT0rxRuT10X',NULL,'2019-05-07 01:37:06','2019-04-11 01:19:01','2019-05-07 01:15:26'),(451,'chinjal',NULL,'chinjal+2@elegantmicroweb.com',NULL,'$2y$10$iilzHV4UbfltPuag7Xhffu/.dMXhobDZOCnm.nEVoJCRnoeZXqvOK',1,'in','546-797-6464','male','25-34',NULL,NULL,0,NULL,'f-4Dprpz-js:APA91bGXgjZIkgACZDDDhx6W_gKlEqIVuVfBKNPqt21dwI0k45XhMrmYzpyCJyTFXX11Hh7erdWfW-TnCeVsIrJyUW1nC1ss4W-H0l4K-a6cxfFvpfQH0ex-LjQZ6iOlleN2ZJt86TO6',2,1,1,0,1,0,'2019-04-11 02:38:34',NULL,NULL,NULL,NULL,NULL,'2019-04-11 02:38:13',NULL),(452,'Rusell',NULL,'ravidubey.mca@gmail.com',NULL,'$2y$10$.BLxGqgeIXeK.cltRj.rkulEOLGzbfWXv16hLO3g3rfar5F8gxPRS',1,'in','854-224-5454','male','25-34',NULL,NULL,0,NULL,'eWCzcUWr8w4:APA91bGG-o2iziwpWm941r_4edZ1IOnqepldEb-hJcHOrqVUZp7u9myFyUJBvgfQkJShu4RUS1stq-TPfUyz_LIW9-ftytSgKJoTav1dSuJMRHiV3V2V8gnmjrFaNj2924l3i3YMAdEB',2,1,1,0,1,0,'2019-04-11 02:53:59',NULL,NULL,NULL,NULL,NULL,'2019-04-11 02:53:42',NULL),(453,'Jinal','panchal','jinal.innovius+2@gmail.com',NULL,'$2y$10$IGsiD1kYVKyG05.oEDkpTuFo6V8YOfoaGvCgPUjymoTxZhVpEgLym',1,'in','654-549-8798','male',NULL,NULL,NULL,0,NULL,NULL,0,0,1,1,1,0,NULL,NULL,NULL,NULL,NULL,NULL,'2019-04-11 03:57:14',NULL),(454,'Jinal','panchal','jinal.innovius+3@gmail.com',NULL,'$2y$10$ODlqsu5GGH4fM62ZfioGfeUQ1xwmoL8svVTmT7bCTQT9dr72SrNbW',1,'in','654-549-8798','male',NULL,NULL,NULL,0,NULL,NULL,0,0,1,1,1,0,NULL,NULL,NULL,NULL,NULL,NULL,'2019-04-11 04:00:16',NULL),(455,'Jinal','panchal','jinal.innovius+4@gmail.com',NULL,'$2y$10$bUgv5JDjuCWonVowFAmCvuvpolYNHDGHZx4UJXtFbVa5KrwBdYQnS',1,'in','654-549-8798','male',NULL,NULL,NULL,0,NULL,NULL,0,0,1,1,1,0,NULL,NULL,'uYuRgSMITjLK4mAfEeyKosRCgwPfB7r9GTdjXfz05rj7JNpF8nL9qbDojxXy',NULL,'103.238.104.38','2019-04-11 04:04:17','2019-04-11 04:03:06',NULL),(456,'chinjal+3',NULL,'chinjal+3@elegantmicroweb.com',NULL,'$2y$10$DEbsfbhECq5JvFS7lPoRV.KxPszmusG7cNpBHKT5XsBQXwGL8fNuG',1,'in','546-767-4577','male','25-34',NULL,NULL,0,NULL,'fI-UnGT2Z_Q:APA91bEe2heYL7iwKP12k3Crh8bMfcTUcH8cYr0yVlrY2JPptCcXtkJoXD3O_WVnVsGZV-qJgejN_PW_G1ldVcu24b94JA2L5JVNW4tygzIgxR7GC3zPyhzrXYZOLp37yhoP9bj6EuFc',2,1,1,0,1,0,'2019-04-11 04:56:17',NULL,NULL,NULL,NULL,NULL,'2019-04-11 04:56:02',NULL),(457,'chinjal+4',NULL,'chinjal+4@elegantmicroweb.com',NULL,'$2y$10$wKzzMGPZhH4/3a9Daop0euHn8BghpXcQuJA7hjotAqMVtCLgRjaLG',1,'in','546-794-8494','male','25-34',NULL,NULL,0,NULL,'ete_fBNqHqA:APA91bFui5WXH8KMZjFcHG-cx4EYbmiboIL51IGak8UGG16fQszAEczH3PEGKbsdF4_nDYtWiYqj_SutzuoGM3gvsVK5BpyadMd1ctg-c0WSAVID6SlU_YuhfiDhrl24e4tdCIR_yNsw',2,1,1,0,1,0,'2019-04-11 07:12:41',NULL,NULL,NULL,NULL,NULL,'2019-04-11 07:12:23',NULL),(458,'chinjal+5',NULL,'chinjal+5@elegantmicroweb.com',NULL,'$2y$10$cmRUMba/32w9NBCgyL4BHOPYHnJ77ZP5oC10es3QuMvzes6/KG8Z.',1,'in','545-467-6757','male','25-34',NULL,NULL,0,NULL,'f2yygcIlHhM:APA91bEgvdjRcz25bCAy5_A9UFTI3QlPvT_BmxWnRpcfVIlov5EBqBjXr_R-V42s08Ah8gfDR00_yfwiDeNSjTD3LR_-XwRSURWQNgvf6IKLD_ku6kJPnK7-SJi_B_w_ZiOG2iOWW3p8',2,1,1,0,1,0,'2019-04-11 07:24:16',NULL,NULL,NULL,NULL,NULL,'2019-04-11 07:24:00',NULL),(459,'Test1435345','232','Testtjay@gmail.com',NULL,'$2y$10$qIlhSQugQVQ6AU55wR0pLO3Ga84bviwjyZ6U7qWWalFDw1IFPcRfy',1,'in','532-234-2342','male',NULL,NULL,NULL,0,NULL,NULL,2,0,1,1,1,0,NULL,NULL,NULL,NULL,NULL,NULL,'2019-04-12 07:39:21','2019-04-12 08:08:05'),(460,'jAyVijay','Vijay','test122121212@gmail.com',NULL,'$2y$10$MUNUNj7a1PL/YszteCY3.uCS4jMYnfFh4hCluoU1JDEHfAxHun4nq',1,'in','423-423-2422','male',NULL,NULL,NULL,0,NULL,NULL,2,0,1,1,1,0,NULL,NULL,NULL,NULL,NULL,NULL,'2019-04-12 07:40:32','2019-04-17 02:49:59'),(461,'demo','demo','demodemo1384+1@gmail.com',NULL,'$2y$10$Anb7f6JSfzSl5M2CZuIwA.57aJEm6cCDIqFJBRh7cf20nz6FLyND6',1,'in','234-234-2342','male',NULL,NULL,NULL,0,NULL,NULL,2,0,0,1,1,0,NULL,'qQAbCckCkQB5gsPMw1XCI8kBaOFp7ZFt8xZFgN0f',NULL,NULL,NULL,NULL,'2019-04-12 08:01:05',NULL),(462,'hum','data','hum@gmail.com',NULL,'$2y$10$dvbV6FHDrjpihA7m.6J/l.P4B6xoTWlg7DQyDxnLjHkijf40UFVNu',1,'in','\"987-456-1214\"','male',NULL,NULL,NULL,0,NULL,NULL,1,0,1,1,1,0,NULL,NULL,NULL,NULL,NULL,NULL,'2019-04-13 01:15:47','2019-04-17 04:47:31'),(463,'abc','bcdsss','abcd@gmail.com',NULL,'$2y$10$n294urWXMKbz8VyOLNMlyuXUFSeiqjRVjEjltqf3ivByBtuY1m1Im',1,'in','987-456-1214','male',NULL,NULL,NULL,0,NULL,NULL,1,0,1,1,1,0,NULL,NULL,NULL,NULL,NULL,NULL,'2019-04-13 02:00:01','2019-04-17 08:35:36'),(464,'carter data','boss','cart@gmail.com',NULL,'$2y$10$554BIygLm4vy3Hjju0ts.e9dypbr4QDLN566ZzZByrlfzm044Unci',1,'in','123-456-7898','male',NULL,NULL,NULL,0,NULL,NULL,1,0,1,1,1,0,NULL,NULL,NULL,NULL,NULL,NULL,'2019-04-13 02:18:22','2019-04-17 04:44:31'),(465,'rest123','hj','jhon@gmail.com',NULL,'$2y$10$WGDY3NKkzj1MoS3diIyZ/uvRyIaUdv6S5tWgC.NC6HvhzDlXSoo6O',1,'in','963-258-7410','male',NULL,NULL,NULL,0,NULL,NULL,1,0,1,1,1,0,NULL,NULL,NULL,NULL,NULL,NULL,'2019-04-13 02:45:29','2019-04-17 03:34:30'),(466,'test',NULL,'testt@gmail.com',NULL,'$2y$10$tdAJxUabVR19RuZ.DDODRe.dhMRitjg.NrgtNuGKkNN5blvytBjAK',1,'in','466-464-6646','male','25',NULL,NULL,0,NULL,'eAkl6B3yg4A:APA91bE0eowHzZOcVA3i91uDZg96CMKFacq1DzegQFNeeG7diPSc38uLTPuM69h4rPFRD9HMI06lc--OcPfW1LmzOMKx9Vb4qCQj8ZfwDnoMc3ln-MVbnJKryoxo5iHrEbanbvzJDF9s',1,1,0,1,1,0,NULL,'idqkueKAqZ8Y8pDYC7rpoPidIWX6mY1zorMBVVtQ',NULL,NULL,NULL,NULL,'2019-04-15 03:12:28',NULL),(467,'gsg',NULL,'yes@gmail.com',NULL,'$2y$10$YeWYCI8vfsT8Mr5JRPl9T.EGrCSBhnlMSKniGyBFPMsR5s64vBy0K',1,'in','646-464-6464','male','25-34',NULL,NULL,0,NULL,'eAkl6B3yg4A:APA91bE0eowHzZOcVA3i91uDZg96CMKFacq1DzegQFNeeG7diPSc38uLTPuM69h4rPFRD9HMI06lc--OcPfW1LmzOMKx9Vb4qCQj8ZfwDnoMc3ln-MVbnJKryoxo5iHrEbanbvzJDF9s',1,1,0,1,1,0,NULL,'7nIWB9Z8ojO26oev9mYw3QG7Zj9qI5gGK89LX9pA',NULL,NULL,NULL,NULL,'2019-04-15 03:13:08',NULL),(468,'gggg',NULL,'g@gmail.com',NULL,'$2y$10$ZFMKF9Jp5sFmAl5dafKKKO/DXo.7DsWuMT4KvOMqDrg/P2U37KAJm',1,'in','566-488-4846','female','34-44',NULL,NULL,0,NULL,'eAkl6B3yg4A:APA91bE0eowHzZOcVA3i91uDZg96CMKFacq1DzegQFNeeG7diPSc38uLTPuM69h4rPFRD9HMI06lc--OcPfW1LmzOMKx9Vb4qCQj8ZfwDnoMc3ln-MVbnJKryoxo5iHrEbanbvzJDF9s',1,1,0,1,1,0,NULL,'HtGXo8qLp73p9dAdzVDou7zWTFCDpn3gd6N1UBns',NULL,NULL,NULL,NULL,'2019-04-15 03:13:56',NULL),(469,'sfygf',NULL,'xhijj@vjhx.xom',NULL,'$2y$10$tfg87lvnRfdaz3aoYUkCN.dlYyA7HbR/sMmsSgCIm5h3dItec3qVS',1,'in','566-89 -9667','female','25-34',NULL,NULL,0,NULL,'eAkl6B3yg4A:APA91bE0eowHzZOcVA3i91uDZg96CMKFacq1DzegQFNeeG7diPSc38uLTPuM69h4rPFRD9HMI06lc--OcPfW1LmzOMKx9Vb4qCQj8ZfwDnoMc3ln-MVbnJKryoxo5iHrEbanbvzJDF9s',1,1,0,1,1,0,NULL,'iJmCnzvQIOzGrktLHQF87L2ewoHyizhAtKkOa10G',NULL,NULL,NULL,NULL,'2019-04-15 03:15:45',NULL),(470,'fff',NULL,'gg@gmail.com',NULL,'$2y$10$u4NJS.xZeyluISs.b7hghe454zieuEVfqEOrLWtT6BGP6fJK29/xC',1,'in','663-633-3366','male','25',NULL,NULL,0,NULL,'cK6alu1CrO8:APA91bGspviR-r-3f-IObpVa_pRMfQUGdbU3kHDy4p3Rwfv2eZgfRdXx3HKMLgVvGMwUZhjemCFAIiSpjv3Eq2F4CuLql7YGAFdyGj4Qi-NfaDqcqvZY0i8Ob82SnwSTEVUH_yKhQYYA',1,1,0,1,1,0,NULL,'t43DsCjknJ5OJI1JXr9WHr27y8rYfKHNginH9geo',NULL,NULL,NULL,NULL,'2019-04-15 03:19:10',NULL),(471,'gyy',NULL,'abc@gmail.con',NULL,'$2y$10$91RIxCL81gly5Dcyf8jYt.f0CF2nlmWqF24cJPs6U0ZB6fgT2SzVS',1,'in','656-565-6466','male','25',NULL,NULL,0,NULL,'cK6alu1CrO8:APA91bGspviR-r-3f-IObpVa_pRMfQUGdbU3kHDy4p3Rwfv2eZgfRdXx3HKMLgVvGMwUZhjemCFAIiSpjv3Eq2F4CuLql7YGAFdyGj4Qi-NfaDqcqvZY0i8Ob82SnwSTEVUH_yKhQYYA',1,1,0,1,1,0,NULL,'cu60mXILokE5wPKRnqNz28qfuLej5XRasam3KGkJ',NULL,NULL,NULL,NULL,'2019-04-15 03:24:35',NULL),(472,'test','test','test@test.com',NULL,'$2y$10$tmuD6QhuKql7Y8oC90I/4.SuwIarxhElHTx3LqyWJ0VlRoVk8e93.',1,'in','456-665-4656','male',NULL,NULL,NULL,0,NULL,NULL,2,0,0,1,1,0,NULL,'C8aKAiWd4g9KSMAHmI6PFPxc7zs47OQomJT5nm3w',NULL,NULL,NULL,NULL,'2019-04-16 03:20:52',NULL),(473,'Aafrin','Julaya','aafrinjulaya3329@gmail.com',NULL,'$2y$10$WwDv37ODJENhEYoa.7Pd.unlWTHYsRi.TolAP3q0/uE1joyHcnkUm',1,'in','985-621-0477','male',NULL,NULL,NULL,0,NULL,NULL,0,0,1,1,1,0,NULL,NULL,NULL,NULL,NULL,NULL,'2019-04-16 03:43:07',NULL),(474,'chinj',NULL,'chinjal+9@elegantmicroweb.com',NULL,'$2y$10$d/JnacHETbOiC4lpcGP3euv8/B5wWNa1NyGYXKbAm7gypPxRKMR7K',1,'in','949-894-9768','male','25-34',NULL,NULL,0,NULL,'c5dhUc4p0Bg:APA91bEdZg3IGS3hHpAEAet9BDU5T9O9FfqkUXMwXkifLRR4aQKtAz_y3BCszgHg5TLuUpq1WhaQXSk_pFIVg2WsNKOcu9iJe_OD4nuApL7aGdX73S3GHw-wKnuPsKZcj72AgujdJrlq',1,1,1,0,1,0,'2019-04-16 04:45:29',NULL,NULL,NULL,NULL,NULL,'2019-04-16 04:45:03',NULL),(475,'test10',NULL,'testacp+10@gmail.com',NULL,'$2y$10$TUUGNecx/.DN0Lokhg8/xehk1okePdTnBSFvsHMdyt/Ri0rlwPgEi',1,'in','546-764-6464','male','25-34',NULL,NULL,0,NULL,'c5dhUc4p0Bg:APA91bEdZg3IGS3hHpAEAet9BDU5T9O9FfqkUXMwXkifLRR4aQKtAz_y3BCszgHg5TLuUpq1WhaQXSk_pFIVg2WsNKOcu9iJe_OD4nuApL7aGdX73S3GHw-wKnuPsKZcj72AgujdJrlq',1,1,0,1,1,0,NULL,'15FnjBpn3I6ZeKo8tL0FAm767pNzCj2K0MRlzFHh',NULL,NULL,NULL,NULL,'2019-04-16 04:54:52',NULL),(476,'test','acp100','testacp100+1@gmail.com',NULL,'$2y$10$2YySyePsuWMCnND01WDM1uy16wgdU1zuZz1oKewvzqBPuaUR96QrS',1,'in','345-345-3453','male',NULL,NULL,NULL,0,NULL,NULL,0,0,1,1,1,0,NULL,NULL,'QtapSlozdpadqjNLaw4MGRuRGF98SmjgpwNfRBL0mILKpgIBAUYrCxp5bD28',NULL,'180.211.99.99','2019-04-22 07:27:16','2019-04-16 04:56:35','2019-04-22 07:36:42'),(477,'test',NULL,'testacp81+1@gmail.com',NULL,'$2y$10$0GJZE.GK/DlR4pT7fihRoexQPpJzW0ASkv9WUYci9q3qFLFJgY9Om',1,'in','646-767-9797','male','44-60',NULL,NULL,0,NULL,'c5dhUc4p0Bg:APA91bEdZg3IGS3hHpAEAet9BDU5T9O9FfqkUXMwXkifLRR4aQKtAz_y3BCszgHg5TLuUpq1WhaQXSk_pFIVg2WsNKOcu9iJe_OD4nuApL7aGdX73S3GHw-wKnuPsKZcj72AgujdJrlq',1,1,1,1,1,0,'2019-04-16 06:28:39',NULL,NULL,NULL,NULL,NULL,'2019-04-16 05:05:39',NULL),(478,'chinjal10',NULL,'chinjal+10@elegantmicroweb.com',NULL,'$2y$10$sPu9Dv94gAPLYGZiFkEcM.cjb5RqYwm/fYxy/LfW74YcQjeyrvAW2',1,'in','686-897-9788','male','25-34',NULL,NULL,0,NULL,'c5dhUc4p0Bg:APA91bEdZg3IGS3hHpAEAet9BDU5T9O9FfqkUXMwXkifLRR4aQKtAz_y3BCszgHg5TLuUpq1WhaQXSk_pFIVg2WsNKOcu9iJe_OD4nuApL7aGdX73S3GHw-wKnuPsKZcj72AgujdJrlq',1,1,0,1,1,0,NULL,'2jPGFSwqdDY5dt9EXW2k2RE0SUpwqag5kocpJU7C',NULL,NULL,NULL,NULL,'2019-04-16 05:18:41',NULL),(479,'chinjal11',NULL,'chinjal+11@elegantmicroweb.com',NULL,'$2y$10$3z7Z1CDIMhmturgSYHpBvOUvYOA27qLDEj0pDx1jqqjuoqfuiKvt6',1,'in','657-648-7649','male','25-34',NULL,NULL,0,NULL,'c5dhUc4p0Bg:APA91bEdZg3IGS3hHpAEAet9BDU5T9O9FfqkUXMwXkifLRR4aQKtAz_y3BCszgHg5TLuUpq1WhaQXSk_pFIVg2WsNKOcu9iJe_OD4nuApL7aGdX73S3GHw-wKnuPsKZcj72AgujdJrlq',1,1,1,0,1,0,'2019-04-16 07:40:47',NULL,NULL,NULL,NULL,NULL,'2019-04-16 05:19:54',NULL),(480,'testa','acp81','testacp81+3@gmail.com',NULL,'$2y$10$4G81yxOk4T.3iuoVchHXFuMHd0mRmO7ZhdFqQyo2GSKx3vEA8sU5e',1,'in','345-345-3543','male',NULL,NULL,NULL,0,NULL,NULL,2,0,0,1,1,0,NULL,'tWRIkikmWqBQYj0mLjLXwh2myS2i4etiozw974Gl',NULL,NULL,NULL,NULL,'2019-04-16 05:21:36',NULL),(481,'tesacp81','81','testacp81+4@gmail.com',NULL,'$2y$10$NH4I6/j35Gvr562t.UmJFe3JrHB9rGXlgg/0WyhktbH1SBdLXcPfq',1,'in','345-345-3534','male',NULL,NULL,NULL,0,NULL,NULL,2,0,0,1,1,0,NULL,'5MU7alyJ1NyieLf0iS6AaSLRrPQwdWSedvJdQCLk',NULL,NULL,NULL,NULL,'2019-04-16 05:22:21','2019-04-16 06:30:12'),(482,'test','acp81','testacp81+5@gmail.com',NULL,'$2y$10$bp6hOMIeMOJUUNuslRpzQu2Ueqk92RIgHOHZdtJ5xEjN4M10Bz5IG',1,'in','234-534-5334','male',NULL,NULL,NULL,0,NULL,NULL,2,0,1,1,1,0,'2019-04-16 06:30:57',NULL,NULL,NULL,NULL,NULL,'2019-04-16 05:25:02',NULL),(483,'testacp100',NULL,'testacp100+13@gmail.com',NULL,'$2y$10$EGXXZ88HP/kDrp.llGgIhuint4MvOwk/Zco0z.NgyCb4ky/3u6CUi',1,'in','679-797-9797','male','25-34',NULL,NULL,0,NULL,'c5dhUc4p0Bg:APA91bEdZg3IGS3hHpAEAet9BDU5T9O9FfqkUXMwXkifLRR4aQKtAz_y3BCszgHg5TLuUpq1WhaQXSk_pFIVg2WsNKOcu9iJe_OD4nuApL7aGdX73S3GHw-wKnuPsKZcj72AgujdJrlq',1,1,0,1,1,0,NULL,'4YOaouOUvf0GJmFWN6EwXYBtuEWvsWMaxB4wE6XZ',NULL,NULL,NULL,NULL,'2019-04-16 05:29:31',NULL),(485,'Test','acp6','testacp81+6@gmail.com',NULL,'$2y$10$eemKQMuS.ZWqsjjbvq/vQuca7jLFBmFB08LbdxbLckK0jTKhbFrqy',1,'in','232-424-2423','male',NULL,NULL,NULL,0,NULL,'dQWAgpeSNpE:APA91bGo2FNmM-LygItg_oq3U7HK7SpixMV17g_wNXD9xt-uAeTBi2Ngvgm6KNI11n0OKbjUuKSSFlYe72zSlSTGsrBmQ_frZ4HSILDeYOYc7nJt9o9OF9qMn6szNGrKPzoht6UIqnx9',2,0,1,0,1,0,'2019-04-16 06:32:12',NULL,NULL,NULL,NULL,NULL,'2019-04-16 06:31:48',NULL),(486,'test','rest','testacp10+7@gmail.com',NULL,'$2y$10$DpCeMPysRcmFu22XQF1w/eNsVvfMLK3qyk7oFWBBFBqcGdiv07dSG',1,'in','349-754-6484','male',NULL,NULL,NULL,0,NULL,NULL,1,0,1,1,1,0,NULL,NULL,NULL,NULL,NULL,NULL,'2019-04-16 07:45:33',NULL),(487,'test',NULL,'chinjal+12@elegantmicroweb.com',NULL,'$2y$10$nrhK0zJ5Ml8GxzsIoFbqiu53StjZJ8nauY5/q59LtK4zSPDOK0xgm',1,'in','646-549-7546','male','25-34',NULL,NULL,0,NULL,'c5dhUc4p0Bg:APA91bEdZg3IGS3hHpAEAet9BDU5T9O9FfqkUXMwXkifLRR4aQKtAz_y3BCszgHg5TLuUpq1WhaQXSk_pFIVg2WsNKOcu9iJe_OD4nuApL7aGdX73S3GHw-wKnuPsKZcj72AgujdJrlq',1,1,0,1,1,0,NULL,'cwevURMUNfs4QOGPTz7kAtIce0MRLQ2oU90ue4oj',NULL,NULL,NULL,NULL,'2019-04-16 07:52:21',NULL),(488,'test',NULL,'chinjal+13@elegantmicroweb.com',NULL,'$2y$10$M5cU6TD/y/KVprIKNjAt1e2uuGF878f9j/kG9G4rTutRL6yjYuTu.',1,'in','646-894-9798','male','25-34',NULL,NULL,0,NULL,'c5dhUc4p0Bg:APA91bEdZg3IGS3hHpAEAet9BDU5T9O9FfqkUXMwXkifLRR4aQKtAz_y3BCszgHg5TLuUpq1WhaQXSk_pFIVg2WsNKOcu9iJe_OD4nuApL7aGdX73S3GHw-wKnuPsKZcj72AgujdJrlq',1,1,0,1,1,0,NULL,'NmgMKHh12VT5HWFyUNbLBP5Y40pfJIcdCMquw7hU',NULL,NULL,NULL,NULL,'2019-04-16 07:54:15',NULL),(489,'test','tse','set@tes.com',NULL,'$2y$10$wwvrzPt4TSmRsevD5SI/3unCq5sqgfnDMR5Hbesr/JOpQGQbDKfLG',1,'in','345-345-3534','male',NULL,NULL,NULL,0,NULL,NULL,2,0,0,1,1,0,NULL,'VjBuGx9z3F7UBi8obgKUxYLbd38G5VWkdkdSOUNz',NULL,NULL,NULL,NULL,'2019-04-16 08:40:38',NULL),(490,'Jinal','Vendor','jinal.innovius+10@gmail.com',NULL,'$2y$10$/6DxAuYzQ.IxjPwkW3Fdjeo4yo67tsWXXVilw5ZiZ2y9lIxw.qRju',1,'in','797-987-9879','male',NULL,NULL,NULL,0,NULL,NULL,2,0,1,1,1,0,'2019-04-16 09:10:17',NULL,NULL,NULL,NULL,NULL,'2019-04-16 09:09:37',NULL),(492,'Jinal p',NULL,'jinal.innovius+15@gmail.com',NULL,'$2y$10$H46xBHi4eh9rUmIFdSSuLOjSLNX6LF8Qj18trt8GVh/i0ECQTvBpu',1,'in','979-878-7897','female','25-34',NULL,NULL,0,NULL,NULL,2,0,0,1,1,0,NULL,'KT5f2OtSxfG8D8Esb90yJaiqaCggfd2ErCa24xj9',NULL,NULL,NULL,NULL,'2019-04-16 09:16:30',NULL),(493,'jinal',NULL,'jinal.innovius+16@gmail.com',NULL,'$2y$10$7w6KmVdvChCAmU2EDYBzruMfEjSFg5m3Fshu6bi3Kv070iHzwOMv.',1,'in','978-798-7879','female','25-34',NULL,NULL,0,NULL,NULL,2,0,0,1,1,0,NULL,'w27xvLIL4Ll2isGSgMzHFFlle3UbkzFYkdwMgU27',NULL,NULL,NULL,NULL,'2019-04-16 09:20:17',NULL),(495,'jinal',NULL,'jinal.innovius+17@gmail.com',NULL,'$2y$10$TcveRzLxtGIuGljtTmLPV.CJSVDba4ievlrteMc2D2hrgsav14B4a',1,'in','978-798-7879','female','25-34',NULL,NULL,0,NULL,NULL,2,0,0,1,1,0,NULL,'uoqf0rcpdtyDhRAExP6h4ZBXsmznQLaHVOaeLC45',NULL,NULL,NULL,NULL,'2019-04-16 09:32:54',NULL),(496,'test','acp81+9','testacp81+9@gmail.com',NULL,'$2y$10$888TxY4U69fp1ZjYcn/ZtuoDsLnA5tbnNVyM9ma.MKS9mZ.hIffHa',1,'in','646-545-6465','male',NULL,NULL,NULL,0,NULL,NULL,2,0,0,1,1,0,NULL,'LPrBR2bSQgNph9WQXPfIBVFkMTN3J17D1rHkdwp9',NULL,NULL,NULL,NULL,'2019-04-16 10:01:57',NULL),(497,'test2442',NULL,'testacp2442@gmail.com',NULL,'$2y$10$gQzU/6cOoJCi/NpZ45a0X.VUyQSpX.NeHH4FcUlAsWc89oeDL1XrO',1,'in','676-898-9898','male','25-34',NULL,NULL,0,NULL,'c5dhUc4p0Bg:APA91bEdZg3IGS3hHpAEAet9BDU5T9O9FfqkUXMwXkifLRR4aQKtAz_y3BCszgHg5TLuUpq1WhaQXSk_pFIVg2WsNKOcu9iJe_OD4nuApL7aGdX73S3GHw-wKnuPsKZcj72AgujdJrlq',1,1,0,1,1,0,NULL,'ZkCCPwKGxYvRoUNZNJ7MjUmYgSRs3H6wDDV1mD8H',NULL,NULL,NULL,NULL,'2019-04-16 10:05:55',NULL),(498,'abcfd','bcd','abcdefdsd@gmail.com',NULL,'$2y$10$BschYxZc3TJ9P2QqQr3fv.ECZ6TihJ3UwtX9HTeL7T/ogfvk4Uiwi',1,'in','\"987-456-1214\"','male',NULL,NULL,NULL,0,NULL,NULL,1,0,1,1,1,0,NULL,NULL,NULL,NULL,NULL,NULL,'2019-04-17 01:44:33','2019-04-17 04:45:36'),(499,'abc','bcd','abcdrf@gmail.com',NULL,'$2y$10$2QuckiqJCaGp4fPZDbLPGOzSi34oksH7kEUkySCEzPXrEqWkEut2O',1,'in','\"987-456-1214\"','male',NULL,NULL,NULL,0,NULL,NULL,1,0,1,1,1,0,NULL,NULL,NULL,NULL,NULL,NULL,'2019-04-17 01:45:17',NULL),(500,'car','life','jhoncartq@gmail.com',NULL,'$2y$10$eLfjh6oFCFP9x3VxpSz//u9Zvh.1P.xSe6JoPE45Ch7rj.W38yC3i',1,'in','987-456-1262','male',NULL,NULL,NULL,0,NULL,NULL,1,0,1,1,1,0,NULL,NULL,NULL,NULL,NULL,NULL,'2019-04-17 01:46:41','2019-04-17 05:03:58'),(501,'just',NULL,'jay.innovius+1@gmail.com',NULL,'$2y$10$VPQ5WSvtK5Vp234vB/uhH.NE79j.64o4zmVsdq6rltvlNB25uVCle',1,'in','424-232-3423','male','25',NULL,NULL,0,NULL,'dYhtEgkfqFQ:APA91bF0ARYipe89iDP-13_Eo3CNu_TfPsZwr3aYCY-8e2m7ADZIY8Lssqtcwmh1RzjCV-5RXUxIAtM8tUx_OMJjsPvrps7IpHzP9kr2kFvTgyiVk6_WL0oUCGr-IVgQMAN_T0dCBfgW',2,1,1,1,1,0,'2019-04-17 01:56:08',NULL,NULL,NULL,NULL,NULL,'2019-04-17 01:54:33',NULL),(502,'Chinjal',NULL,'chinjal+15@elegantmicroweb.com',NULL,'$2y$10$cb41j4loE5s0NBRN.eyfF.8ZCNoM4RxY790GD.TM4Lbswh4sGy3Ve',1,'in','556-895-6497','male','25-34',NULL,NULL,0,NULL,'c5dhUc4p0Bg:APA91bEdZg3IGS3hHpAEAet9BDU5T9O9FfqkUXMwXkifLRR4aQKtAz_y3BCszgHg5TLuUpq1WhaQXSk_pFIVg2WsNKOcu9iJe_OD4nuApL7aGdX73S3GHw-wKnuPsKZcj72AgujdJrlq',1,1,1,0,1,0,'2019-04-17 02:11:17',NULL,NULL,NULL,NULL,NULL,'2019-04-17 02:09:57',NULL),(503,'test',NULL,'chinjal+16@elegantmicroweb.com',NULL,'$2y$10$i7Z8ByJXirvXbpVy1XwequQigXV75fFPjwWb4e9AEMIGl3wIJsvti',1,'in','466-464-5564','male','34-44',NULL,NULL,0,NULL,NULL,2,0,0,1,1,0,NULL,'xG88Yeohq6hEylqG0iT2aYY6TrUDSI8WbY5mS7Z4',NULL,NULL,NULL,NULL,'2019-04-17 04:10:23',NULL),(506,'trdd','rrdf','test@gmail.com',NULL,'$2y$10$i3AUvYt1x6JV2nKF8u/K5uzeNrOSnxbHXjGqJQb3Si54vpeqWxiuS',1,'in','888-885-6665','male',NULL,NULL,NULL,0,NULL,NULL,1,0,1,1,1,0,NULL,NULL,NULL,NULL,NULL,NULL,'2019-04-19 03:41:24',NULL),(528,'xbzbhshs',NULL,'abcdhhhhhh@gmail.com',NULL,'$2y$10$v463MCEar/DiHvqo1yguguONGDwQOdi63UCTtk9YbCv.Zdg3kXC7O',1,'in','564-646-4646','male','25-34',NULL,NULL,0,NULL,'cK6alu1CrO8:APA91bGspviR-r-3f-IObpVa_pRMfQUGdbU3kHDy4p3Rwfv2eZgfRdXx3HKMLgVvGMwUZhjemCFAIiSpjv3Eq2F4CuLql7YGAFdyGj4Qi-NfaDqcqvZY0i8Ob82SnwSTEVUH_yKhQYYA',1,1,0,1,1,0,NULL,'t1xgZhFuQCUxI3TwLUfGah213mASsviI1gx8eQLh',NULL,NULL,NULL,NULL,'2019-04-22 05:40:27',NULL),(529,'Jinal Panchal',NULL,'raj.innovius+89@gmail.com',NULL,'$2y$10$Blg5KpS6erowQHoz1rNghenwsTm3vztmaQtk0uZHU1qxcf9II3nQi',1,'in','7574022303','female','22',NULL,NULL,0,NULL,'sd',1,1,0,1,1,0,NULL,'enjK0T1ORJYRdEzjabZWsCURsJQ6gGe8YshL6ynX',NULL,NULL,NULL,NULL,'2019-04-22 05:41:32',NULL),(530,'chinjal17',NULL,'chinjal+17@elegantmicroweb.com',NULL,'$2y$10$B./Z8ITpp258EfflMGaNZ.b2R099NOFDx/KnHlcHCf8k/ZnkLRXae',1,'in','465-456-6545','male','25',NULL,NULL,0,NULL,NULL,2,0,0,1,1,0,NULL,'MKAB6j4s9ThnBnEGbJaVw8ElF2zyEyI3yT9BD66y',NULL,NULL,NULL,NULL,'2019-04-22 07:48:42',NULL),(534,'Jinal Panchal',NULL,'muzammil.innovius+14@gmail.com',NULL,'$2y$10$FbGta/YcRuPyPrs.oaAn8uhOFAKx5yavf9VdhaF4VBZzevr.0Xa3K',1,'in','7574022303','female','22',NULL,NULL,0,NULL,'sd',1,1,1,1,1,0,'2019-04-22 09:03:58',NULL,NULL,NULL,NULL,NULL,'2019-04-22 09:03:34',NULL),(538,'ert','er','asaa@gmail.com',NULL,'$2y$10$fVHI3Qj3aF3pdjjRjdpHuuAqy/f7ILD4ZEYU8rzpCIzJ2MlG2ZhrC',1,'in','908-574-1200','male',NULL,NULL,NULL,0,NULL,NULL,2,0,0,1,1,0,NULL,'EmbBBFLMM22o6Z8538LEAccearkrkzBRhDF9IFv4',NULL,NULL,NULL,NULL,'2019-04-23 01:57:33',NULL),(550,'Chinjal Modi',NULL,'chinjal+18@elegantmicroweb.com',NULL,'$2y$10$qw1l2U9GWhVh/nCbYmoEUeSJBoUlaPaDutS1nake7U/EqupXxGUtO',1,'in','986-594-6649','male','25-34',NULL,NULL,0,NULL,'eZ-cIb1xb8I:APA91bFCAUsgIrUlaojyYJb6K2YxHCP3eqonXZs6jTBzWkrM47u45-CIuMSSYL4sRhT7VfLC09xJSB8gZmdKaUVyuc5nxzGS1l3MHOPAAv97D2PQkQkveW-YhUAeZLFB-SGepsTUI2cb',1,1,1,0,1,0,'2019-04-24 01:26:59',NULL,NULL,NULL,NULL,'2019-04-25 02:27:23','2019-04-24 01:26:19','2019-04-24 07:42:50'),(551,'Test','Acp10','testacp10+1@gmail.com',NULL,'$2y$10$j/VV/P1ZtR4m9E/bUT13Q.fue4jXKahk9.k/IEFACoYHuqceT1Gl.',1,'in','464-564-6464','male',NULL,NULL,NULL,0,NULL,NULL,1,0,1,0,1,0,'2019-04-24 01:44:39',NULL,NULL,NULL,NULL,'2019-04-25 03:48:21','2019-04-24 01:43:48','2019-04-24 04:44:13'),(552,'test','acp100+2','testacp100+2@gmail.com',NULL,'$2y$10$IEstaDgtrPjDRefCftJLkeTzxUK2jKqZTmwUQ7jRqyYNErfVlHJBu',1,'in','645-646-5465','male',NULL,NULL,NULL,0,'566545',NULL,2,0,0,1,1,0,NULL,'byXdcIo9pD88DuTU6EcEFLLR800v5yqI1lb25PQV',NULL,NULL,NULL,NULL,'2019-04-24 01:54:31',NULL),(553,'Tenant83+1',NULL,'testacp83+1@gmail.com',NULL,'$2y$10$vcFGD9PUFyd2kJBbsB1evun5rWf64ZXPZ8MBg/PjergnjCn5jS.I.',1,'in','545-646-4654','male','25-34',NULL,550,0,NULL,NULL,2,0,0,1,0,0,NULL,'uVoh89DDV5duZqq44nTvsTDzhR4sf5py01SIoiWX',NULL,NULL,NULL,NULL,'2019-04-24 02:01:39','2019-04-25 07:12:56'),(555,'chinjal19',NULL,'chinjal+19@elegantmicroweb.com',NULL,'$2y$10$NLiAyNaLY.10DrAVpnnyRO5B9ixy3DknIXoOR0S/5SUO2wQR4lr3.',1,'in','545-461-9485','male','25-34',NULL,NULL,0,NULL,'fIRx0LaERAQ:APA91bFU02QVGOPKIAft2i5ikawQWuzRpIUwIXWV_AuxF3Bi9sFo1EcTueb0VMv8zTDqX4jn4oOalJUSPSAhwPTVECKS0jgsBEgyGW4XZASTCkpn-m9aehun8B7uvthJZuq7y5vsmLHF',0,1,1,0,1,0,'2019-04-24 02:55:07',NULL,NULL,NULL,NULL,NULL,'2019-04-24 02:54:15',NULL),(556,'chinjal20',NULL,'chinjal+20@elegantmicroweb.com',NULL,'$2y$10$oV8uu6V4L4cjiyMrxWWSVuGNhW98Q6f3fNt9V1ZKtxYE6FSuTUxW6',1,'in','643-465-2768','male','34-44',NULL,NULL,0,NULL,'d_z8mNUsIjY:APA91bG2uaahs_jZa0sMaSb86CMz872TLgd_eEvguViMllhHwU3Ry1KTsv94IfyjCaiSjr1nDcA-JJPyaIMg7FYTFlWuIYHh8dK6NZF0PDseEhF_f0tRzDG9Hbh0fEy7Y6ATa67ihyV1',1,1,1,0,1,0,'2019-04-24 03:58:44',NULL,NULL,NULL,NULL,NULL,'2019-04-24 03:58:04',NULL),(557,'Test','acp10+2','testacp10+2@gmail.com',NULL,'$2y$10$aH6.5f59jubzUAjhNY2Dh.pcNePpl6fv1C5claWMyjqc73L8jOrKy',1,'in','545-645-6464','male',NULL,NULL,NULL,0,NULL,NULL,1,0,1,0,1,0,'2019-04-24 05:14:37',NULL,NULL,NULL,NULL,'2019-04-29 03:17:27','2019-04-24 05:12:57',NULL),(558,'test','emp 10','testacp10+3@gmail.com',NULL,'$2y$10$xVoK1B3ehb/mhH9U8Vjz1es7hQi80.Hjue/Hi9T1coNbJXn/lvSru',1,'in','152-165-4556','male',NULL,NULL,NULL,0,NULL,NULL,2,0,0,1,0,0,NULL,'XXguWCEfj8ekVvmovHcK6BPQzzIwwoEYp45PjzRs',NULL,NULL,NULL,NULL,'2019-04-24 10:16:58','2019-04-25 07:13:57'),(560,'test4','acp10+4','testacp10+4@gmail.com',NULL,'$2y$10$mY.BcKOgzZ2OjfuZ3Ix5gOYlrbRmATz/wuXkorx.BSbufo2zYxRW6',1,'in','546-556-6554','male',NULL,NULL,NULL,0,NULL,NULL,1,0,1,0,1,0,'2019-04-25 05:25:58',NULL,NULL,NULL,NULL,'2019-04-29 07:43:48','2019-04-25 05:25:23','2019-04-29 02:30:19'),(561,'chinjalModi22',NULL,'chinjal+21@elegantmicroweb.com',NULL,'$2y$10$HkJPz7ukUGslYsj.2vFKfeRwXwTvGM1jzxieEVDhiICkqXuxZJ9Aa',1,'in','545-454-5454','male','25-34',NULL,NULL,0,NULL,NULL,1,1,1,0,1,0,'2019-04-25 05:29:04',NULL,NULL,NULL,NULL,'2019-04-29 05:25:52','2019-04-25 05:28:51',NULL),(562,'test',NULL,'chinjal123@mailinator.com',NULL,'$2y$10$2WeX5WEfPVjlwLrHnLt55e88.9yeJZCpyWB2q9.KaZTrk0n2OGKKq',1,'in','446-546-6545','male','25',NULL,NULL,0,NULL,NULL,2,0,0,1,1,0,NULL,'SMqmOPDBlpY6nKuEg6B0Q8RibT7gV1cVuawsQ80f',NULL,NULL,NULL,NULL,'2019-04-25 06:30:01',NULL),(563,'test','test','test4456@gmail.com',NULL,'$2y$10$696L5nUjuhzDb24LJpF5o.m4uA6Wa65xx9ki462FSX4pJnYJnkTSu',1,'in','546-546-5454','male',NULL,NULL,NULL,0,'544646',NULL,2,0,0,1,1,0,NULL,'Kkzg7zbNOw3Mh4CmiKyBJ2pX5kodIFtN9wH4wle1',NULL,NULL,NULL,NULL,'2019-04-25 07:52:24',NULL),(564,'test','34','test34@gmail.com',NULL,'$2y$10$qIv9C9Q1GtD7Zzj7TXgqPOtvKUhlcYAduJ53/v6le9LmkNGvdc/eG',1,'in','446-645-6456','male',NULL,NULL,NULL,0,'564656',NULL,2,0,0,1,1,0,NULL,'9a3Z864D9zSDTDtOnYBgTpWmcmwuvLAsHwU1ofSs',NULL,NULL,NULL,NULL,'2019-04-26 01:06:30',NULL),(565,'emp3','45','emp345@gmail.com',NULL,'$2y$10$.uPhkKYk8yZdS8QCTqe7L.NCxUT4cjkTXmXNWXqo7VnLKbnVK7Wja',1,'in','454-654-6546','male',NULL,NULL,NULL,0,'545645',NULL,2,0,0,1,1,0,NULL,'NyXxLYHFi5utTr9vVWrKaMTOjoqIsoN1qJHs8mkx',NULL,NULL,NULL,NULL,'2019-04-26 01:06:57',NULL),(566,'emp56','78','emp5678@gmail.com',NULL,'$2y$10$DwugXs0nUa1gFYE8Dg/FYuSNoyAwBx860afMWQCPRDW7tq5IK9fg2',1,'in','564-546-4654','male',NULL,NULL,NULL,0,'465465',NULL,2,0,0,1,1,0,NULL,'2OP11A1ovXKTh8sl6W6rm7pcGfzXJA84zxbPqqgZ',NULL,NULL,NULL,NULL,'2019-04-26 01:07:43',NULL),(567,'emp','553','emp553@gmail.com',NULL,'$2y$10$vgvMUfFNkpb2CmcE/Ydip.GSIBF0c1eI9BFEcvWKjbNDhjs4lHqnu',1,'in','464-546-5466','male',NULL,NULL,NULL,0,'654556',NULL,2,0,0,1,1,0,NULL,'9l5ors7ybZy9w5wXgXCE9UK4Si44SA3fwgNtPpMw',NULL,NULL,NULL,NULL,'2019-04-26 01:08:16',NULL),(568,'emp56','3q','emp345q@gmail.com',NULL,'$2y$10$e.ABZ2EQ07xP/m7mAe/woOd5n0EW9Nvyi1bYHGAvdUSfo4oaY9UpG',1,'in','324-234-2342','male',NULL,NULL,NULL,0,'645644',NULL,2,0,0,1,1,0,NULL,'ECXxoOfwc3c82L6AqSew4KtP1j5T3q3Vycsz35Ue',NULL,NULL,NULL,NULL,'2019-04-26 01:08:54',NULL),(569,'emp','3','testacp10+5@gmail.com',NULL,'$2y$10$WS9QY7lcOrdBK3YhAHLWHOL13f1M5cHtxWhecAp0lMs8PPySuLFZC',1,'in','464-646-5464','male',NULL,NULL,NULL,0,'445464',NULL,2,0,0,1,1,0,NULL,'tw3NhqCLA2CrlKJ7tO6TC3K3Kr6U7ROcMR9KiUmN',NULL,NULL,NULL,NULL,'2019-04-26 09:45:05',NULL),(570,'test66666','test','test34242@gmail.com',NULL,'$2y$10$TQSYBWLkktLH24KzJAo4X.kmua.yOcdvaFF/fZWyYi1ebwTTVkRLG',1,'in','554-654-4646','male',NULL,NULL,NULL,0,NULL,NULL,2,0,0,1,1,0,NULL,'RDHO7bO8eSLj0BbjTwSBCfQMTwQf1hh5zedEOyEw',NULL,NULL,NULL,NULL,'2019-04-26 11:03:43',NULL),(572,'Alex',NULL,'alex@gmail.com',NULL,'$2y$10$rj6.jI8JPoIY8jF1T8Yrve8l.qb8Vo9KPFuWuxw31y.54ESmsbOsi',1,'in','985-003-2145','female','25',NULL,571,0,NULL,NULL,2,0,0,1,1,0,NULL,'sBPyfsQQOfGaC4WzuQYUsUrFP4X8h2ml1j3KCSbU',NULL,NULL,NULL,NULL,'2019-04-27 02:41:31',NULL),(577,'raja hasana','haha','abcc@gmail.com',NULL,'$2y$10$Orn6pFdPSr0zMzwJtvkKouT3Ju2rCaJsWilfWGiES3XISIEv4T52e',1,'in','646-464-6466','male',NULL,NULL,NULL,0,NULL,NULL,1,0,1,1,1,0,NULL,NULL,NULL,NULL,NULL,NULL,'2019-04-27 05:04:22',NULL),(579,'John cina','cart','hh@gmail.com',NULL,'$2y$10$LtcOq9kpGZ8QfbuIQVj/xuJ8UXyB42DtJxfwQSyf82kd/lED6nJ9.',1,'in','464-664-6464','male',NULL,NULL,NULL,0,NULL,NULL,1,0,1,1,1,0,NULL,NULL,NULL,NULL,NULL,NULL,'2019-04-27 05:11:33',NULL),(584,'demo60',NULL,'demodemo1384+60@gmail.com',NULL,'$2y$10$CJFmpWtb9uvVLQUwlTRrFu.mk8zZRN88UppkNG/7lIb8xYY9PpgX.',1,'in','907-546-4166','female','44-60',NULL,NULL,0,NULL,'a',1,1,1,0,1,0,'2019-04-29 02:12:46',NULL,NULL,NULL,NULL,NULL,'2019-04-29 02:11:26',NULL),(585,'Chinjal23',NULL,'chinjal+23@elegantmicroweb.com',NULL,'$2y$10$tC4mNBQOuMwiLX.MHDz6F.Bg3uaPgefk/7tFbwsgufPIrmlKyKz4q',1,'in','646-779-7679','male','34-44',NULL,NULL,0,NULL,NULL,1,1,1,0,1,0,'2019-04-29 04:21:28',NULL,NULL,NULL,NULL,'2019-04-29 05:34:33','2019-04-29 04:21:09',NULL),(586,'Test6','acp','testacp10+6@gmail.com',NULL,'$2y$10$cB7WVOtB7AJxYZNwg9Q6BOhDrje31TgcIrOHELVEp.bFgCssxF43K',1,'in','546-546-4646','male',NULL,NULL,NULL,0,NULL,NULL,1,0,1,0,1,0,'2019-04-29 04:25:35',NULL,NULL,NULL,NULL,'2019-04-29 10:29:25','2019-04-29 04:24:57','2019-04-29 04:25:14'),(587,'test8','acp','testacp10+8@gmail.com',NULL,'$2y$10$dF3CtzBPd3nPijLDU9DH8e16gWlx0t7B7DX4Q.cqk3KlQ84IKqT0u',1,'in','455-455-6464','male',NULL,NULL,NULL,0,'446546',NULL,2,0,1,1,1,0,NULL,'LLvdyhsIHPc0Hl3OcxZLpYxHZQx4N5KJHdXsQbiD',NULL,NULL,NULL,NULL,'2019-04-29 04:26:33',NULL),(589,'Chinjal24',NULL,'chinjal+24@elegantmicroweb.com',NULL,'$2y$10$pKtPDo8lIYPcho/WUHlVDO5q9oTfakgoTfllJCDgj7ATgTMTBRFIi',1,'in','542-464-6494','male','34-44',NULL,NULL,0,NULL,'fcMJGL1ZUEY:APA91bFvINjsYYThU-rtL9bSF0xIBsYX0KTl0IqO00AsBR5iU12HJtfPvlCDgDyieF3T2NcLb8d-XwqUyvRAFOenolct0bzRNlwj4_sgXdYRH9ontDCdPb_qMQPgQrodlHW2neUCGaeT',1,1,1,0,1,0,'2019-04-29 05:37:20',NULL,NULL,NULL,NULL,'2019-05-01 08:11:05','2019-04-29 05:36:58',NULL),(590,'Test9','acp','testacp10+9@gmail.com',NULL,'$2y$10$bmrfRptSycsrf8jgFqikKOTi6CDH8w2Tw93jqVDFwjdF1mPphXlKW',1,'in','466-654-6546','male',NULL,NULL,NULL,0,NULL,'dCQIYLlt5Ds:APA91bE74496EjtHllJnXe-y2nWo3rz61sorY2B7npJTM5eRmV_PsOBMokQ0HS9HMGAyYkLfQ1OrATuCo4kVM8qoWDokTVQUJJkyK6oBngd4fK_tgzDqw3Po15tt0cru0xRzkVSrkDJk',2,0,1,0,1,0,'2019-04-29 05:48:24',NULL,NULL,NULL,NULL,NULL,'2019-04-29 05:39:33',NULL),(591,'test10','acp','testacp10+10@gmail.com',NULL,'$2y$10$SleP/rCcblxrdc73kWNn/O3ya95bLdAJJCjNseWzN9R6Rfn3sztbe',1,'in','234-345-3453','male',NULL,NULL,NULL,0,'345345',NULL,2,0,1,1,0,0,NULL,'O4chUnBpuHvzFzH9Nur0pvBra9Yxc4Icj0PDuJE9',NULL,NULL,NULL,NULL,'2019-04-29 05:56:14','2019-04-29 08:21:34'),(593,'chinjal25',NULL,'chinjal+25@elegantmicroweb.com',NULL,'$2y$10$4aH11YYbFkKT1XmWkIjM1eDxu.HfvDN8Erd8KmaQCU3xQi1u6IZym',1,'in','646-794-6469','male','25-34',NULL,NULL,0,NULL,'dFGQKdmi9Sc:APA91bHOp1NN66_Z15jtdq5lc0lyJfmjbCTfSRuuYpFDq3Z5LceZD34r3ZZi-ln8aqyqQRPUHtYPeD064StdrDr4IDon5VifhmxMmh20aU7SA_IjOozFL0ms8JYgpvg-cBzm5JXegQPY',1,1,1,0,1,0,'2019-04-29 09:17:59',NULL,NULL,NULL,NULL,'2019-04-30 01:52:56','2019-04-29 09:17:35',NULL),(594,'test11','acp11','testacp10+11@gmail.com',NULL,'$2y$10$L0pOyh5clIUl7xdXpldzeOCQXU/U.DWsQsi9MqZz6OpJR8TwC4Ahq',1,'in','234-345-3453','male',NULL,NULL,NULL,0,NULL,'ev-PEs2iHVk:APA91bHp0cwPMEgwHriZTgMZAdkt9zzXkcVibpX2HFTVWfknNCDN30vX_ZOAInJaQv8IVUL0f9YrtfO12tHGJw6bJtxrPPpXAvCa6mbjhPTjE90P4iVoV-20tLZQx1SMIAb9m53FqVDx',1,0,1,0,1,0,'2019-04-29 09:19:45',NULL,NULL,NULL,NULL,'2019-05-01 06:11:41','2019-04-29 09:19:24',NULL),(595,'test3','emp','testemp3@gmail.com',NULL,'$2y$10$cM4QPyqdMmly0pKqZtlJO.qE3mQA/mrmHUY43a7q0Fmkf620Dxpg.',1,'in','342-423-4234','male',NULL,NULL,NULL,0,'324242',NULL,2,0,1,1,1,0,NULL,'1VSc66wHRMjdwHwMsa6ppwSEPJT9Q9dDjIr4DsBB',NULL,NULL,NULL,NULL,'2019-04-29 10:05:54','2019-04-29 10:07:18'),(596,'chinjal26',NULL,'chinjal+26@elegantmicroweb.com',NULL,'$2y$10$4G.Vuc.ha7m8/W8F51uF.eMpe8tXTL8PZhJJSYRX/ExgINj0EBIFO',1,'in','246-648-4499','male','25-34',NULL,NULL,0,NULL,NULL,1,1,1,0,1,0,'2019-04-29 10:27:13',NULL,NULL,NULL,NULL,'2019-05-01 08:28:36','2019-04-29 10:16:22',NULL),(597,'test12','acp12','testacp10+12@gmail.com',NULL,'$2y$10$1eDMqkehYw.Gm.g4pKQnO.umcwKaH4e8dd84pZbBl2f/f61orC.bu',1,'in','342-342-3424','male',NULL,NULL,NULL,0,NULL,NULL,1,0,1,0,1,0,'2019-04-29 10:36:37',NULL,NULL,NULL,NULL,'2019-05-01 06:15:13','2019-04-29 10:32:42','2019-04-29 10:36:27'),(598,'tetstemp43','34','testemp234@gmail.com',NULL,'$2y$10$b5FARv4KsjgVPrvpL4ldiuUmZBCmtUv8oD6iYiUqc7N7wAnRJs8ni',1,'in',NULL,'male',NULL,NULL,NULL,0,NULL,NULL,2,0,1,1,0,0,NULL,'OkKu344wgxJeCbR0mWhgbVHGSxX3ZNxxyBba4CN5',NULL,NULL,NULL,NULL,'2019-04-29 10:33:22','2019-04-29 10:38:23'),(599,'chinjal27',NULL,'chinjal+27@elegantmicroweb.com',NULL,'$2y$10$UrdsT1pdo.fcO4.e5SRdOOr.78p7oow3Tzkwc4beh.kU6l/GBS23S',1,'in','316-764-6794','male','25-34',NULL,NULL,0,NULL,'ey_OT5dzsCM:APA91bF_7BP_AZ4vumLHT6Xs7hNGmhP5h7k7t4VX7fCSq_3WdZdOoEOSMySsFfIq9Tf8mGx10sSWfk4GvWJIF60Gl4jt-M4IzQL5SivFEEkU4DzqVl4JvMhDeOMkGEGPZw9fzMUF_CMi',1,1,1,0,1,0,'2019-04-30 02:26:58',NULL,'6XUcSjB0k3XoKtZn47OopViaU656lhhOIiicDveJjR9BruXuGfLK35DdDhKI',NULL,'180.211.99.99','2019-05-06 02:12:31','2019-04-30 02:06:21','2019-05-07 08:05:50'),(600,'test13','acp','testacp10+13@gmail.com',NULL,'$2y$10$XN3wTG86iA.nCYRczSjTm.hRsovalKMAiMDM29BCw0aMMn8F64q6C',1,'in','234-534-5353','male',NULL,NULL,NULL,0,NULL,NULL,2,0,1,0,1,0,'2019-05-01 07:18:39',NULL,NULL,NULL,NULL,'2019-05-02 03:20:47','2019-05-01 07:17:55','2019-05-07 07:21:36'),(601,'testemp14','acp','testacp10+14@gmail.com',NULL,'$2y$10$5Z5vGXUhkB2/.Ej7of82nu66sqmyqBz2zupCqp4exz86Qr1Z4spiW',1,'in','324-234-2342','male',NULL,NULL,NULL,0,'325345',NULL,2,0,1,1,1,0,NULL,'Q2WNk52ZWEDiNw0v0NOWlfwUgZgPlJJqctI8H5Tp',NULL,NULL,NULL,NULL,'2019-05-01 07:19:36',NULL),(602,'abc',NULL,'testwer@gmail.con',NULL,'$2y$10$WIEqmtQGtNs5R/IWZsZOkuST0P2acsnfQdn15wSvWTljpL6Q14VhG',1,'in','399-966-9969','male','25',NULL,NULL,0,NULL,'eiT1TPVlp44:APA91bGmrpVZA7uKtyhBFEpDLES0HKV73BlQTE7yPtY1r7hLb2ktKEX8Zi3Wxht13vuB8ue-TMpL3QmgKG9YFUAr3-YyFSZSV3kX-IKJXOhzjg71L-9c6Qxrn4Ho118SY9N9E0oTblDi',1,1,0,1,1,0,NULL,'C0MZeSzVTTcK7LYM2ZSaYMvDgzWoGUV5jfgHWWnY',NULL,NULL,NULL,NULL,'2019-05-07 01:28:44',NULL),(603,'Julaya','Afrin','aafrin.innovius@gmail.com',NULL,'$2y$10$NAPZnPTWoXXxy/HSKwX6ruag0MVjYf9ciKdKXViUVuWZYmGGvrRgC',1,'in','985-621-0000','male',NULL,NULL,NULL,0,NULL,'c5F5yRwbmbA:APA91bGc7mWUwQWvRPJIzLCY8M30PjDZnkretNR0U0MPvzWTh5GjGAa820vyp5hxWdTmXMHCKeCX8YZ-tD4Fwr9xO7Er0m8Epr9b4pDJb-v5c1WyYXQgLAkWwusISUMexiGE5Tdh9R3Y',1,0,1,0,1,0,'2019-05-07 08:08:05',NULL,NULL,NULL,NULL,NULL,'2019-05-07 08:07:13',NULL),(604,'Azra',NULL,'tuser9556@gmail.com',NULL,'$2y$10$90r976FJ5HpYX4gCBOLUFelU0i0zQFLFfGtT0fsHO0n4sBMmDh0rq',1,'in','908-880-4084','female','44-60',NULL,NULL,0,NULL,'daEHq61ibFo:APA91bH4qWsdyrXDB2XHcFRx-C3usftEFlQjvXGqV33Mw_sU-mWl5w-0YkCNkkdBH1bdG6uDCMvn2qLVsZxFY6HlxUcB0QdcmjeuItKHGGSskHaOtu3sLM-otDF4BSFaxS-9G86Z0o1r',1,1,1,0,1,0,'2019-05-07 08:10:15',NULL,NULL,'cus_F1V90AJEHKTXJs',NULL,NULL,'2019-05-07 08:09:06','2019-05-07 08:11:33'),(605,'tset','tset','test332@gmail.com',NULL,'$2y$10$EWHKQScPTkdauzcYr4Aut.OLXLuM6INxO9wn5tOv.YZH2sybQlrOi',1,'in','324-234-2342','male',NULL,NULL,NULL,0,NULL,NULL,2,0,0,1,1,0,NULL,'gMDVtXXqnCxNBJouXwNGo5DGFoLP5QFuYDOpHqzA',NULL,NULL,NULL,NULL,'2019-05-07 08:33:25',NULL);
/*!40000 ALTER TABLE `users` ENABLE KEYS */;
UNLOCK TABLES;
/*!40103 SET TIME_ZONE=@OLD_TIME_ZONE */;

/*!40101 SET SQL_MODE=@OLD_SQL_MODE */;
/*!40014 SET FOREIGN_KEY_CHECKS=@OLD_FOREIGN_KEY_CHECKS */;
/*!40014 SET UNIQUE_CHECKS=@OLD_UNIQUE_CHECKS */;
/*!40101 SET CHARACTER_SET_CLIENT=@OLD_CHARACTER_SET_CLIENT */;
/*!40101 SET CHARACTER_SET_RESULTS=@OLD_CHARACTER_SET_RESULTS */;
/*!40101 SET COLLATION_CONNECTION=@OLD_COLLATION_CONNECTION */;
/*!40111 SET SQL_NOTES=@OLD_SQL_NOTES */;

-- Dump completed on 2019-05-07 12:43:52
